dataset,seed,pipe,M1_nll,M2_mmd,M3_marg_w1,M4_c2st,acc,f1,ece
adult,42,mean,0.3435470759868622,0.009352158529278,0.423661522946387,0.4805641154847504,0.8290598290598291,0.7294172062904718,0.0340418222477439
adult,42,mean+zscore,0.3435386419296264,0.0093521586124157,0.4236615233513414,0.4805641154847504,0.8315018315018315,0.7345256215119229,0.029235620929499
adult,42,mean+winsor,0.3619834780693054,0.0139020481464414,0.4084850412471118,0.479429583214687,0.818070818070818,0.7071806500377928,0.031261277650011
adult,42,mean+winsor+zscore,0.3611610531806946,0.0139020481464414,0.4084850412471118,0.479429583214687,0.8192918192918193,0.708439971520388,0.0302374614027393
adult,42,mean+winsor+yeojohnson,0.3591985404491424,0.0132982841284616,0.3997567898259554,0.4801511517018232,0.8192918192918193,0.708439971520388,0.0308984117775755
adult,42,mean+winsor+yeojohnson+zscore,0.3589091002941131,0.0132982841283779,0.3997567898257109,0.4801511517018232,0.818070818070818,0.7071806500377928,0.0316768220201662
adult,42,mean+quantile,0.3462455570697784,0.0036461282658429,0.3592642848761547,0.4766784791204816,0.8229548229548229,0.7150415721844293,0.0419602792196075
adult,42,mean+quantile+zscore,0.3478412926197052,0.0036461281931867,0.3592642832382514,0.4766784791204816,0.8241758241758241,0.7176889637871273,0.0364593430462046
adult,42,mean+winsor+quantile,0.3649746477603912,0.0165712536584199,0.4720634691012479,0.4806863646912487,0.8168498168498168,0.7073327615780446,0.0232392504392817
adult,42,mean+winsor+quantile+zscore,0.3651714026927948,0.0165712536584199,0.4720634691012479,0.4806863646912487,0.8131868131868132,0.6993197278911565,0.0320246026047274
adult,42,median,0.3463866710662842,0.0095833491405639,0.4531500165832525,0.478935119960761,0.833943833943834,0.7346483704974272,0.0252371782639378
adult,42,median+zscore,0.3458763062953949,0.0095833490403679,0.4531500167310499,0.478935119960761,0.833943833943834,0.7346483704974272,0.0216645280374566
adult,42,median+winsor,0.3655351996421814,0.0345348077004271,0.4744295811000621,0.4769930472006174,0.8266178266178266,0.7229416809605489,0.0342134900291032
adult,42,median+winsor+zscore,0.3644665479660034,0.034534807700427,0.4744295811000621,0.4769930472006174,0.8253968253968254,0.7203222871498267,0.0328378306931482
adult,42,median+winsor+yeojohnson,0.3646840155124664,0.0340525843327366,0.4682276217031029,0.477555592329707,0.8241758241758241,0.7176889637871273,0.0305932303196926
adult,42,median+winsor+yeojohnson+zscore,0.3648070096969604,0.0340525843327369,0.468227621703103,0.477555592329707,0.8278388278388278,0.7255472821863242,0.0322531999540271
adult,42,median+quantile,0.3572374880313873,0.0077649810339543,0.4505210421020479,0.4770169007043245,0.8363858363858364,0.7468910865514125,0.0201585267344091
adult,42,median+quantile+zscore,0.3580979108810425,0.0077649805692412,0.4505210434910811,0.4770169007043245,0.8315018315018315,0.7381567973311092,0.0165365411830617
adult,42,median+winsor+quantile,0.3691111207008362,0.0425624341758442,0.5347130398965747,0.477598826805176,0.8229548229548229,0.7136536258966786,0.0288561536715581
adult,42,median+winsor+quantile+zscore,0.3688840270042419,0.0425624341758442,0.5347130398965747,0.477598826805176,0.8205128205128205,0.7124991343428289,0.0312402824779133
adult,42,knn,0.3683836758136749,0.0076066889811513,0.403411165311161,0.4822085163965506,0.8217338217338217,0.7151372212692968,0.0268151220093425
adult,42,knn+zscore,0.367020308971405,0.0076066893796755,0.4034111667265229,0.4822085163965506,0.8156288156288156,0.7032501889644747,0.0332294945606236
adult,42,knn+winsor,0.3819172382354736,0.0222521162348721,0.413398948236615,0.4783531938599093,0.8083028083028083,0.6868877249117885,0.030370048623673
adult,42,knn+winsor+zscore,0.3812146186828613,0.0222521166237732,0.4133989481646654,0.4783536908079032,0.8144078144078144,0.6976097940147687,0.023820540261647
adult,42,knn+winsor+yeojohnson,0.3829455971717834,0.0342647652978952,0.4284479239100269,0.4805621276927748,0.8070818070818071,0.684107997265892,0.0307279254636194
adult,42,knn+winsor+yeojohnson+zscore,0.382698118686676,0.0217481607120003,0.4037056708063078,0.4795935760526725,0.8131868131868132,0.6933387499785864,0.0243051827899993
adult,42,knn+quantile,0.3761634826660156,0.005371880826277,0.3920016152860106,0.4798251538178278,0.818070818070818,0.7113448151065506,0.032217354928763
adult,42,knn+quantile+zscore,0.3761367499828338,0.0053718808572881,0.3920016177003678,0.4798251538178278,0.8168498168498168,0.7087205993930197,0.0410491942049382
adult,42,knn+winsor+quantile,0.3835907876491546,0.0439618215212573,0.5018182322014845,0.4775685129775484,0.8192918192918193,0.7041011619958988,0.0368829180323888
adult,42,knn+winsor+quantile+zscore,0.3829241693019867,0.0439618215212573,0.5018182322014845,0.4775685129775484,0.8131868131868132,0.6948651077165837,0.0299530147196172
adult,1,mean,0.3389349281787872,0.0087853933169053,0.4280182697539559,0.4904911486108067,0.8290598290598291,0.7319224150830466,0.0258946386012402
adult,1,mean+zscore,0.3392859399318695,0.0087853935850888,0.428018272361334,0.4904911486108067,0.8290598290598291,0.7319224150830466,0.0222429615674001
adult,1,mean+winsor,0.3679443001747131,0.0126354923336481,0.4049178067277662,0.4995798304711613,0.8131868131868132,0.7116495806150979,0.0259799410717536
adult,1,mean+winsor+zscore,0.3660308122634887,0.0126354923336481,0.4049178067277662,0.4995798304711613,0.8095238095238095,0.7040033361134279,0.0269801896861475
adult,1,mean+winsor+yeojohnson,0.3674601316452026,0.0308048027425004,0.4608772087752868,0.4997035705216413,0.8083028083028083,0.6944037113705881,0.0340324808389712
adult,1,mean+winsor+yeojohnson+zscore,0.3661399483680725,0.0119450988590563,0.3963948207499736,0.4982256471877961,0.8144078144078144,0.7115929941618016,0.0309403941890404
adult,1,mean+quantile,0.3403088450431824,0.0034991223907274,0.3625246076683152,0.4933545629516325,0.8376068376068376,0.7470702013880988,0.0439361881132673
adult,1,mean+quantile+zscore,0.3399491906166076,0.0034991224573426,0.3625246085475265,0.4933545629516325,0.8363858363858364,0.7457464553794829,0.0421748554313576
adult,1,mean+winsor+quantile,0.3688268065452575,0.0150007661090212,0.4674414969620157,0.4987946526408064,0.811965811965812,0.7091136367829665,0.0273905077696719
adult,1,mean+winsor+quantile+zscore,0.3677908778190613,0.0150007661090211,0.4674414969620157,0.4987946526408064,0.8107448107448108,0.7078802940871907,0.0307512649395235
adult,1,median,0.3457675874233246,0.0089927713616129,0.4567649248323835,0.4918811121497324,0.8241758241758241,0.7190394511149227,0.0342698404349395
adult,1,median+zscore,0.3452721238136291,0.0089927714063274,0.456764923127617,0.4918811121497324,0.8253968253968254,0.7229685138270922,0.0332596891528957
adult,1,median+winsor,0.3815681040287018,0.0490305651665917,0.5045464986313529,0.5036210115575196,0.8107448107448108,0.6968528287288331,0.0221142055641891
adult,1,median+winsor+zscore,0.3809536099433899,0.0490305651665917,0.5045464986313529,0.5036210115575196,0.8095238095238095,0.6926799699809494,0.0215829354648333
adult,1,median+winsor+yeojohnson,0.3803147673606872,0.047597974185818,0.4983900677828329,0.5034540370315707,0.8131868131868132,0.6978552052564952,0.0250666176443134
adult,1,median+winsor+yeojohnson+zscore,0.3817008137702942,0.047597974185818,0.4983900677828329,0.5034540370315707,0.8083028083028083,0.6884324334802531,0.0270133971149085
adult,1,median+quantile,0.3580400943756103,0.0065935650347694,0.4535373056602674,0.4894803563912233,0.8144078144078144,0.7048368740515933,0.0289830860200819
adult,1,median+quantile+zscore,0.3606866896152496,0.0065935648920569,0.4535373032478945,0.4894798594432294,0.8168498168498168,0.7114408929477423,0.0263506387325142
adult,1,median+winsor+quantile,0.3843604326248169,0.0602340092604416,0.5590715230094976,0.5025808994062962,0.8058608058608059,0.6934136952759891,0.0225963933127267
adult,1,median+winsor+quantile+zscore,0.3860155344009399,0.0602340092604414,0.5590715230094976,0.5025808994062962,0.8046398046398047,0.6907625214748249,0.0251839306473877
adult,1,knn,0.3501942455768585,0.0075778342627745,0.4078363028903386,0.4931781464137996,0.8205128205128205,0.7204460120605303,0.0347824135979453
adult,1,knn+zscore,0.3494978845119476,0.0075778340572428,0.407836302077975,0.4931781464137996,0.8241758241758241,0.7267723102585488,0.0323914893526443
adult,1,knn+winsor,0.3693452775478363,0.0128293362156381,0.4077953669512579,0.4978275918446859,0.8046398046398047,0.6991293486646339,0.031122910015749
adult,1,knn+winsor+zscore,0.368739902973175,0.0128293491328742,0.407795372294972,0.4978285857406736,0.8095238095238095,0.7026531372183951,0.0290853011448013
adult,1,knn+winsor+yeojohnson,0.3674951493740082,0.0316153725386089,0.4318457241589595,0.499695619353739,0.8095238095238095,0.7040033361134279,0.0291605965849535
adult,1,knn+winsor+yeojohnson+zscore,0.3679487705230713,0.0126583547897047,0.3988478624975812,0.497841009440521,0.8083028083028083,0.6986747905559787,0.0302606893837524
adult,1,knn+quantile,0.3557380735874176,0.004595224985962,0.3941842761172012,0.4924183129311335,0.8131868131868132,0.7129311233548299,0.0300451400661351
adult,1,knn+quantile+zscore,0.3553842306137085,0.0045952248330514,0.3941842771832117,0.4924183129311335,0.818070818070818,0.7191881536709123,0.0261598209758381
adult,1,knn+winsor+quantile,0.3715870380401611,0.0397267581795123,0.5039406516138919,0.4988473291281594,0.8083028083028083,0.7080054773242862,0.0325676664910182
adult,1,knn+winsor+quantile+zscore,0.3707639873027801,0.0397267581795124,0.5039406516138919,0.4988473291281594,0.8058608058608059,0.7029881145979924,0.0326177508403093
adult,2,mean,0.3423808813095093,0.0085891922380315,0.4254678450478407,0.4639546226847814,0.8534798534798534,0.7792135437259624,0.0170136776744809
adult,2,mean+zscore,0.3422743380069732,0.0085891919933552,0.4254678445313493,0.4639546226847814,0.8534798534798534,0.781074578989575,0.0208702595388205
adult,2,mean+winsor,0.3571155667304992,0.0129008721037559,0.4059792502091986,0.4790991127987465,0.8412698412698413,0.7608146723697926,0.0218949218954941
adult,2,mean+winsor+zscore,0.3568284511566162,0.0129008721037559,0.4059792502091988,0.4790991127987465,0.8424908424908425,0.7600809335976619,0.0236677631499275
adult,2,mean+winsor+yeojohnson,0.357331246137619,0.0121503505320221,0.3967826808472198,0.4799697656840513,0.833943833943834,0.7476117103235747,0.0138406486447186
adult,2,mean+winsor+yeojohnson+zscore,0.3582498431205749,0.0121503505319633,0.3967826808470591,0.4799697656840513,0.8412698412698413,0.7576923076923077,0.0229002110687367
adult,2,mean+quantile,0.3508484065532684,0.0031990064514894,0.3593884213487354,0.4613068837733062,0.8485958485958486,0.7728216324558421,0.018633265271146
adult,2,mean+quantile+zscore,0.3521371483802795,0.0031990063874828,0.3593884168721259,0.4613068837733062,0.8461538461538461,0.7720336137424006,0.0159307370401272
adult,2,mean+winsor+quantile,0.358271062374115,0.015378787133208,0.4642425935484677,0.4774537179909585,0.8388278388278388,0.7611780715396579,0.0261316775402306
adult,2,mean+winsor+quantile+zscore,0.3572649359703064,0.015378787133208,0.4642425935484677,0.4774537179909585,0.8388278388278388,0.7601863354037267,0.0241323966391939
adult,2,median,0.3490544557571411,0.0087492301523627,0.4551446916347778,0.4646200360486075,0.8461538461538461,0.7701283079390537,0.0186438736607012
adult,2,median+zscore,0.3482554852962494,0.0087492303326318,0.4551446894440303,0.4646200360486075,0.8498168498168498,0.7751290802876041,0.0226206852985097
adult,2,median+winsor,0.3689441084861755,0.0501471552958006,0.5047548468091587,0.4829469811154793,0.8315018315018315,0.747172461926663,0.0309626438242175
adult,2,median+winsor+zscore,0.3680348992347717,0.0501471552958006,0.5047548468091586,0.4829469811154793,0.8278388278388278,0.7433007084410518,0.0284341113762395
adult,2,median+winsor+yeojohnson,0.3692524135112762,0.0486420250139342,0.4984465548095496,0.4819138262361706,0.8266178266178266,0.7420186335403727,0.0220154697059566
adult,2,median+winsor+yeojohnson+zscore,0.3681002557277679,0.0486420250139342,0.4984465548095496,0.4819138262361706,0.8241758241758241,0.7383850931677018,0.0250166249216985
adult,2,median+quantile,0.3623526692390442,0.006748540887467,0.4517636342660456,0.4634248761232888,0.8449328449328449,0.7706969720351406,0.0318900255056527
adult,2,median+quantile+zscore,0.3623914420604706,0.0067485408774162,0.4517636349726323,0.4634248761232888,0.8437118437118437,0.769364802787898,0.025349593424535
adult,2,median+winsor+quantile,0.3697243332862854,0.062660363010546,0.5559749700188467,0.4792009871374951,0.8278388278388278,0.7474858795977407,0.0226441862673404
adult,2,median+winsor+quantile+zscore,0.3687911331653595,0.062660363010546,0.5559749700188467,0.4792009871374951,0.8266178266178266,0.7441390780928243,0.014865690244132
adult,2,knn,0.3538068532943725,0.006915661412056,0.4012922751430593,0.4635456344858054,0.8437118437118437,0.7654932980189337,0.0337114366128476
adult,2,knn+zscore,0.3532856702804565,0.006915661237323,0.4012922721482939,0.4635456344858054,0.8424908424908425,0.7631594875416121,0.0259067438024303
adult,2,knn+winsor,0.3681576550006866,0.020806617100456,0.4120009593141093,0.4820743404381988,0.833943833943834,0.7508366291451172,0.0220214988722469
adult,2,knn+winsor+zscore,0.3677576184272766,0.020806617442402,0.4120009592235675,0.4820743404381988,0.833943833943834,0.7508366291451172,0.0185201221915536
adult,2,knn+winsor+yeojohnson,0.3675454258918762,0.0327107158687784,0.4288856448450732,0.4820122219389618,0.8302808302808303,0.7469418331440156,0.0188879401255876
adult,2,knn+winsor+yeojohnson+zscore,0.3675941824913025,0.0204073785448015,0.4033945725519077,0.4821786995169169,0.8290598290598291,0.7456521739130435,0.019037224798121
adult,2,knn+quantile,0.3572662770748138,0.0045284649377731,0.3901924761871704,0.4659016649248639,0.8449328449328449,0.7687885813617984,0.0228446477498763
adult,2,knn+quantile+zscore,0.3573035299777984,0.0045284650347058,0.3901924723249756,0.4659016649248639,0.8437118437118437,0.7674534161490683,0.0204622692386454
adult,2,knn+winsor+quantile,0.3650017380714416,0.0411342901372407,0.4994282064668033,0.4817458578142339,0.8302808302808303,0.7540301409820127,0.023703319321913
adult,2,knn+winsor+quantile+zscore,0.3657207190990448,0.0411342901372407,0.4994282064668033,0.4817458578142339,0.8266178266178266,0.7472222222222222,0.0204053307190919
adult,3,mean,0.3477232456207275,0.0085597676702936,0.4272053700406178,0.4727217791930856,0.8449328449328449,0.773471614531722,0.0263370230375483
adult,3,mean+zscore,0.3476614356040954,0.0085597676278086,0.4272053705814734,0.4727217791930856,0.8473748473748474,0.7770389906808288,0.0286827641237931
adult,3,mean+winsor,0.3712109327316284,0.0083186047663976,0.3922115082478643,0.4777021919879063,0.8290598290598291,0.7546644984594317,0.0190175698935912
adult,3,mean+winsor+zscore,0.369607150554657,0.0083186047663976,0.3922115082478644,0.4777021919879063,0.8266178266178266,0.7501933188988555,0.0227008219603653
adult,3,mean+winsor+yeojohnson,0.3685587048530578,0.0072100190956191,0.3837675553367936,0.4771371621188471,0.8253968253968254,0.7489221943287376,0.0202043648167844
adult,3,mean+winsor+yeojohnson+zscore,0.3704532980918884,0.0072100191004599,0.3837675553440531,0.4771371621188471,0.8241758241758241,0.7466749149396845,0.0185248676382723
adult,3,mean+quantile,0.3558005392551422,0.0028085251596117,0.3577913516021548,0.4821145932257042,0.8376068376068376,0.7637142974900053,0.0182901439649281
adult,3,mean+quantile+zscore,0.3557552993297577,0.002808525152061,0.3577913509628513,0.4821145932257042,0.8376068376068376,0.7646475449684005,0.0183357380976461
adult,3,mean+winsor+quantile,0.3760930299758911,0.0098005353433515,0.4644805921169317,0.4818646283847749,0.8217338217338217,0.7401017214397496,0.0180628408151377
adult,3,mean+winsor+quantile+zscore,0.3758881688117981,0.0098005353433515,0.4644805921169318,0.4818646283847749,0.8229548229548229,0.7413652291897613,0.021556117522993
adult,3,median,0.3521570563316345,0.0087989104943997,0.4569921855117838,0.4717577000849284,0.8498168498168498,0.777000777000777,0.0373661270653954
adult,3,median+zscore,0.3513433933258056,0.0087989106252582,0.4569921864008407,0.4717577000849284,0.8461538461538461,0.7701283079390537,0.0368157991268405
adult,3,median+winsor,0.3742381036281585,0.0495219771226407,0.5071804516982465,0.4802078037731274,0.8351648351648352,0.7542240825499432,0.0240070569500672
adult,3,median+winsor+zscore,0.3745912313461303,0.0495219771226407,0.5071804516982465,0.4802078037731274,0.8302808302808303,0.7469418331440156,0.0200612323770301
adult,3,median+winsor+yeojohnson,0.3752092123031616,0.0481020530141511,0.5013728273104513,0.4793113095921399,0.8302808302808303,0.745877578536398,0.0207850625226785
adult,3,median+winsor+yeojohnson+zscore,0.3732766211032867,0.0481020530141511,0.5013728273104513,0.4793113095921399,0.833943833943834,0.7518845228548516,0.0236113505922394
adult,3,median+quantile,0.3646456599235534,0.0064474159669041,0.4536449992748084,0.4732127638110543,0.8485958485958486,0.7765721527007762,0.0478957347817473
adult,3,median+quantile+zscore,0.3648409247398376,0.0064474158562652,0.4536449999374703,0.4732127638110543,0.8473748473748474,0.775229710296071,0.0464588291624672
adult,3,median+winsor+quantile,0.3787921071052551,0.0593157454014152,0.5670153963166491,0.4835487851360867,0.8302808302808303,0.7490305441959415,0.0242242822571406
adult,3,median+winsor+quantile+zscore,0.3784375786781311,0.059315745401415,0.5670153963166491,0.4835487851360867,0.833943833943834,0.7518845228548516,0.0259980143062651
adult,3,knn,0.34699746966362,0.0066059202245976,0.4024129653382598,0.4741485168835596,0.8473748473748474,0.7743080433416739,0.0272995515911861
adult,3,knn+zscore,0.3463717401027679,0.0066059202379615,0.4024129654006629,0.4741485168835596,0.8461538461538461,0.7729684777443371,0.0275562048249483
adult,3,knn+winsor,0.3700139224529266,0.0124873053815561,0.4036906566778263,0.4792044657734524,0.8229548229548229,0.7349082653796959,0.0192391541996863
adult,3,knn+winsor+zscore,0.3694596588611603,0.0124873254683394,0.4036906626526741,0.4792084413574035,0.8266178266178266,0.7409382518043304,0.0170497013681246
adult,3,knn+winsor+yeojohnson,0.3695443868637085,0.0316006118830577,0.4285298966070809,0.4809472623880438,0.8229548229548229,0.7371147371147371,0.0172747759300856
adult,3,knn+winsor+yeojohnson+zscore,0.3700536787509918,0.0121573930560603,0.3941857463825901,0.4782349202373622,0.8290598290598291,0.7445870088211708,0.0185106610640501
adult,3,knn+quantile,0.3598068058490753,0.0039989339627771,0.3911901170178399,0.4730820664886599,0.8376068376068376,0.7637142974900053,0.020464050245809
adult,3,knn+quantile+zscore,0.3607240319252014,0.0039989341154358,0.391190115870698,0.4730820664886599,0.8424908424908425,0.7708206344075992,0.0345435712363693
adult,3,knn+winsor+quantile,0.3708829879760742,0.0409257439668127,0.5015643220564413,0.4832322292639753,0.8327228327228328,0.7505829578469794,0.0201701878482459
adult,3,knn+winsor+quantile+zscore,0.3709373474121094,0.0409257439668128,0.5015643220564413,0.4832322292639753,0.833943833943834,0.7518845228548516,0.0271020175045372
adult,4,mean,0.3517200350761413,0.0082305515750296,0.4262850377758312,0.489961898997308,0.8363858363858364,0.7585537779185807,0.0113763827398437
adult,4,mean+zscore,0.3504394590854645,0.0082305519783949,0.4262850378266978,0.489961898997308,0.8351648351648352,0.7562526868090078,0.0141571977781871
adult,4,mean+winsor,0.3807898461818695,0.0129054170879732,0.4147883218684168,0.4918448349461781,0.811965811965812,0.7258607198748044,0.009825981361962
adult,4,mean+winsor+zscore,0.3799204230308532,0.0129054170879731,0.4147883218684169,0.4918448349461781,0.8083028083028083,0.7232661494259058,0.0165057990868304
adult,4,mean+winsor+yeojohnson,0.3797662556171417,0.0123352645809075,0.4056369805223951,0.4906188642452379,0.8083028083028083,0.7210762759844425,0.0190374137281061
adult,4,mean+winsor+yeojohnson+zscore,0.3801500499248504,0.0123352645809781,0.4056369805219309,0.4906188642452379,0.8083028083028083,0.7232661494259058,0.0171005881604112
adult,4,mean+quantile,0.3561819493770599,0.0032232418094987,0.3616681998602473,0.489263190117891,0.8400488400488401,0.7699916605389135,0.0224224524038033
adult,4,mean+quantile+zscore,0.3555798530578613,0.0032232419116792,0.3616682037735207,0.489263190117891,0.8412698412698413,0.7721884628551865,0.0206009453032916
adult,4,mean+winsor+quantile,0.3815611004829407,0.014648248454551,0.4764470019555391,0.4994734836004677,0.8131868131868132,0.7292561983471074,0.0241165150943984
adult,4,mean+winsor+quantile+zscore,0.3808076679706573,0.014648248454551,0.4764470019555391,0.4994734836004677,0.811965811965812,0.7269479900933511,0.0153340672544216
adult,4,median,0.3521988093852997,0.0083765581810231,0.4548445878234299,0.4886926938208988,0.8327228327228328,0.7505829578469794,0.0272547532787253
adult,4,median+zscore,0.3524267971515655,0.0083765582524641,0.4548445894515208,0.4886926938208988,0.8290598290598291,0.7435082947082088,0.0221358930671607
adult,4,median+winsor,0.3817410767078399,0.0325505600826502,0.4776177266499292,0.4956792856670757,0.8083028083028083,0.7188317950130871,0.0163051791680165
adult,4,median+winsor+zscore,0.3804081380367279,0.0325505600826503,0.4776177266499292,0.4956792856670757,0.8070818070818071,0.7187402190923318,0.0153390977699969
adult,4,median+winsor+yeojohnson,0.381037026643753,0.0322914189407782,0.4711738347865588,0.493923071456649,0.8034188034188035,0.7128262199969074,0.024736393356789
adult,4,median+winsor+yeojohnson+zscore,0.3815786838531494,0.0322914189405566,0.4711738347868138,0.493923071456649,0.8083028083028083,0.7210762759844425,0.0186869546461745
adult,4,median+quantile,0.3653973639011383,0.0066491708530138,0.4511514536915437,0.4843831608178372,0.8266178266178266,0.7420186335403727,0.0124520314482105
adult,4,median+quantile+zscore,0.3654821813106537,0.0066491710534737,0.4511514507070492,0.4843831608178372,0.8278388278388278,0.7454194728894081,0.0117373628057403
adult,4,median+winsor+quantile,0.3821809887886047,0.0386712097874539,0.5381486982278112,0.5018488950112882,0.8156288156288156,0.7295770767323322,0.0231093227208315
adult,4,median+winsor+quantile+zscore,0.3820138275623321,0.0386712097874539,0.5381486982278112,0.5018488950112882,0.8131868131868132,0.724881165402391,0.0150735117722489
adult,4,knn,0.3671588003635406,0.0068038906824765,0.4038287584486003,0.4895931635858375,0.8253968253968254,0.7385647030985966,0.0171411307449014
adult,4,knn+zscore,0.3662245869636535,0.0068038907610648,0.4038287544278375,0.4895931635858375,0.8205128205128205,0.7323773343321603,0.0205882789887788
adult,4,knn+winsor,0.3875823318958282,0.0207886972834495,0.4143051411840996,0.4937759748504559,0.8070818070818071,0.7153096784413115,0.0222572488516969
adult,4,knn+winsor+zscore,0.3870694637298584,0.0207886975374311,0.4143051411204847,0.4937759748504559,0.8070818070818071,0.7187402190923318,0.0253897538551917
adult,4,knn+winsor+yeojohnson,0.3864049017429352,0.0322424301737364,0.4292775745635836,0.4969688657112345,0.8107448107448108,0.7201419737436756,0.0238332602858397
adult,4,knn+winsor+yeojohnson+zscore,0.3861461877822876,0.0204923901682493,0.404355870078157,0.4923825326755729,0.8107448107448108,0.7235283484442276,0.0193635590638287
adult,4,knn+quantile,0.3805601000785827,0.0045266338856698,0.3908770667533984,0.4854809189363524,0.8144078144078144,0.7304941200921388,0.021043655782101
adult,4,knn+quantile+zscore,0.3773609101772308,0.0045266340777986,0.3908770664272119,0.4854809189363524,0.8131868131868132,0.7259953161592505,0.0287802387506533
adult,4,knn+winsor+quantile,0.3880051970481872,0.0401263594491563,0.5065702971032996,0.5036125634416232,0.8107448107448108,0.7267914214077413,0.0306198442666376
adult,4,knn+winsor+quantile+zscore,0.3882778584957123,0.0401263594491563,0.5065702971032996,0.5036125634416232,0.8095238095238095,0.7255644911846582,0.0193038111932403
adult,5,mean,0.3465164005756378,0.0091288294441114,0.4267427954984722,0.5006830550176095,0.8302808302808303,0.7332216298552932,0.0168057611719301
adult,5,mean+zscore,0.3460959792137146,0.0091288294541362,0.426742793474817,0.5006830550176095,0.8278388278388278,0.7293830921553693,0.0126029274111411
adult,5,mean+winsor,0.379599392414093,0.0137314517320089,0.4076925359938368,0.4940651985829031,0.8107448107448108,0.7091785890195988,0.0200826955802274
adult,5,mean+winsor+zscore,0.3789254128932953,0.013731451732009,0.4076925359938367,0.4940651985829031,0.8107448107448108,0.7117251527723845,0.01860921614336
adult,5,mean+winsor+yeojohnson,0.3812784254550934,0.0125389088956235,0.3985806215190126,0.4919750353205787,0.8156288156288156,0.7166836576900608,0.0191748231030791
adult,5,mean+winsor+yeojohnson+zscore,0.3809680342674255,0.012538908895631,0.3985806215195251,0.4919750353205787,0.8083028083028083,0.7067241131565083,0.0051329151905791
adult,5,mean+quantile,0.3535749018192291,0.0033197146481834,0.3648370968904691,0.4919760292165664,0.8327228327228328,0.7463060480196799,0.0036649429608904
adult,5,mean+quantile+zscore,0.3528159558773041,0.0033197146633309,0.3648371006988415,0.4919760292165664,0.8315018315018315,0.745004873294347,0.003798389172816
adult,5,mean+winsor+quantile,0.3806313276290893,0.0156063757519586,0.4724035764576094,0.4915670410175904,0.8034188034188035,0.6952061523241112,0.0195368434483314
adult,5,mean+winsor+quantile+zscore,0.3801432847976684,0.0156063757519586,0.4724035764576094,0.4915670410175904,0.8034188034188035,0.696572434503469,0.0187551578613718
adult,5,median,0.3435872793197632,0.0094206759831343,0.4550737820330252,0.5013703340931669,0.8266178266178266,0.7188914027149321,0.0165342649988493
adult,5,median+zscore,0.343955397605896,0.0094206758625275,0.4550737809136471,0.5013703340931669,0.8290598290598291,0.7241999730598264,0.0157964515598702
adult,5,median+winsor,0.3796902894973755,0.0508225368240519,0.5064589659373026,0.4976501814108652,0.8058608058608059,0.691971983905648,0.018909343287476
adult,5,median+winsor+zscore,0.3805449903011322,0.050822536824052,0.5064589659373026,0.4976501814108652,0.8058608058608059,0.6905107650186211,0.0159430220741346
adult,5,median+winsor+yeojohnson,0.3800167441368103,0.0490417643614212,0.500499710588743,0.4961628160651359,0.811965811965812,0.7064652764848259,0.0097742773528792
adult,5,median+winsor+yeojohnson+zscore,0.3819465935230255,0.0490417643614211,0.5004997105887431,0.4961628160651359,0.8083028083028083,0.6972701267819515,0.011092866878952
adult,5,median+quantile,0.3562972247600555,0.0067976574899708,0.4528144862028278,0.4958179341573725,0.8315018315018315,0.7357520948675744,0.03291463131433
adult,5,median+quantile+zscore,0.3548597395420074,0.0067976576189301,0.4528144850211473,0.4958179341573725,0.8241758241758241,0.7242630555139907,0.0235664225177741
adult,5,median+winsor+quantile,0.3820296227931976,0.0605738988056508,0.5635873526661097,0.4958656411647864,0.8034188034188035,0.6789103421069933,0.0251221248518416
adult,5,median+winsor+quantile+zscore,0.3803368508815765,0.0605738988056508,0.5635873526661097,0.4958656411647864,0.796092796092796,0.6652782434406792,0.0310835555941776
adult,5,knn,0.3796057403087616,0.0076229919024756,0.4048996071311203,0.4977913146411314,0.8315018315018315,0.7357520948675744,0.0155063978918305
adult,5,knn+zscore,0.3776712417602539,0.007622991497196,0.4048996080918075,0.4977913146411314,0.8278388278388278,0.7306279260176769,0.0148185575983608
adult,5,knn+winsor,0.3904298543930053,0.0132385347963879,0.4065727625054129,0.4904737554310204,0.8107448107448108,0.7025133282559025,0.0257857112220792
adult,5,knn+winsor+zscore,0.3905252814292907,0.0132385806869258,0.406572783292814,0.4904772340669776,0.8070818070818071,0.6974552970222954,0.0287120003112215
adult,5,knn+winsor+yeojohnson,0.392285019159317,0.0325011041279269,0.4298234531023698,0.4883746471048058,0.8107448107448108,0.7011265582879139,0.0252991785205473
adult,5,knn+winsor+yeojohnson+zscore,0.3937257826328277,0.012684085675375,0.3968847191339043,0.4892890314135735,0.8021978021978022,0.6868970529932602,0.0274127769819546
adult,5,knn+quantile,0.3768414258956909,0.0046191632504672,0.3937358214303788,0.4937064021313105,0.8253968253968254,0.7292824831201733,0.0149145947998987
adult,5,knn+quantile+zscore,0.3766189515590668,0.0046191631884692,0.3937358215740251,0.4937064021313105,0.8327228327228328,0.7382696869817144,0.0244665132774101
adult,5,knn+winsor+quantile,0.3920376300811767,0.0413605572714674,0.5026743508902161,0.4873414922254971,0.8058608058608059,0.7003417210313763,0.0185982948840028
adult,5,knn+winsor+quantile+zscore,0.389997124671936,0.0413605572714674,0.5026743508902161,0.4873414922254971,0.8095238095238095,0.7066511149480181,0.0180075702067551
adult,6,mean,0.3262645006179809,0.0084684065231078,0.4252865210823596,0.5014856260277506,0.8412698412698413,0.7438999749841245,0.0144912502267858
adult,6,mean+zscore,0.3264333009719848,0.0084684063940374,0.4252865216662528,0.5014856260277506,0.8424908424908425,0.7477033219743192,0.0153678355053958
adult,6,mean+winsor,0.3646545708179474,0.0129268279649071,0.4051729784283133,0.5061753242461423,0.8266178266178266,0.7229416809605489,0.0285594803218585
adult,6,mean+winsor+zscore,0.3639958500862121,0.012926827964907,0.4051729784283132,0.5061753242461423,0.8266178266178266,0.7242555007587254,0.0218806774042756
adult,6,mean+winsor+yeojohnson,0.3644653856754303,0.0122819405099363,0.3960698530935678,0.5043778633522223,0.8278388278388278,0.7268430800672727,0.0215755667587485
adult,6,mean+winsor+yeojohnson+zscore,0.3643486201763153,0.0122819405099666,0.3960698530934717,0.5043778633522223,0.8278388278388278,0.7255472821863242,0.0205215897606696
adult,6,mean+quantile,0.3351275622844696,0.0032811642587976,0.3582247249084051,0.4992190462275932,0.8351648351648352,0.7334016516969075,0.0262647782053266
adult,6,mean+quantile+zscore,0.3336252868175506,0.0032811642556073,0.3582247235732135,0.4992190462275932,0.8400488400488401,0.7437917455708203,0.0269552436503735
adult,6,mean+winsor+quantile,0.3683469295501709,0.0155433271366589,0.4629386051012044,0.5082714508843935,0.8229548229548229,0.712246514997686,0.0193560306114736
adult,6,mean+winsor+quantile+zscore,0.3661226332187652,0.0155433271366589,0.4629386051012044,0.5082714508843935,0.8253968253968254,0.7176032310567243,0.0155167488679199
adult,6,median,0.3393254280090332,0.0086347352366709,0.4554578667332805,0.502415912672323,0.8473748473748474,0.7566908530020605,0.0131522083748245
adult,6,median+zscore,0.3396072089672088,0.0086347351877344,0.4554578663424291,0.502415912672323,0.8485958485958486,0.7603409541429893,0.0187939571373628
adult,6,median+winsor,0.3826246857643127,0.050167328403334,0.5048119604029087,0.5112725198195284,0.818070818070818,0.714028941355674,0.0172972761376582
adult,6,median+winsor+zscore,0.3802681863307953,0.050167328403334,0.5048119604029087,0.5112725198195284,0.8205128205128205,0.7191652845716205,0.0146785490533225
adult,6,median+winsor+yeojohnson,0.3834441602230072,0.0487948575573112,0.4986519719570595,0.5110354756264401,0.8192918192918193,0.7152883477084391,0.0197099677954546
adult,6,median+winsor+yeojohnson+zscore,0.3818888366222381,0.0487948575573113,0.4986519719570595,0.5110354756264401,0.8229548229548229,0.7229861650536393,0.0202834946768624
adult,6,median+quantile,0.3545103669166565,0.0067260274383316,0.4492274388791671,0.5011094363963716,0.8302808302808303,0.7368550010748538,0.0201356066015613
adult,6,median+quantile+zscore,0.3549975454807281,0.0067260275401993,0.4492274363179434,0.5011094363963716,0.8363858363858364,0.7457464553794829,0.0120672463497399
adult,6,median+winsor+quantile,0.3834271132946014,0.0628522323536845,0.5553811996965048,0.5148092986920826,0.8192918192918193,0.722926267281106,0.0111094863132388
adult,6,median+winsor+quantile+zscore,0.3832437098026275,0.0628522323536845,0.5553811996965048,0.5148092986920826,0.8168498168498168,0.7191820276497696,0.0192371706531743
adult,6,knn,0.348598301410675,0.0068972404032526,0.404679669577339,0.5015422780990546,0.8351648351648352,0.7346938775510203,0.0209789976241096
adult,6,knn+zscore,0.3491183817386627,0.0068972402147976,0.4046796688342414,0.5015422780990546,0.833943833943834,0.733372910243398,0.0287118102167989
adult,6,knn+winsor,0.3698260486125946,0.0132035607979241,0.4068006208473473,0.5049185427695807,0.8205128205128205,0.7008401314988433,0.02028207013313
adult,6,knn+winsor+zscore,0.3712579607963562,0.0132035448169547,0.4068006147807478,0.5049190397175746,0.8229548229548229,0.704910333791376,0.021007815414587
adult,6,knn+winsor+yeojohnson,0.3711345195770263,0.0324063490807652,0.4297361997457489,0.508235670628833,0.8217338217338217,0.7021076233183856,0.0297347653625357
adult,6,knn+winsor+yeojohnson+zscore,0.371677041053772,0.012977233323553,0.3964103511505931,0.5038694855544672,0.8229548229548229,0.704910333791376,0.0267627623491671
adult,6,knn+quantile,0.3584239482879638,0.0044973674399895,0.3869715196336143,0.5002785393505784,0.8302808302808303,0.7241535557564024,0.0178629404459244
adult,6,knn+quantile+zscore,0.358169823884964,0.0044973674530781,0.3869715190000138,0.5002785393505784,0.8278388278388278,0.7229024943310658,0.0066658325393267
adult,6,knn+winsor+quantile,0.3685037493705749,0.041765811852036,0.5055411414463948,0.5102647092879083,0.818070818070818,0.6967699292063105,0.0233886147302294
adult,6,knn+winsor+quantile+zscore,0.3684576749801636,0.0417658118520362,0.5055411414463948,0.5102647092879083,0.8217338217338217,0.7051457823719719,0.0145051426212138
adult,7,mean,0.3516191840171814,0.0084520595704122,0.4247244375980594,0.5004579375763747,0.8327228327228328,0.7516187516187516,0.0341173025423499
adult,7,mean+zscore,0.351086288690567,0.0084520594788575,0.4247244366458428,0.5004579375763747,0.8376068376068376,0.7568468916931004,0.0236536090481703
adult,7,mean+winsor,0.3845080733299255,0.0129488829638119,0.4061922593878752,0.5059710786206513,0.8229548229548229,0.7403223584515773,0.0281885464258391
adult,7,mean+winsor+zscore,0.3840418457984924,0.0129488829638119,0.4061922593878751,0.5059710786206513,0.8241758241758241,0.7436619718309859,0.0196140345927414
adult,7,mean+winsor+yeojohnson,0.3876009583473205,0.0198252108685073,0.431885151156523,0.5014254953204892,0.8205128205128205,0.7367405978784957,0.0178576279181409
adult,7,mean+winsor+yeojohnson+zscore,0.385370135307312,0.0123012450881651,0.3973155139078788,0.5025883536262047,0.8205128205128205,0.7367405978784957,0.017451296286414
adult,7,mean+quantile,0.3533224463462829,0.0031372872218924,0.3606395996014225,0.4985531359157732,0.8388278388278388,0.7601863354037267,0.0161815294415959
adult,7,mean+quantile+zscore,0.3547130823135376,0.0031372872078704,0.3606396016269037,0.4985531359157732,0.833943833943834,0.7497753495560907,0.0118223749674283
adult,7,mean+winsor+quantile,0.3802916407585144,0.0154842314574571,0.4682719076431744,0.5076284001802928,0.8168498168498168,0.7286114449314294,0.0150329460445632
adult,7,mean+winsor+quantile+zscore,0.3794171214103699,0.0154842314574571,0.4682719076431744,0.5076284001802928,0.8168498168498168,0.7286114449314294,0.0163257461909991
adult,7,median,0.3541224598884582,0.0087095650800569,0.4546287274023995,0.500717841377182,0.8351648351648352,0.7552447552447552,0.0193218943982479
adult,7,median+zscore,0.3544730246067047,0.0087095648464078,0.4546287282812741,0.500717841377182,0.833943833943834,0.7529192546583852,0.0233393764175629
adult,7,median+winsor,0.3910315334796905,0.0499696036885607,0.5050284383242122,0.5052326139017226,0.8083028083028083,0.7153587153587153,0.0231607927507533
adult,7,median+winsor+zscore,0.389870673418045,0.0499696036885608,0.5050284383242122,0.5052326139017226,0.8131868131868132,0.7202825145040929,0.0193324589758419
adult,7,median+winsor+yeojohnson,0.3931447565555572,0.0485916923162302,0.4991313769254993,0.5034276987878942,0.818070818070818,0.7298627298627298,0.0153155255521464
adult,7,median+winsor+yeojohnson+zscore,0.3914171457290649,0.0485916923162302,0.4991313769254993,0.5034276987878942,0.8144078144078144,0.7191358024691359,0.0175956781676109
adult,7,median+quantile,0.3670025765895843,0.0067457501545332,0.4515752837311846,0.4963511593548222,0.8253968253968254,0.7396595837380879,0.0290053099648565
adult,7,median+quantile+zscore,0.3686753809452057,0.0067457501714764,0.4515752832988532,0.4963511593548222,0.8229548229548229,0.7371147371147371,0.032985882444696
adult,7,median+winsor+quantile,0.3862382471561432,0.062582780978511,0.5598600156828472,0.5072343204211336,0.8144078144078144,0.7272344826377324,0.0183429713650937
adult,7,median+winsor+quantile+zscore,0.3881893455982208,0.062582780978511,0.5598600156828472,0.5072343204211336,0.818070818070818,0.7287362096291965,0.0118630932364271
adult,7,knn,0.3623258471488952,0.0070072482218398,0.4022013306214186,0.5030788412961794,0.8388278388278388,0.7611780715396579,0.0153218889120006
adult,7,knn+zscore,0.3609793186187744,0.007007248205885,0.4022013302600334,0.5030788412961794,0.8424908424908425,0.7661227661227661,0.0191082100000719
adult,7,knn+winsor,0.3865342140197754,0.0205297577132262,0.4144137758497984,0.5055660660056266,0.8168498168498168,0.7274844720496894,0.0194146344222137
adult,7,knn+winsor+zscore,0.3882278203964233,0.0205297578638565,0.414413775791771,0.5055660660056266,0.811965811965812,0.7190457097032878,0.0191774582979297
adult,7,knn+winsor+yeojohnson,0.3876658082008362,0.0317069964992351,0.4306995302496443,0.5035335487105939,0.8156288156288156,0.7250950849262328,0.014660666204343
adult,7,knn+winsor+yeojohnson+zscore,0.3886565864086151,0.0201739799541985,0.405473487625083,0.5025858688862352,0.8131868131868132,0.721453960223269,0.0156154213370857
adult,7,knn+quantile,0.3714002966880798,0.0045239080611948,0.3911081148579747,0.4988433535442082,0.8376068376068376,0.7598637581155411,0.0327334813000372
adult,7,knn+quantile+zscore,0.3729246258735657,0.0045239080293081,0.3911081126560116,0.4988433535442082,0.8363858363858364,0.7575595574720768,0.0276758726845439
adult,7,knn+winsor+quantile,0.3861652910709381,0.0402277329330447,0.5019335006639941,0.5027607945800864,0.8070818070818071,0.7141373886611055,0.0225731519406822
adult,7,knn+winsor+quantile+zscore,0.3876473605632782,0.0402277329330448,0.5019335006639941,0.5027607945800864,0.811965811965812,0.7202173913043479,0.0182766275382595
bank_marketing,42,mean,0.2569169402122497,0.0094277209011294,0.4402941968858035,0.4837102932341028,0.8901098901098901,0.6697580645161291,0.0129174184740972
bank_marketing,42,mean+zscore,0.2554436922073364,0.0094277207760095,0.4402941958900386,0.4837102932341028,0.8901098901098901,0.6697580645161291,0.0114374253193828
bank_marketing,42,mean+winsor,0.2609475255012512,0.0068382289568575,0.3800857521735948,0.481316991695502,0.8778998778998779,0.6144648640506138,0.0212536684904925
bank_marketing,42,mean+winsor+zscore,0.261187195777893,0.0068382289568575,0.3800857521735948,0.481316991695502,0.884004884004884,0.6216391019125935,0.0141786620002672
bank_marketing,42,mean+winsor+yeojohnson,0.269717812538147,0.0046490592885,0.3627878735938568,0.4794062266589738,0.8754578754578755,0.5854934106065417,0.0216802778552594
bank_marketing,42,mean+winsor+yeojohnson+zscore,0.2683692574501037,0.0046490592885,0.3627878735938568,0.4794062266589738,0.8791208791208791,0.5892906892516855,0.0194458356707087
bank_marketing,42,mean+quantile,0.2686772644519806,0.0034769183404456,0.3796794908756827,0.4773960720236667,0.8778998778998779,0.6043478260869566,0.0240217140888265
bank_marketing,42,mean+quantile+zscore,0.2670900821685791,0.0034769183019915,0.3796794920978274,0.4773960720236667,0.8766788766788767,0.6030015213979584,0.0280488830637436
bank_marketing,42,mean+winsor+quantile,0.2669835984706878,0.0065157528111836,0.413407057145056,0.4788228097141407,0.8827838827838828,0.6345381526104418,0.0227105111720652
bank_marketing,42,mean+winsor+quantile+zscore,0.2662512362003326,0.0065157528111836,0.413407057145056,0.4788228097141407,0.8815628815628815,0.637539522851394,0.0226834218435089
bank_marketing,42,median,0.2540942132472992,0.0095391080342094,0.4836441799844402,0.4817617601500386,0.8913308913308914,0.6546710442160917,0.012527480739668
bank_marketing,42,median+zscore,0.2543011903762817,0.0095391081452557,0.4836441792382021,0.4817617601500386,0.8937728937728938,0.6580310134814097,0.0140365984413649
bank_marketing,42,median+winsor,0.2792012989521026,0.0349750081952164,0.5031564777646764,0.4840680957897075,0.8864468864468864,0.6141821626303713,0.0196360319088666
bank_marketing,42,median+winsor+zscore,0.2778578996658325,0.0349750081952164,0.5031564777646764,0.4840680957897075,0.8901098901098901,0.6186361754966887,0.0224717667687943
bank_marketing,42,median+winsor+yeojohnson,0.2798433303833008,0.0338427972124918,0.4806236435548537,0.4817299554784292,0.8864468864468864,0.5912581502052644,0.0199269167669526
bank_marketing,42,median+winsor+yeojohnson+zscore,0.2793065905570984,0.0338427972124918,0.4806236435548538,0.4817299554784292,0.8888888888888888,0.6224793204232665,0.0209069784016545
bank_marketing,42,median+quantile,0.267156720161438,0.0070784183515248,0.4485904479394043,0.4742315071985401,0.8803418803418803,0.5847371688741723,0.0229997567204765
bank_marketing,42,median+quantile+zscore,0.267804890871048,0.007078418048971,0.4485904465528062,0.4742315071985401,0.8827838827838828,0.6044911264034769,0.0193627181216182
bank_marketing,42,median+winsor+quantile,0.2815122604370117,0.0426457312429866,0.5332738712216114,0.4828053509372191,0.8876678876678876,0.626131311527469,0.0278811188407869
bank_marketing,42,median+winsor+quantile+zscore,0.2825563251972198,0.0426457312429866,0.5332738712216114,0.4828053509372191,0.8864468864468864,0.6194789298828467,0.0233119874646812
bank_marketing,42,knn,0.2628422081470489,0.0092761151135786,0.4382143689078425,0.4852677282469712,0.8901098901098901,0.6530183776455525,0.014903951186109
bank_marketing,42,knn+zscore,0.2622327804565429,0.0092761149560619,0.4382143675111669,0.4852677282469712,0.8888888888888888,0.6513833992094862,0.0177097068019256
bank_marketing,42,knn+winsor,0.2760505974292755,0.0234891566661277,0.4482852481134902,0.4871223381601892,0.8925518925518926,0.6271109271523179,0.0260248367603009
bank_marketing,42,knn+winsor+zscore,0.2773454785346985,0.0234891566661276,0.4482852481134902,0.4871223381601892,0.8913308913308914,0.6201556043085614,0.0253920027479001
bank_marketing,42,knn+winsor+yeojohnson,0.2767078876495361,0.0229345078892888,0.4241777680446744,0.4854620349125844,0.8925518925518926,0.6216931216931216,0.0288479518104385
bank_marketing,42,knn+winsor+yeojohnson+zscore,0.2774456143379211,0.0229345078892888,0.4241777680446745,0.4854620349125844,0.8913308913308914,0.6145882352941177,0.0253918012274345
bank_marketing,42,knn+quantile,0.2715234160423279,0.0063009309682775,0.4050921038564774,0.4783720778836773,0.8852258852258852,0.6180037313432836,0.0195320592112884
bank_marketing,42,knn+quantile+zscore,0.2719836235046386,0.0063009312100222,0.4050921031522808,0.4783720778836773,0.8852258852258852,0.6180037313432836,0.0175514743732736
bank_marketing,42,knn+winsor+quantile,0.2783636450767517,0.0284734520991917,0.4840758408434129,0.4866030275065684,0.8888888888888888,0.6224793204232665,0.0244861651252914
bank_marketing,42,knn+winsor+quantile+zscore,0.2780392169952392,0.0284734520991918,0.4840758408434129,0.4866030275065684,0.8913308913308914,0.6255490313930372,0.0255773505593976
bank_marketing,1,mean,0.2545928955078125,0.0084124326477944,0.4428579051116715,0.4978052291849605,0.8937728937728938,0.6488356620093148,0.0199258746681632
bank_marketing,1,mean+zscore,0.2553977370262146,0.0084124326343685,0.4428579051622587,0.4978052291849605,0.8937728937728938,0.6488356620093148,0.0198778261195172
bank_marketing,1,mean+winsor,0.2525911629199981,0.0062297554485249,0.3781247964536068,0.4935056351417768,0.8888888888888888,0.6171344028850155,0.0199631691270113
bank_marketing,1,mean+winsor+zscore,0.2548326849937439,0.0062297554485249,0.3781247964536068,0.4935056351417768,0.8876678876678876,0.6101614238410595,0.0244007970096135
bank_marketing,1,mean+winsor+yeojohnson,0.261280208826065,0.004353964548907,0.3632952759029045,0.4922727071689221,0.8827838827838828,0.5873015873015873,0.0272925494645832
bank_marketing,1,mean+winsor+yeojohnson+zscore,0.26356902718544,0.004353964548907,0.3632952759029046,0.4922727071689221,0.8803418803418803,0.5787037037037037,0.0267876086799798
bank_marketing,1,mean+quantile,0.2653799057006836,0.0037316553629892,0.3808417201861603,0.4980184198743417,0.8852258852258852,0.6016866721854305,0.0259001193174658
bank_marketing,1,mean+quantile+zscore,0.2661016881465912,0.0037316554696794,0.3808417203150304,0.4980179229263479,0.884004884004884,0.5945481169585767,0.0219991792980422
bank_marketing,1,mean+winsor+quantile,0.2556138634681701,0.0060925295192699,0.4161168786577815,0.4922240062655203,0.8827838827838828,0.5989389920424403,0.0238070571670019
bank_marketing,1,mean+winsor+quantile+zscore,0.2557115256786346,0.0060925295192699,0.4161168786577815,0.4922240062655203,0.884004884004884,0.6003051458689722,0.0285315750864981
bank_marketing,1,median,0.2525570392608642,0.0084837858699425,0.4865608992333355,0.4987096745338503,0.8888888888888888,0.6469108429625208,0.0206918578881483
bank_marketing,1,median+zscore,0.2531593739986419,0.0084837858803676,0.4865609005910928,0.4987096745338503,0.8876678876678876,0.640720961281709,0.0207854558842231
bank_marketing,1,median+winsor,0.278443694114685,0.0314737855325033,0.5021345546178525,0.5066181049087032,0.873015873015873,0.5175585663147402,0.0340774016357021
bank_marketing,1,median+winsor+zscore,0.2775402665138244,0.0314737855325033,0.5021345546178525,0.5066181049087032,0.8742368742368742,0.5333230066220036,0.0360723134944436
bank_marketing,1,median+winsor+yeojohnson,0.279695987701416,0.0307068260048896,0.4799524067560587,0.5057007389119721,0.8766788766788767,0.5423846958138093,0.0375405459759145
bank_marketing,1,median+winsor+yeojohnson+zscore,0.2803076803684234,0.0307068260048896,0.4799524067560587,0.5057007389119721,0.8742368742368742,0.5473074136681961,0.0362006930932311
bank_marketing,1,median+quantile,0.2620988488197326,0.0069502157505865,0.4499953703444974,0.4987270677136367,0.8815628815628815,0.6031124322433992,0.0273758814885066
bank_marketing,1,median+quantile+zscore,0.2620042264461517,0.0069502155355547,0.4499953704131617,0.4987270677136367,0.8803418803418803,0.5905835543766578,0.0284831825193467
bank_marketing,1,median+winsor+quantile,0.2743480801582336,0.0386794420707631,0.5355941109331994,0.5051953428021804,0.8705738705738706,0.5082808464361774,0.038173700208629
bank_marketing,1,median+winsor+quantile+zscore,0.2736864387989044,0.0386794420707633,0.5355941109331994,0.5051953428021804,0.8705738705738706,0.5082808464361774,0.0381443381891727
bank_marketing,1,knn,0.2590855062007904,0.0083699925073971,0.4395628266977857,0.494978588995683,0.8888888888888888,0.6171344028850155,0.0140486998581333
bank_marketing,1,knn+zscore,0.2582095861434936,0.008369992251608,0.43956282675436,0.494978588995683,0.8888888888888888,0.6171344028850155,0.0126024096003381
bank_marketing,1,knn+winsor,0.2712788879871368,0.0209547526775565,0.4531590762799918,0.4945323296971649,0.8766788766788767,0.5119736632506771,0.0313285857038765
bank_marketing,1,knn+winsor+zscore,0.2710059881210327,0.0209547526775565,0.4531590762799918,0.4945323296971649,0.8766788766788767,0.5119736632506771,0.0307789142169649
bank_marketing,1,knn+winsor+yeojohnson,0.2718988358974457,0.0205649751893195,0.425312669775034,0.4946302284519623,0.8766788766788767,0.5277113249022238,0.0306131694925282
bank_marketing,1,knn+winsor+yeojohnson+zscore,0.272067129611969,0.0205649751893195,0.425312669775034,0.4946302284519623,0.8766788766788767,0.5199825910343827,0.0295940373406741
bank_marketing,1,knn+quantile,0.2642878293991089,0.0069034162473065,0.4056109357915932,0.4938296452337966,0.8827838827838828,0.5748951079198927,0.0180140529214535
bank_marketing,1,knn+quantile+zscore,0.2640311121940613,0.0069034162458387,0.4056109329067146,0.4938296452337966,0.8815628815628815,0.5672025583333787,0.0181532102626758
bank_marketing,1,knn+winsor+quantile,0.2706163823604584,0.02574133885979,0.487292559480076,0.4946441429957913,0.8717948717948718,0.5009720005802989,0.0348457864352635
bank_marketing,1,knn+winsor+quantile+zscore,0.2691210210323334,0.0257413388597899,0.487292559480076,0.4946441429957913,0.873015873015873,0.4932413136601618,0.032796049802149
bank_marketing,2,mean,0.2769569158554077,0.0095361476262767,0.4394594210370776,0.4814829723254632,0.8901098901098901,0.6073741850257809,0.0146145279154235
bank_marketing,2,mean+zscore,0.2775949537754059,0.0095361474768929,0.4394594187058604,0.4814829723254632,0.8888888888888888,0.6000482975126781,0.0131285558835635
bank_marketing,2,mean+winsor,0.2777846455574035,0.0070772530273538,0.3788422467882226,0.4837709208893581,0.8852258852258852,0.5568794032324906,0.0136071697550669
bank_marketing,2,mean+winsor+zscore,0.278565376996994,0.0070772530273538,0.3788422467882226,0.4837709208893581,0.8827838827838828,0.5399737876802096,0.0200187940882821
bank_marketing,2,mean+yeojohnson,0.2864356338977813,0.0042204352659002,0.3636232571909739,0.480618282816085,0.8888888888888888,0.6059272967614012,0.0168740815586514
bank_marketing,2,mean+yeojohnson+zscore,0.2849530875682831,0.0042204353524302,0.363623257978508,0.480618282816085,0.8876678876678876,0.6044973544973545,0.0129637508601932
bank_marketing,2,mean+winsor+yeojohnson,0.2826272547245025,0.0047442530649136,0.3634224397254258,0.4804433571222338,0.8876678876678876,0.5732248855861163,0.0132150768651484
bank_marketing,2,mean+winsor+yeojohnson+zscore,0.2816278636455536,0.0047442530649136,0.3634224397254258,0.4804433571222338,0.8888888888888888,0.5811965811965811,0.0154305708859575
bank_marketing,2,mean+quantile,0.2856371402740478,0.0038733993271904,0.3798748975821975,0.4797560780466763,0.8864468864468864,0.5912581502052644,0.0210037573498829
bank_marketing,2,mean+quantile+zscore,0.2855183780193329,0.0038733993812382,0.3798748974512774,0.4797560780466763,0.8864468864468864,0.5912581502052644,0.0224259362552628
bank_marketing,2,mean+winsor+quantile,0.2807347774505615,0.0064990931259536,0.4157269933374831,0.4828465976207123,0.8913308913308914,0.6028971926976361,0.0260164260282039
bank_marketing,2,mean+winsor+quantile+zscore,0.280113011598587,0.0064990931259536,0.4157269933374831,0.4828465976207123,0.8888888888888888,0.5876931417728382,0.0190582679304884
bank_marketing,2,median,0.2738654613494873,0.0095870306534867,0.4833047682939012,0.4828316891808955,0.8901098901098901,0.6130952380952381,0.0216288151758494
bank_marketing,2,median+zscore,0.2747842967510223,0.009587030732595,0.4833047696265334,0.4828316891808955,0.8925518925518926,0.6271109271523179,0.0285915084665366
bank_marketing,2,median+winsor,0.2865898013114929,0.0328418984252747,0.5002017013006117,0.4933590354835775,0.8791208791208791,0.487169918724898,0.0249831836593311
bank_marketing,2,median+winsor+zscore,0.2881105542182922,0.0328418984252747,0.5002017013006117,0.4933590354835775,0.8827838827838828,0.4981617647058823,0.0184123436027685
bank_marketing,2,median+yeojohnson,0.2767426371574402,0.0081983887450991,0.4453218931378235,0.4803573851192899,0.8913308913308914,0.6145882352941177,0.0215664224310235
bank_marketing,2,median+yeojohnson+zscore,0.2775983810424804,0.0081983888704996,0.4453218925585737,0.4803573851192899,0.8901098901098901,0.6073741850257809,0.0229346469790653
bank_marketing,2,median+winsor+yeojohnson,0.2888724505901336,0.0319111060892363,0.4783082921465399,0.4920108155761391,0.8803418803418803,0.4877068014705882,0.0200984307697841
bank_marketing,2,median+winsor+yeojohnson+zscore,0.2887071371078491,0.0319111060892361,0.4783082921465399,0.4920108155761391,0.8803418803418803,0.4877068014705882,0.022275217505165
bank_marketing,2,median+quantile,0.2799525260925293,0.0078196973203121,0.4499051592245779,0.4785425310455835,0.8888888888888888,0.6116197751918998,0.0258411792753962
bank_marketing,2,median+quantile+zscore,0.2783770859241485,0.0078196972950836,0.4499051572245423,0.4785425310455835,0.8913308913308914,0.6201556043085614,0.0249758350397931
bank_marketing,2,median+winsor+quantile,0.2877616882324219,0.0394072088295847,0.5321005237299568,0.4927577284109641,0.8888888888888888,0.5744725798623997,0.0274700253146618
bank_marketing,2,median+winsor+quantile+zscore,0.2886896431446075,0.0394072088295848,0.5321005237299568,0.4927577284109641,0.8876678876678876,0.5663075010360547,0.0270036597246069
bank_marketing,2,knn,0.273047000169754,0.0092171082185763,0.4360925392123845,0.4814452042779271,0.8864468864468864,0.5786314525810324,0.0172648057250604
bank_marketing,2,knn+zscore,0.2722428739070892,0.0092171082408867,0.4360925393464884,0.4814452042779271,0.8888888888888888,0.5876931417728382,0.0143039813845148
bank_marketing,2,knn+winsor,0.2759650647640228,0.0142932089813431,0.4374030268132245,0.4873310563176253,0.8864468864468864,0.571992110453649,0.0159567474445581
bank_marketing,2,knn+winsor+zscore,0.274935632944107,0.0142932089813431,0.4374030268132245,0.4873310563176253,0.8888888888888888,0.5675090671695924,0.0188395791438036
bank_marketing,2,knn+yeojohnson,0.2767922282218933,0.0073814999115439,0.390174300504115,0.4784714674824564,0.8864468864468864,0.5786314525810324,0.0159623990419874
bank_marketing,2,knn+yeojohnson+zscore,0.2752377986907959,0.007381499920677,0.3901742988146282,0.4784714674824564,0.8864468864468864,0.5912581502052644,0.0151703687377901
bank_marketing,2,knn+winsor+yeojohnson,0.2787658274173736,0.013997763605908,0.4116995471022455,0.4864917111559359,0.8876678876678876,0.5663075010360547,0.0167111730400895
bank_marketing,2,knn+winsor+yeojohnson+zscore,0.2789172828197479,0.013997763605908,0.4116995471022455,0.4864917111559359,0.8876678876678876,0.5663075010360547,0.0168072330937135
bank_marketing,2,knn+quantile,0.2752934098243713,0.0069472649700708,0.4077731561604993,0.4759524381014002,0.8864468864468864,0.5850498755155075,0.0161867206495469
bank_marketing,2,knn+quantile+zscore,0.2756554782390594,0.0069472651007174,0.4077731557651546,0.4759524381014002,0.8864468864468864,0.5912581502052644,0.0173410562950758
bank_marketing,2,knn+winsor+quantile,0.2734169065952301,0.0169788361743462,0.4717776847781154,0.4871586153637435,0.8852258852258852,0.5958994708994709,0.0168841876389779
bank_marketing,2,knn+winsor+quantile+zscore,0.2742421627044678,0.0169788361743461,0.4717776847781153,0.4871586153637435,0.884004884004884,0.6003051458689722,0.018012550724295
bank_marketing,3,mean,0.2524406909942627,0.0089817693892232,0.4389536793205135,0.4871407252359632,0.8815628815628815,0.637539522851394,0.0147671044527829
bank_marketing,3,mean+zscore,0.2531077861785888,0.0089817694000199,0.4389536798085211,0.4871407252359632,0.8803418803418803,0.6404032258064516,0.0188740768420972
bank_marketing,3,mean+winsor,0.2644430100917816,0.0065010758611921,0.376436757086091,0.4966065906236847,0.8815628815628815,0.5313014389635214,0.0078893755818461
bank_marketing,3,mean+winsor+zscore,0.2638325989246368,0.0065010758611921,0.376436757086091,0.4966065906236847,0.8803418803418803,0.5224773917182294,0.0140902998246552
bank_marketing,3,mean+winsor+yeojohnson,0.2663398683071136,0.004550826633253,0.3607675575025954,0.4977644794494611,0.8791208791208791,0.5216375511070992,0.0108800959092211
bank_marketing,3,mean+winsor+yeojohnson+zscore,0.267082005739212,0.004550826633253,0.3607675575025954,0.4977644794494611,0.8852258852258852,0.5340958605664488,0.0064702151895879
bank_marketing,3,mean+quantile,0.2648364007472992,0.0037051240199246,0.377647702017392,0.4905164929584953,0.8864468864468864,0.6141821626303713,0.0143654050262274
bank_marketing,3,mean+quantile+zscore,0.2633290588855743,0.0037051241014112,0.3776477016174549,0.4905164929584953,0.8864468864468864,0.6087197743769939,0.0132642732580648
bank_marketing,3,mean+winsor+quantile,0.2649810314178467,0.0063593507728128,0.4134039995749091,0.4950839419703888,0.8827838827838828,0.5873015873015873,0.0102157778355665
bank_marketing,3,mean+winsor+quantile+zscore,0.2651418149471283,0.0063593507728128,0.4134039995749091,0.4950839419703888,0.8852258852258852,0.5837514598382283,0.0137740313206254
bank_marketing,3,median,0.2515559792518616,0.0090642355945333,0.4838458855156036,0.4867645356045844,0.8827838827838828,0.6477419354838709,0.0136975987344725
bank_marketing,3,median+zscore,0.2502113580703735,0.0090642357068799,0.483845886047042,0.4867645356045844,0.884004884004884,0.6493074492587702,0.016321185962621
bank_marketing,3,median+winsor,0.2644615173339844,0.0325100213714951,0.5025785383742314,0.5074947211699349,0.8815628815628815,0.5233257930769646,0.0246130137798696
bank_marketing,3,median+winsor+zscore,0.2633627653121948,0.0325100213714951,0.5025785383742314,0.5074947211699349,0.8815628815628815,0.5233257930769646,0.0180263203433436
bank_marketing,3,median+winsor+yeojohnson,0.2639400064945221,0.0316076891903905,0.4798277088845047,0.5066101537408009,0.8803418803418803,0.5142701525054466,0.0134654234326074
bank_marketing,3,median+winsor+yeojohnson+zscore,0.2624318599700928,0.0316076891903904,0.4798277088845046,0.5066101537408009,0.8791208791208791,0.5050513682951098,0.0188381184297312
bank_marketing,3,median+quantile,0.2567299902439117,0.0071882539281186,0.4486244367601539,0.4877912301599725,0.8827838827838828,0.6201739130434782,0.0112308428983257
bank_marketing,3,median+quantile+zscore,0.2583668828010559,0.00718825404906,0.448624438788767,0.4877912301599725,0.8815628815628815,0.6084719449988911,0.0135350747713966
bank_marketing,3,median+winsor+quantile,0.2629684507846832,0.0401355793724597,0.5350465252532017,0.5058115583146109,0.8791208791208791,0.5294878862614246,0.0210175862824669
bank_marketing,3,median+winsor+quantile+zscore,0.2630582451820373,0.0401355793724597,0.5350465252532017,0.5058115583146109,0.8791208791208791,0.537063575894259,0.0175516140329968
bank_marketing,3,knn,0.2624911069869995,0.0078822187490046,0.4372835138161898,0.4864663668082472,0.8803418803418803,0.6172897196261682,0.0200645972375322
bank_marketing,3,knn+zscore,0.2617499232292175,0.0078822187642459,0.4372835125741199,0.4864663668082472,0.8827838827838828,0.6251001335113484,0.0135522529901311
bank_marketing,3,knn+winsor,0.2732898592948913,0.0139856298475129,0.4400790197084316,0.5027478739322452,0.8827838827838828,0.5616413916146298,0.0088272689317463
bank_marketing,3,knn+winsor+zscore,0.2731900513172149,0.0139856298475129,0.4400790197084316,0.5027478739322452,0.8827838827838828,0.5683794466403163,0.0066208750628144
bank_marketing,3,knn+winsor+yeojohnson,0.2721495628356933,0.0136093994861112,0.4115346481233262,0.5022703069101115,0.8827838827838828,0.5474513054289266,0.0141348110304938
bank_marketing,3,knn+winsor+yeojohnson+zscore,0.272381067276001,0.0136093994861111,0.4115346481233262,0.5022703069101115,0.884004884004884,0.5557680778783294,0.0154425883176708
bank_marketing,3,knn+quantile,0.2686218321323395,0.0063084182246836,0.4001664210186971,0.4885500697466509,0.8791208791208791,0.5712835426305354,0.0219667935254954
bank_marketing,3,knn+quantile+zscore,0.2669164836406708,0.0063084181390862,0.4001664184749106,0.4885500697466509,0.8815628815628815,0.573677855590437,0.0140468091755123
bank_marketing,3,knn+winsor+quantile,0.2699280381202698,0.0172991432132189,0.4723906282400497,0.500152314560129,0.8803418803418803,0.607082713245085,0.0125848047608129
bank_marketing,3,knn+winsor+quantile+zscore,0.2700331807136535,0.0172991432132189,0.4723906282400497,0.500152314560129,0.8803418803418803,0.5962513582035494,0.0106662110094622
bank_marketing,4,mean,0.2685068249702453,0.0089994248971639,0.4389847761820893,0.4975502948640922,0.8888888888888888,0.6469108429625208,0.0189304470433711
bank_marketing,4,mean+zscore,0.2667205333709717,0.0089994249531584,0.4389847766535033,0.4975502948640922,0.8864468864468864,0.643721495895409,0.018751792418651
bank_marketing,4,mean+winsor,0.2694387137889862,0.0065498369839072,0.3776837398465409,0.4996305191665387,0.8925518925518926,0.6323607427055703,0.0265806529839251
bank_marketing,4,mean+winsor+zscore,0.2695165276527405,0.0065498369839072,0.3776837398465409,0.4996305191665387,0.8925518925518926,0.6216931216931216,0.024639368712247
bank_marketing,4,mean+winsor+yeojohnson,0.2713164985179901,0.0046595982481996,0.3634857889245859,0.4965489446563928,0.8876678876678876,0.6044973544973545,0.0275733655043428
bank_marketing,4,mean+winsor+yeojohnson+zscore,0.2713883519172668,0.0046595982481996,0.3634857889245859,0.4965489446563928,0.8876678876678876,0.6156498673740053,0.0289558244275523
bank_marketing,4,mean+quantile,0.2676571607589721,0.0037295662556402,0.3786372640725026,0.4896080720256544,0.894993894993895,0.6505140520800254,0.0200897150278382
bank_marketing,4,mean+quantile+zscore,0.2675418257713318,0.0037295662811387,0.3786372649536675,0.4896080720256544,0.8925518925518926,0.647176313934362,0.0152759044743864
bank_marketing,4,mean+winsor+quantile,0.2695686519145965,0.0065089505600262,0.4140382049275486,0.4937819382263826,0.8864468864468864,0.6686446392447741,0.0233843247241298
bank_marketing,4,mean+winsor+quantile+zscore,0.2704469263553619,0.0065089505600263,0.4140382049275486,0.4937819382263826,0.8864468864468864,0.6724239517970729,0.0212757418589423
bank_marketing,4,median,0.2655284106731415,0.009019051895722,0.4825069719871686,0.4962065474885987,0.8937728937728938,0.6667072058376406,0.0211887178403553
bank_marketing,4,median+zscore,0.2671973407268524,0.0090190516922163,0.4825069726296562,0.4962065474885987,0.8937728937728938,0.6708640321500334,0.0222072890972188
bank_marketing,4,median+winsor,0.2698728442192077,0.0323816462186449,0.5001404568443589,0.503000323513144,0.8852258852258852,0.6072944297082228,0.0146037212076059
bank_marketing,4,median+winsor+zscore,0.2658886611461639,0.0323816462186449,0.5001404568443589,0.503000323513144,0.884004884004884,0.6003051458689722,0.0148494543464484
bank_marketing,4,median+winsor+yeojohnson,0.266519546508789,0.0316934929733008,0.4795476139518353,0.5018151025477032,0.884004884004884,0.605885004837476,0.0147076074456994
bank_marketing,4,median+winsor+yeojohnson+zscore,0.2674358487129211,0.0316934929733008,0.4795476139518353,0.5018151025477032,0.8815628815628815,0.5918905173609506,0.0195692081882258
bank_marketing,4,median+quantile,0.2692604660987854,0.007117739946059,0.4469954433887759,0.4875621371347867,0.8913308913308914,0.64076291860723,0.0146505666739774
bank_marketing,4,median+quantile+zscore,0.2688722908496856,0.0071177397416275,0.4469954434615876,0.4875621371347867,0.8901098901098901,0.6292104310032597,0.0166292832447932
bank_marketing,4,median+winsor+quantile,0.2742037177085876,0.0394616576432867,0.5325119620605359,0.499742829413159,0.8827838827838828,0.6434609105750045,0.0171451779657813
bank_marketing,4,median+winsor+quantile+zscore,0.2694990932941437,0.0394616576432867,0.5325119620605359,0.499742829413159,0.884004884004884,0.6534869531524872,0.0184173941321134
bank_marketing,4,knn,0.2629785537719726,0.0074653366387754,0.4298291446552355,0.4966786480827995,0.894993894993895,0.6726070950468541,0.0163772725505852
bank_marketing,4,knn+zscore,0.2628571689128876,0.0074653367960426,0.4298291416423127,0.4966781511348057,0.8962148962148963,0.6701914467232337,0.0239849980643089
bank_marketing,4,knn+winsor,0.2620086967945099,0.013743792001986,0.4419258398344641,0.5044976278187512,0.8864468864468864,0.6246174318030606,0.0125640668566265
bank_marketing,4,knn+winsor+zscore,0.2608094215393066,0.013743792001986,0.4419258398344642,0.5044976278187512,0.8876678876678876,0.636,0.0154999700512495
bank_marketing,4,knn+winsor+yeojohnson,0.2598020732402801,0.0134337562825824,0.4145331895347641,0.5035295731266428,0.8876678876678876,0.6311388736586512,0.0086040382565741
bank_marketing,4,knn+winsor+yeojohnson+zscore,0.261131227016449,0.0134337562825824,0.4145331895347641,0.5035295731266428,0.8864468864468864,0.6246174318030606,0.0158750652102469
bank_marketing,4,knn+quantile,0.2622072100639343,0.0059674641811297,0.3989391868988325,0.4888149430273972,0.8925518925518926,0.6518260869565218,0.0179142335541227
bank_marketing,4,knn+quantile+zscore,0.2604370415210724,0.0059674643468222,0.3989391867200701,0.4888149430273972,0.894993894993895,0.6597391304347826,0.0206667136068891
bank_marketing,4,knn+winsor+quantile,0.2678888440132141,0.0166373642537501,0.4717896014162031,0.4989099445753903,0.8888888888888888,0.6375700870952212,0.0157488415674994
bank_marketing,4,knn+winsor+quantile+zscore,0.2684527337551117,0.0166373642537501,0.4717896014162031,0.4989099445753903,0.8901098901098901,0.6439130434782608,0.017784109627953
bank_marketing,5,mean,0.2555224299430847,0.0084029693944531,0.4413313637347832,0.495439756734018,0.8876678876678876,0.636,0.0263929470409258
bank_marketing,5,mean+zscore,0.2552454769611358,0.0084029695512978,0.441331366026254,0.495439756734018,0.8901098901098901,0.6391575937965066,0.0256473807042625
bank_marketing,5,mean+winsor,0.2561776638031006,0.0065462261432494,0.3824265442943998,0.4920823760872601,0.8888888888888888,0.6326901752051453,0.026531598361275
bank_marketing,5,mean+winsor+zscore,0.2555895447731018,0.0065462261432496,0.3824265442943998,0.4920823760872601,0.8901098901098901,0.6292104310032597,0.0263392569381238
bank_marketing,5,mean+winsor+yeojohnson,0.2598095834255218,0.0046765561249604,0.3681522646896212,0.4919203710412501,0.8864468864468864,0.6087197743769939,0.0221591339297637
bank_marketing,5,mean+winsor+yeojohnson+zscore,0.2560836970806122,0.0046765561249605,0.3681522646896212,0.4919203710412501,0.8864468864468864,0.6087197743769939,0.0220462445519928
bank_marketing,5,mean+quantile,0.2592767477035522,0.0036254021773899,0.3794880739230823,0.4958835312925667,0.8901098901098901,0.6240053050397878,0.0272371744207119
bank_marketing,5,mean+quantile+zscore,0.2600308358669281,0.0036254021254167,0.3794880744764213,0.4958835312925667,0.8876678876678876,0.626131311527469,0.0227517353163824
bank_marketing,5,mean+winsor+quantile,0.2596324384212494,0.0063991838995589,0.4167208203795108,0.4946108474802004,0.8888888888888888,0.6423083014575665,0.027897561062241
bank_marketing,5,mean+winsor+quantile+zscore,0.259168803691864,0.0063991838995587,0.4167208203795108,0.4946108474802004,0.8888888888888888,0.6423083014575665,0.0273972762810004
bank_marketing,5,median,0.2564331591129303,0.0083621347717992,0.4847609350660109,0.4946009085203224,0.8925518925518926,0.647176313934362,0.030394432818351
bank_marketing,5,median+zscore,0.2572471499443054,0.0083621345365966,0.4847609355966927,0.4946009085203224,0.8913308913308914,0.64076291860723,0.0284885435168413
bank_marketing,5,median+winsor,0.2699572741985321,0.02160012347108,0.4798653702028706,0.4905463098381291,0.8803418803418803,0.5847371688741723,0.0340911045179262
bank_marketing,5,median+winsor+zscore,0.2686370313167572,0.0216001234710802,0.4798653702028706,0.4905463098381291,0.8791208791208791,0.5774764587252537,0.0313088735963544
bank_marketing,5,median+winsor+yeojohnson,0.269767552614212,0.0212432555810538,0.4577994063589037,0.4916465526966138,0.8827838827838828,0.5932119205298013,0.0276487840109837
bank_marketing,5,median+winsor+yeojohnson+zscore,0.2684039175510406,0.0212432555810538,0.4577994063589036,0.4916465526966138,0.8791208791208791,0.5712835426305354,0.0360554596443316
bank_marketing,5,median+quantile,0.2589807212352752,0.0068883897195362,0.4486254455954489,0.4970965813456656,0.8901098901098901,0.6292104310032597,0.0238399690469688
bank_marketing,5,median+quantile+zscore,0.2591219842433929,0.0068883898559051,0.4486254466015439,0.4970965813456656,0.8901098901098901,0.6292104310032597,0.0242159389168642
bank_marketing,5,median+winsor+quantile,0.2675357162952423,0.0261290180818941,0.5122772538211247,0.4937024265473593,0.8791208791208791,0.5892906892516855,0.0265289629480923
bank_marketing,5,median+winsor+quantile+zscore,0.2674593329429626,0.0261290180818941,0.5122772538211247,0.4937024265473593,0.8791208791208791,0.583475888852929,0.02672193826191
bank_marketing,5,knn,0.2602064609527588,0.0083037499139426,0.4431796887649784,0.4951649444933939,0.8888888888888888,0.6375700870952212,0.0295342257171323
bank_marketing,5,knn+zscore,0.2593966126441955,0.0083037499115281,0.4431796905544287,0.4951649444933939,0.8864468864468864,0.6296045945039074,0.0279441372524396
bank_marketing,5,knn+winsor,0.2707103490829468,0.0216449857958478,0.4481089990292529,0.4931513112221292,0.8803418803418803,0.572474112583628,0.026904368720794
bank_marketing,5,knn+winsor+zscore,0.2700566351413727,0.0216449857958478,0.4481089990292529,0.4931513112221292,0.8803418803418803,0.5787037037037037,0.0273380582294766
bank_marketing,5,knn+winsor+yeojohnson,0.2694153487682342,0.0213927590864362,0.4228599722500857,0.4943310657596372,0.8803418803418803,0.5787037037037037,0.0254675127356625
bank_marketing,5,knn+winsor+yeojohnson+zscore,0.2689679563045501,0.0213927590864364,0.4228599722500857,0.4943310657596372,0.8791208791208791,0.5774764587252537,0.030853801594549
bank_marketing,5,knn+quantile,0.2638939321041107,0.0065533296810996,0.4074707617647282,0.4950218234711519,0.8852258852258852,0.6231201535207957,0.0264642011551629
bank_marketing,5,knn+quantile+zscore,0.2639123201370239,0.0065533299077464,0.4074707626749248,0.4950218234711519,0.8852258852258852,0.6180037313432836,0.0261591127795032
bank_marketing,5,knn+winsor+quantile,0.2683391571044922,0.0261438385417124,0.4840793828774064,0.4968694761124553,0.8815628815628815,0.5860122878419152,0.0247658486768002
bank_marketing,5,knn+winsor+quantile+zscore,0.2707579135894775,0.0261438385417124,0.4840793828774064,0.4968694761124553,0.8827838827838828,0.5932119205298013,0.0253284847197806
bank_marketing,6,mean,0.2662846446037292,0.008810705488858,0.4411506718851116,0.5039465124935211,0.8901098901098901,0.5890388046387154,0.0328635862313201
bank_marketing,6,mean+zscore,0.2668939530849457,0.0088107052428615,0.441150672460973,0.5039465124935211,0.8888888888888888,0.5876931417728382,0.0356828924791571
bank_marketing,6,mean+winsor,0.2713727355003357,0.0065715955682298,0.3845366392314099,0.5010473178971347,0.8925518925518926,0.5917803253432417,0.032240855752039
bank_marketing,6,mean+winsor+zscore,0.271694004535675,0.0065715955682298,0.3845366392314099,0.5010473178971347,0.8901098901098901,0.5825026054646789,0.0350012342571775
bank_marketing,6,mean+winsor+yeojohnson,0.2699901759624481,0.0046703528585589,0.367402876220397,0.5043942626360209,0.8888888888888888,0.5744725798623997,0.0332706699441203
bank_marketing,6,mean+winsor+yeojohnson+zscore,0.2709835469722748,0.0046703528585591,0.3674028762203969,0.5043942626360209,0.8864468864468864,0.5580037719425505,0.035519672328008
bank_marketing,6,mean+quantile,0.272126168012619,0.0039147919187733,0.3787313244153324,0.5083743191191298,0.8876678876678876,0.5663075010360547,0.0335532482144887
bank_marketing,6,mean+quantile+zscore,0.2708233892917633,0.0039147919236015,0.3787313233539905,0.5083743191191298,0.8876678876678876,0.5663075010360547,0.0329621071780557
bank_marketing,6,mean+winsor+quantile,0.272163838148117,0.006759876322702,0.4148461698788114,0.4974692923410872,0.8888888888888888,0.5811965811965811,0.0378535217417901
bank_marketing,6,mean+winsor+quantile+zscore,0.2685579061508178,0.006759876322702,0.4148461698788113,0.4974692923410872,0.8913308913308914,0.5904010519395134,0.0311666940303658
bank_marketing,6,median,0.2649399638175964,0.0088151123600338,0.4845041491504057,0.5019820770736522,0.8901098901098901,0.5825026054646789,0.0354008542894588
bank_marketing,6,median+zscore,0.2649151086807251,0.008815112700923,0.4845041509343835,0.5019820770736522,0.8901098901098901,0.5825026054646789,0.0353767553819695
bank_marketing,6,median+winsor,0.2719265818595886,0.0223522903338601,0.4821193680153246,0.4973485339785706,0.8803418803418803,0.5380232076253626,0.0269217885603106
bank_marketing,6,median+winsor+zscore,0.2720226943492889,0.0223522903338601,0.4821193680153245,0.4973485339785706,0.8803418803418803,0.5303899082568808,0.0275609148291004
bank_marketing,6,median+winsor+yeojohnson,0.2748136520385742,0.0217969976145917,0.4588084806544741,0.5002651217547432,0.8803418803418803,0.5303899082568808,0.0279802766620603
bank_marketing,6,median+winsor+yeojohnson+zscore,0.2735215127468109,0.0217969976145917,0.4588084806544741,0.5002651217547432,0.8815628815628815,0.5233257930769646,0.0307116359290331
bank_marketing,6,median+quantile,0.2686741948127746,0.0073250121771913,0.4490701347012362,0.5077670486705895,0.8913308913308914,0.6028971926976361,0.0283122320314903
bank_marketing,6,median+quantile+zscore,0.2697674036026001,0.0073250122273865,0.4490701365349918,0.5077670486705895,0.8888888888888888,0.5939735341065718,0.0297055053769159
bank_marketing,6,median+winsor+quantile,0.2749074399471283,0.0277203895588932,0.5116695031036783,0.4939807174239409,0.8815628815628815,0.5064579256360078,0.0283342505258226
bank_marketing,6,median+winsor+quantile+zscore,0.2742921113967895,0.0277203895588932,0.5116695031036783,0.4939807174239409,0.8803418803418803,0.5057515148529484,0.0284352429911621
bank_marketing,6,knn,0.271147608757019,0.0085837297831895,0.4423016489687655,0.5035981519498004,0.8913308913308914,0.596754830964644,0.0283549863194662
bank_marketing,6,knn+zscore,0.2721720933914184,0.0085837297252535,0.4423016496615369,0.5035981519498004,0.8901098901098901,0.5953557312252964,0.0314705788143097
bank_marketing,6,knn+winsor,0.2703315317630768,0.0224808052790866,0.4564894264626034,0.4964644634974305,0.8815628815628815,0.4882470029696528,0.0258592510543609
bank_marketing,6,knn+winsor+zscore,0.2701209485530853,0.0224808052790866,0.4564894264626034,0.4964644634974305,0.8803418803418803,0.4969035202086049,0.0281152066584762
bank_marketing,6,knn+winsor+yeojohnson,0.2699697017669678,0.0220273827920247,0.4288866398151107,0.5001408847562695,0.8827838827838828,0.4981617647058823,0.0227745021801437
bank_marketing,6,knn+winsor+yeojohnson+zscore,0.2706761658191681,0.0220273827920247,0.4288866398151107,0.5001408847562695,0.8815628815628815,0.4975301223870212,0.0257251609084952
bank_marketing,6,knn+quantile,0.2754584550857544,0.007057619952652,0.4073683837042302,0.5075449129173183,0.8913308913308914,0.596754830964644,0.0282237430049677
bank_marketing,6,knn+quantile+zscore,0.2754453420639038,0.0070576200022011,0.4073683820946789,0.5075449129173183,0.8901098901098901,0.5825026054646789,0.024246513989091
bank_marketing,6,knn+winsor+quantile,0.2738755345344543,0.0274688184601011,0.4844383816900316,0.4925549736294547,0.8791208791208791,0.487169918724898,0.0254444505414392
bank_marketing,6,knn+winsor+quantile+zscore,0.2753086984157562,0.0274688184601011,0.4844383816900316,0.4925549736294547,0.8778998778998779,0.4866362451108214,0.0284291909000084
bank_marketing,7,mean,0.2571771144866943,0.0084257728410557,0.4429339724559168,0.5109137233679358,0.8815628815628815,0.6031124322433992,0.0184593720313829
bank_marketing,7,mean+zscore,0.2561328709125519,0.0084257726460389,0.4429339721644407,0.5109137233679358,0.8827838827838828,0.6044911264034769,0.0180414135639483
bank_marketing,7,mean+winsor,0.2570506930351257,0.0066061264128258,0.3814570485241156,0.5061161874348689,0.884004884004884,0.6216391019125935,0.0227618582810528
bank_marketing,7,mean+winsor+zscore,0.2580308318138122,0.006606126412826,0.3814570485241156,0.5061161874348689,0.8876678876678876,0.640720961281709,0.0225688248909145
bank_marketing,7,mean+winsor+yeojohnson,0.2618612051010132,0.0044518320237632,0.3637494403586829,0.5026037590140154,0.8791208791208791,0.6003992015968064,0.0234947553921094
bank_marketing,7,mean+winsor+yeojohnson+zscore,0.2625193297863006,0.0044518320237632,0.3637494403586829,0.5026037590140154,0.8791208791208791,0.6057081167299658,0.0219731263916425
bank_marketing,7,mean+quantile,0.2620419859886169,0.0037830649565733,0.3799880246753727,0.5081303176541273,0.8754578754578755,0.5677876655629139,0.023829963399377
bank_marketing,7,mean+quantile+zscore,0.2621972560882568,0.0037830649520341,0.3799880246899147,0.5081303176541273,0.8766788766788767,0.5750612603449073,0.0222778842126056
bank_marketing,7,mean+winsor+quantile,0.2608461380004883,0.0063946585273271,0.4169437689465453,0.5067229609354152,0.884004884004884,0.6216391019125935,0.0219972298113272
bank_marketing,7,mean+winsor+quantile+zscore,0.2593780159950256,0.0063946585273271,0.4169437689465453,0.5067229609354152,0.8815628815628815,0.6084719449988911,0.0190328746779352
bank_marketing,7,median,0.2534675598144531,0.0085043915733432,0.4853367741278303,0.5104132967380831,0.8913308913308914,0.64076291860723,0.0142136919920552
bank_marketing,7,median+zscore,0.2543408870697021,0.0085043915234293,0.4853367727178667,0.5104132967380831,0.8852258852258852,0.6180037313432836,0.0186619370702713
bank_marketing,7,median+winsor,0.2685708701610565,0.0325792233184071,0.5028542076860881,0.5020461833648647,0.8852258852258852,0.5340958605664488,0.0170533132349324
bank_marketing,7,median+winsor+zscore,0.2674983143806457,0.0325792233184071,0.5028542076860881,0.5020461833648647,0.8876678876678876,0.551713469776297,0.0190230031589885
bank_marketing,7,median+winsor+yeojohnson,0.2703415155410766,0.0316793259862925,0.4790638533339377,0.5007218169611333,0.8888888888888888,0.5528107955670493,0.0220542670897366
bank_marketing,7,median+winsor+yeojohnson+zscore,0.2710660398006439,0.0316793259862925,0.4790638533339377,0.5007218169611333,0.8864468864468864,0.5350482550651031,0.0187959104084998
bank_marketing,7,median+quantile,0.2610999047756195,0.0073256224091242,0.4504148513506721,0.5105330612046118,0.8803418803418803,0.5847371688741723,0.0251320714770073
bank_marketing,7,median+quantile+zscore,0.261711448431015,0.0073256225699493,0.4504148494487733,0.5105330612046118,0.8791208791208791,0.5774764587252537,0.026873688048641
bank_marketing,7,median+winsor+quantile,0.2727707028388977,0.0404039942082083,0.5343952493307711,0.5034535400835768,0.8888888888888888,0.5811965811965811,0.0289619459482921
bank_marketing,7,median+winsor+quantile+zscore,0.2711879312992096,0.0404039942082082,0.5343952493307711,0.5034535400835768,0.8876678876678876,0.5799063336306869,0.0378282297225225
bank_marketing,7,knn,0.265410304069519,0.0083426970949975,0.4409474660824334,0.5101732708570316,0.8791208791208791,0.6003992015968064,0.0213606531512315
bank_marketing,7,knn+zscore,0.2643879055976867,0.0083426970925961,0.4409474660748672,0.5101732708570316,0.8778998778998779,0.6043478260869566,0.0235240068627801
bank_marketing,7,knn+winsor,0.2703065574169159,0.0215998735502618,0.450799333058212,0.5006373358021711,0.8852258852258852,0.5837514598382283,0.0153660648326152
bank_marketing,7,knn+winsor+zscore,0.2694286704063415,0.0215998735502617,0.450799333058212,0.5006373358021711,0.8864468864468864,0.5850498755155075,0.0129798751174311
bank_marketing,7,knn+winsor+yeojohnson,0.271755963563919,0.0210560576224528,0.423289569056637,0.498754399853301,0.8864468864468864,0.5850498755155075,0.0177465726022172
bank_marketing,7,knn+winsor+yeojohnson+zscore,0.2713876962661743,0.0210560576224528,0.423289569056637,0.498754399853301,0.8852258852258852,0.5773715415019762,0.0150838735193851
bank_marketing,7,knn+quantile,0.2693897485733032,0.0069205018685774,0.406986569270275,0.5092136642808194,0.8778998778998779,0.5762624172185431,0.02523080376915
bank_marketing,7,knn+quantile+zscore,0.2704192399978637,0.0069205018892105,0.4069865691506571,0.5092136642808194,0.8791208791208791,0.583475888852929,0.0245685463859921
bank_marketing,7,knn+winsor+quantile,0.2750632762908935,0.0263059771066936,0.4838270886755271,0.5023170200215378,0.884004884004884,0.5945481169585767,0.0142475177371312
bank_marketing,7,knn+winsor+quantile+zscore,0.2751592397689819,0.0263059771066936,0.4838270886755271,0.5023170200215378,0.8827838827838828,0.5873015873015873,0.0161854068001547
EEG,42,mean,0.4184265434741974,0.0678841422335801,0.2594716413242711,0.4914472765510616,0.8058608058608059,0.8006832614714918,0.0330798002244206
EEG,42,mean+zscore,0.4202593564987182,0.0678841422335802,0.2594716413242715,0.4914472765510616,0.8083028083028083,0.8030300013020734,0.0312954054938422
EEG,42,mean+winsor,0.4380113780498504,0.0223042723922104,0.1359693455445857,0.4942386334327726,0.7997557997557998,0.7941630806576189,0.0243503099832779
EEG,42,mean+winsor+zscore,0.4423850178718567,0.0223042723922102,0.1359693455445864,0.4942386334327726,0.7985347985347986,0.7933276338549019,0.0289714660982217
EEG,42,mean+yeojohnson,0.5308665633201599,1.0004070004070005,0.7973407187541098,0.4973544973544974,0.778998778998779,0.7690481272425027,0.1275380508512513
EEG,42,mean+yeojohnson+zscore,0.4244573712348938,0.062139918228955,0.2511597775880521,0.4917489239833562,0.7997557997557998,0.7938167751442957,0.0365926477789733
EEG,42,mean+winsor+yeojohnson,0.520633339881897,0.258143790691506,0.61384973025487,0.4885127986471088,0.7814407814407814,0.7740626979442311,0.0980083654215047
EEG,42,mean+winsor+yeojohnson+zscore,0.4458193480968475,0.0210910128353897,0.1605259839261634,0.4943161573198203,0.7948717948717948,0.7886061946902654,0.0225956552049033
EEG,42,mean+quantile,0.4255633354187011,0.0216652741050011,0.026737187859186,0.4941710485056028,0.7997557997557998,0.7951350757742148,0.0182924415456797
EEG,42,mean+quantile+zscore,0.4242418110370636,0.0216652741050011,0.026737187859186,0.4941710485056028,0.796092796092796,0.7911495911495912,0.0219153895046247
EEG,42,mean+winsor+quantile,0.4642371535301208,0.0684385740189267,0.3239657383855451,0.4926990885476844,0.7851037851037851,0.7794614443084456,0.0136288174488314
EEG,42,mean+winsor+quantile+zscore,0.4607715010643005,0.0684385740189268,0.3239657383855451,0.4926990885476844,0.78998778998779,0.784299434059338,0.0171886640299516
EEG,42,median,0.4142489731311798,0.0700016199415111,0.2731347871833596,0.4912912348809785,0.8058608058608059,0.8008429926238145,0.0310428410368233
EEG,42,median+zscore,0.4145557880401611,0.0700016199415115,0.2731347871833598,0.4912912348809785,0.8046398046398047,0.7993483107528726,0.0357175149178184
EEG,42,median+winsor,0.4400214850902557,0.0229964289858917,0.1474027299797729,0.4937590786186634,0.800976800976801,0.7961519961519962,0.0215347009700733
EEG,42,median+winsor+zscore,0.4395616948604584,0.0229964289858918,0.1474027299797729,0.4937590786186634,0.7985347985347986,0.7938082195961152,0.0205900184400788
EEG,42,median+yeojohnson,0.530063271522522,1.0004070004070005,0.7973407187541101,0.4973544973544974,0.7753357753357754,0.7645875251509054,0.1208298496710948
EEG,42,median+yeojohnson+zscore,0.4215461313724518,0.063980667983417,0.2626739640501,0.4913528564322216,0.8083028083028083,0.8031903902580139,0.0171768235199617
EEG,42,median+winsor+yeojohnson,0.5228316187858582,0.384204216850913,0.7065329624814607,0.4897775312915728,0.7667887667887668,0.7570468964767458,0.0978859564032455
EEG,42,median+winsor+yeojohnson+zscore,0.4443379938602447,0.0215638271995197,0.1705133003563512,0.4934430196945459,0.7863247863247863,0.7806262311793148,0.0187410221722827
EEG,42,median+quantile,0.4270270764827728,0.0214707175730971,0.0291935003751937,0.4940567504670068,0.8021978021978022,0.7970042839657283,0.0217386054759788
EEG,42,median+quantile+zscore,0.4255644977092743,0.0214707175730971,0.0291935003751937,0.4940567504670068,0.8021978021978022,0.7970042839657283,0.0191780697003971
EEG,42,median+winsor+quantile,0.4636434614658355,0.0680513753349255,0.3284281826527809,0.4928889226813525,0.7814407814407814,0.7746669597308319,0.0128990571140806
EEG,42,median+winsor+quantile+zscore,0.4586084485054016,0.0680513753349255,0.3284281826527809,0.4928889226813525,0.7777777777777778,0.7717587034813926,0.0155336105052076
EEG,42,knn,0.3076050877571106,0.0824992780495535,0.2385815135550242,0.495116243589992,0.8644688644688645,0.861791065198057,0.0128105485832298
EEG,42,knn+zscore,0.3082667887210846,0.0824992780495531,0.238581513555024,0.495116243589992,0.873015873015873,0.870726080621661,0.0135411398896949
EEG,42,knn+winsor,0.3283922374248504,0.037111238345912,0.1174888304622065,0.495615676323857,0.8547008547008547,0.8517263675158412,0.0095511762213794
EEG,42,knn+winsor+zscore,0.3292059600353241,0.0371112383459123,0.1174888304622062,0.495615676323857,0.8595848595848596,0.856908891748466,0.0086791831204014
EEG,42,knn+yeojohnson,0.4575749039649963,1.0004070004070005,0.7973407187541096,0.4973544973544974,0.8449328449328449,0.8407973220558456,0.1608973050146603
EEG,42,knn+yeojohnson+zscore,0.3125927746295929,0.0760001670434383,0.22702412812634,0.4950918931382912,0.873015873015873,0.8705516176488468,0.0094939287620003
EEG,42,knn+winsor+yeojohnson,0.4648848474025726,1.0004070004070005,0.7973407187540982,0.4973544973544974,0.8388278388278388,0.8344623563711199,0.1555157971906138
EEG,42,knn+winsor+yeojohnson+zscore,0.3325304090976715,0.0356067270148411,0.1123317229032922,0.4955714479524003,0.8559218559218559,0.8530240169359549,0.0161147795171819
EEG,42,knn+quantile,0.3150192201137543,0.0315999785868212,0.0130472141063561,0.4963357539670116,0.8693528693528694,0.8670408149331585,0.0189408301142691
EEG,42,knn+quantile+zscore,0.3150372505187988,0.0315999785868212,0.0130472141063561,0.4963357539670116,0.8705738705738706,0.8682400437105391,0.029096983800732
EEG,42,knn+winsor+quantile,0.3441604077816009,0.0917330506594075,0.2918632472681922,0.4913424205243497,0.8522588522588522,0.8490175376050679,0.0327956653194404
EEG,42,knn+winsor+quantile+zscore,0.3466731905937195,0.0917330506594074,0.2918632472681922,0.4913424205243497,0.8522588522588522,0.8490175376050679,0.0260745114459222
EEG,1,mean,0.4598678052425384,0.2713539979386495,0.4837084527322252,0.4981829096603212,0.7765567765567766,0.77289471092288,0.0233693315723731
EEG,1,mean+zscore,0.4611199200153351,0.2713539979386495,0.4837084527322252,0.4981829096603212,0.7838827838827839,0.7806120518614144,0.0226508638069888
EEG,1,mean+winsor,0.4824043214321136,0.0204875302768828,0.137877548129185,0.4910218890682871,0.7753357753357754,0.7714344650180796,0.0281648400793436
EEG,1,mean+winsor+zscore,0.4830887913703918,0.0204875302768834,0.1378775481291835,0.4910218890682871,0.7704517704517705,0.7664656490402116,0.0247500479148566
EEG,1,mean+yeojohnson,0.5406428575515747,0.2612526534589929,0.5654622802076565,0.4975006000647026,0.7643467643467643,0.757043146525422,0.1163607078885275
EEG,1,mean+yeojohnson+zscore,0.470278799533844,0.1120801697627719,0.3326771483327283,0.4970255177825385,0.7777777777777778,0.7737706410879068,0.0237302685540819
EEG,1,mean+winsor+yeojohnson,0.5431979298591614,0.311893905381548,0.6603174856670265,0.5000827418409836,0.7509157509157509,0.7445789763346176,0.0691346211020035
EEG,1,mean+winsor+yeojohnson+zscore,0.4883699715137481,0.0201617648173724,0.1374567348361637,0.4912022811900712,0.7765567765567766,0.7730364030365393,0.0389472254175551
EEG,1,mean+quantile,0.4727899432182312,0.0203211322041132,0.0271513237141778,0.4913816794158674,0.7728937728937729,0.7689500570291455,0.0262098937535315
EEG,1,mean+quantile+zscore,0.4752174615859985,0.0203211322041132,0.0271513237141778,0.4913816794158674,0.7655677655677655,0.7618003126552673,0.0327913181831257
EEG,1,mean+winsor+quantile,0.4890636801719665,0.0524134640780101,0.3256926155147361,0.497270513143529,0.7704517704517705,0.7669068669008114,0.0365662507812909
EEG,1,mean+winsor+quantile+zscore,0.4899042248725891,0.0524134640780101,0.3256926155147361,0.497270513143529,0.7728937728937729,0.7693865810827176,0.0476789922795744
EEG,1,median,0.4505215883255005,0.2730632997113585,0.4886421916983107,0.49797866403483,0.7851037851037851,0.7821729511466808,0.0152428506058214
EEG,1,median+zscore,0.4537646770477295,0.2730632997113585,0.4886421916983108,0.49797866403483,0.7936507936507936,0.790135324665479,0.0129477114613385
EEG,1,median+winsor,0.4695484638214111,0.0209230188462363,0.1472269251464959,0.4907192477400047,0.778998778998779,0.7749388532188789,0.0195618158295041
EEG,1,median+winsor+zscore,0.4676414430141449,0.020923018846236,0.1472269251464956,0.4907192477400047,0.7802197802197802,0.776687793114313,0.0178142615727016
EEG,1,median+yeojohnson,0.535386323928833,0.2632811922472138,0.5707287519172781,0.4975020909086843,0.7716727716727717,0.7648001032002838,0.1212300658226013
EEG,1,median+yeojohnson+zscore,0.4636237323284149,0.1127137180077843,0.3415570508606386,0.4969355701956434,0.7814407814407814,0.7777172965391759,0.0265051441606002
EEG,1,median+winsor+yeojohnson,0.5335544347763062,0.3350339849369785,0.6602454658941431,0.4959108634322309,0.7619047619047619,0.7551531969368278,0.0920103076613429
EEG,1,median+winsor+yeojohnson+zscore,0.473607987165451,0.0197627527640948,0.1694202305171196,0.490627809309128,0.7826617826617827,0.7781339031339032,0.0264803989902957
EEG,1,median+quantile,0.4656804203987121,0.0203119237701144,0.0296604822159765,0.4901452728070554,0.7753357753357754,0.7711317659923456,0.0309411275663364
EEG,1,median+quantile+zscore,0.466657429933548,0.0203119237701144,0.0296604822159765,0.4901452728070554,0.7728937728937729,0.7681623931623932,0.0339584920432541
EEG,1,median+winsor+quantile,0.481435477733612,0.0521289822167256,0.3300788571965274,0.4966930595746224,0.7741147741147741,0.7709679613631726,0.0338240089725079
EEG,1,median+winsor+quantile+zscore,0.4806382060050964,0.0521289822167256,0.3300788571965274,0.4966930595746224,0.7704517704517705,0.7675824175824175,0.036325778134431
EEG,1,knn,0.325842022895813,0.2730579679046151,0.4545683381661963,0.4945879878724811,0.8595848595848596,0.8576287327392694,0.0126330844503036
EEG,1,knn+zscore,0.3261919915676117,0.2730579679046151,0.4545683381661962,0.4945879878724811,0.8547008547008547,0.8526766886606354,0.0346344411009251
EEG,1,knn+winsor,0.337906002998352,0.0332833232855447,0.1152782115806836,0.4870989816044761,0.8547008547008547,0.8526766886606354,0.0145437924125401
EEG,1,knn+winsor+zscore,0.340036541223526,0.0332833232855439,0.1152782115806809,0.4870989816044761,0.8547008547008547,0.8526766886606354,0.0103354586495293
EEG,1,knn+yeojohnson+zscore,0.3338671624660492,0.1220204307077615,0.3022096301773297,0.4923606669638415,0.8534798534798534,0.8513953235190943,0.0215609078005556
EEG,1,knn+winsor+yeojohnson,0.4502911865711212,1.0004070004070005,0.7973407187540931,0.4993894993894994,0.8583638583638583,0.8554131054131053,0.1723007931668534
EEG,1,knn+winsor+yeojohnson+zscore,0.3397327959537506,0.0323585701075234,0.1103233273997451,0.4872883187901503,0.8461538461538461,0.8438725490196078,0.0106349392397208
EEG,1,knn+quantile,0.3246957659721374,0.0300587653793698,0.0129167273603795,0.4874046046207218,0.8571428571428571,0.8553171764329297,0.0058130943585955
EEG,1,knn+quantile+zscore,0.3244907557964325,0.0300587653793698,0.0129167273603795,0.4874046046207218,0.8547008547008547,0.8528439657736635,0.0133561519621638
EEG,1,knn+winsor+quantile,0.3692524135112762,0.0809940875877177,0.2925325932544281,0.4896269560494224,0.8363858363858364,0.8341544059866774,0.0173279438554439
EEG,1,knn+winsor+quantile+zscore,0.3687960207462311,0.0809940875877177,0.2925325932544281,0.4896269560494224,0.8351648351648352,0.8328685123460988,0.0165385060257964
EEG,2,mean,0.3990156054496765,0.0648619108834356,0.2570503144247757,0.4775789488854201,0.8168498168498168,0.8139064942619276,0.0218264315736744
EEG,2,mean+zscore,0.3986366391181946,0.0648619108834356,0.2570503144247759,0.4775789488854201,0.811965811965812,0.8085751578436133,0.0175132784942421
EEG,2,mean+winsor,0.4122901558876037,0.0226413931959147,0.1372917253587255,0.4750062491210232,0.8095238095238095,0.8066993464052288,0.0275178676123147
EEG,2,mean+winsor+zscore,0.4153026640415191,0.0226413931959139,0.1372917253587263,0.4750062491210232,0.8168498168498168,0.8140214363570304,0.0357220503291222
EEG,2,mean+yeojohnson,0.5267504453659058,1.0004070004070005,0.797340718754109,0.4847374847374848,0.7924297924297924,0.7860896017699115,0.1475576348648257
EEG,2,mean+yeojohnson+zscore,0.3991409242153168,0.0594071090112051,0.2486108907577265,0.4772007714620658,0.8107448107448108,0.8070055414927824,0.0193863148654336
EEG,2,mean+winsor+yeojohnson,0.5300194621086121,0.3184805919580279,0.6594295540380275,0.4823764848184872,0.7753357753357754,0.769436964504284,0.1083481796495207
EEG,2,mean+winsor+yeojohnson+zscore,0.4144589304924011,0.0221402824529843,0.1369203384530432,0.4747806347317946,0.8070818070818071,0.8041025796294053,0.0191705088621239
EEG,2,mean+quantile,0.4075671732425689,0.0216831324158728,0.0276599032087949,0.4729483874783021,0.8144078144078144,0.8113063407181054,0.0208004747263823
EEG,2,mean+quantile+zscore,0.4072768688201904,0.0216831324158728,0.0276599032087949,0.4729483874783021,0.8168498168498168,0.8136694008299561,0.0229507077744592
EEG,2,mean+winsor+quantile,0.4301798939704895,0.0639495881082796,0.3265849356991253,0.4810655360105909,0.8058608058608059,0.8026790111297153,0.0250424239079448
EEG,2,mean+winsor+quantile+zscore,0.4308611452579498,0.0639495881082796,0.3265849356991253,0.4810655360105909,0.8095238095238095,0.8065822938113116,0.0226647383709675
EEG,2,median,0.3906146287918091,0.0671056582753223,0.2712927689179824,0.4775660282375789,0.8168498168498168,0.8131661232236714,0.0197553554588476
EEG,2,median+zscore,0.3909894227981567,0.0671056582753225,0.2712927689179824,0.4775660282375789,0.8241758241758241,0.8206394782947245,0.026477093006665
EEG,2,median+winsor,0.4116376638412475,0.023425210254002,0.149240029249651,0.4755643217181679,0.8168498168498168,0.8135472316658572,0.0305361716447441
EEG,2,median+winsor+zscore,0.4086240828037262,0.0234252102540021,0.149240029249651,0.4755643217181679,0.8217338217338217,0.818519305488101,0.0339763911215813
EEG,2,median+yeojohnson,0.5198114514350891,1.0004070004070005,0.7973407187541095,0.4847374847374848,0.8083028083028083,0.8031903902580139,0.1623730663851504
EEG,2,median+yeojohnson+zscore,0.3863470256328583,0.0611652569624377,0.2600490929999971,0.4771326895869021,0.8229548229548229,0.8198216650963364,0.0263373020658853
EEG,2,median+winsor+yeojohnson,0.5325468182563782,0.3921350057264371,0.7064232494400808,0.4873385105375338,0.7582417582417582,0.7520913593835994,0.0913109883429512
EEG,2,median+winsor+yeojohnson+zscore,0.4140386879444122,0.0227406268333684,0.1483063341103071,0.4752582017539282,0.8168498168498168,0.8141339869281046,0.0331923516969831
EEG,2,median+quantile,0.3966462910175323,0.0215723902899483,0.030024328876475,0.4738816558108378,0.8192918192918193,0.8155270655270656,0.036906855301397
EEG,2,median+quantile+zscore,0.399118423461914,0.0215723902899483,0.030024328876475,0.4738816558108378,0.818070818070818,0.814214180991631,0.0304104235291626
EEG,2,median+winsor+quantile,0.4248307645320892,0.0636232223610259,0.3307368523584716,0.4814601127177439,0.8046398046398047,0.8016228654474991,0.0160737633705139
EEG,2,median+winsor+quantile+zscore,0.4207578003406524,0.0636232223610259,0.3307368523584716,0.4814601127177439,0.8131868131868132,0.8102435500797296,0.0249514131464509
EEG,2,knn,0.3120186924934387,0.0787531432788958,0.2349083768264974,0.4761218973673186,0.8705738705738706,0.8681519956260251,0.0258525323227357
EEG,2,knn+zscore,0.3051571249961853,0.0787531432788962,0.234908376826499,0.4761218973673186,0.8791208791208791,0.877139761646804,0.0279466316231295
EEG,2,knn+winsor,0.3212068676948547,0.0379956593145648,0.122844360380768,0.4762839024133285,0.8693528693528694,0.8668630558007466,0.030567467431009
EEG,2,knn+winsor+zscore,0.3207870721817016,0.037995659314565,0.1228443603807683,0.4762839024133285,0.8693528693528694,0.8669528027316025,0.0266495274245666
EEG,2,knn+yeojohnson,0.4577286839485168,1.0004070004070005,0.7973407187541092,0.4847374847374848,0.8644688644688645,0.8616943428088939,0.1818093717898786
EEG,2,knn+yeojohnson+zscore,0.3055833578109741,0.0728256017539552,0.2241192932010297,0.4759743038131316,0.8754578754578755,0.8732121175327829,0.0208527022229009
EEG,2,knn+winsor+yeojohnson,0.4655728042125702,1.0004070004070005,0.7973407187541021,0.4847374847374848,0.8547008547008547,0.8511784511784513,0.1743969516294197
EEG,2,knn+winsor+yeojohnson+zscore,0.3200441300868988,0.0367289098579627,0.116571829163568,0.4758187590910424,0.8681318681318682,0.8655728337122639,0.0198070877055399
EEG,2,knn+quantile,0.3139892220497131,0.0319589852444557,0.0133212418036749,0.4752666498698244,0.8766788766788767,0.8744964701705515,0.0225068736134576
EEG,2,knn+quantile+zscore,0.3134509027004242,0.0319589852444557,0.0133212418036749,0.4752666498698244,0.8742368742368742,0.8719265297322902,0.0224320881969326
EEG,2,knn+winsor+quantile,0.3415637612342834,0.0924169321182323,0.2967185182365607,0.4809313600522391,0.8473748473748474,0.8449702206533739,0.0121422281195392
EEG,2,knn+winsor+quantile+zscore,0.3431339859962463,0.0924169321182322,0.2967185182365606,0.4809313600522391,0.8473748473748474,0.8447746484212122,0.0121492782791892
EEG,3,mean,0.4385334253311157,0.2116364821805173,0.4529467812755671,0.4819133292881767,0.8046398046398047,0.7998264673893118,0.024298555830605
EEG,3,mean+zscore,0.4413659572601318,0.2116364821805177,0.4529467812755664,0.4819133292881767,0.8034188034188035,0.7986531986531986,0.0160737451761778
EEG,3,mean+winsor,0.4479327499866485,0.0217989090671103,0.1348054389239552,0.4756875648206539,0.78998778998779,0.7856125356125356,0.0166840874959552
EEG,3,mean+winsor+zscore,0.4488419592380523,0.0217989090671101,0.1348054389239547,0.4756875648206539,0.7814407814407814,0.7766457787711336,0.0243547991081908
EEG,3,mean+yeojohnson,0.5373912453651428,0.3922607957139371,0.7047835966458804,0.4765537451740138,0.7667887667887668,0.7572926703252203,0.1144666747441367
EEG,3,mean+yeojohnson+zscore,0.4538416862487793,0.0998857136862319,0.319096004174362,0.4789718941123093,0.7802197802197802,0.7756410256410257,0.0231880426989079
EEG,3,mean+winsor+yeojohnson,0.5375866889953613,0.3956135087035874,0.7059615241364724,0.4807897298739789,0.7716727716727717,0.7633039433115162,0.1093847002010787
EEG,3,mean+winsor+yeojohnson+zscore,0.4559558629989624,0.0213713769922363,0.1343519852638033,0.4758207468830179,0.7802197802197802,0.7756410256410257,0.0144685157489427
EEG,3,mean+quantile,0.4440292716026306,0.021237744794502,0.0274588197782099,0.4770844856314942,0.7887667887667887,0.7844425342877355,0.0094577725408132
EEG,3,mean+quantile+zscore,0.4431006610393524,0.021237744794502,0.0274588197782099,0.4770844856314942,0.78998778998779,0.785301469243431,0.0155572285000075
EEG,3,mean+winsor+quantile,0.466396301984787,0.0586119625368032,0.3286786436446348,0.4766625767846769,0.7814407814407814,0.7763131594406341,0.0183141008110418
EEG,3,mean+winsor+quantile+zscore,0.4660217463970184,0.0586119625368032,0.3286786436446348,0.4766625767846769,0.7851037851037851,0.779978508279197,0.0158250560399522
EEG,3,median,0.4263505041599273,0.2148994355811218,0.4628152128786813,0.482510660776839,0.8131868131868132,0.8094957925702948,0.0272335328607477
EEG,3,median+zscore,0.4300411939620971,0.2148994355811218,0.4628152128786812,0.482510660776839,0.8095238095238095,0.8056927681526183,0.0208608155139927
EEG,3,median+winsor,0.4430514276027679,0.0224321847443825,0.1487849627433117,0.4764503799912836,0.7887667887667887,0.7850286073218358,0.0250297385257678
EEG,3,median+winsor+zscore,0.442037433385849,0.0224321847443825,0.148784962743311,0.4764503799912836,0.7912087912087912,0.7873731707205983,0.0137512998994307
EEG,3,median+yeojohnson,0.5251054167747498,0.3932296991041682,0.7064067550440207,0.4764309990195216,0.7863247863247863,0.7782805429864253,0.1321327123013171
EEG,3,median+yeojohnson+zscore,0.4389697909355163,0.1021597372238902,0.3263893880230505,0.479771980382481,0.800976800976801,0.7966104018977362,0.0283871058724884
EEG,3,median+winsor+yeojohnson,0.5339478254318237,0.3957920168007336,0.7062874463348459,0.4809860243315677,0.7655677655677655,0.7573183529847521,0.1037440087477947
EEG,3,median+winsor+yeojohnson+zscore,0.4437964260578155,0.0218781422359181,0.1478623751331478,0.4763276338367914,0.78998778998779,0.7860579551667578,0.0165794764682923
EEG,3,median+quantile,0.4289250373840332,0.0212121159212953,0.0296016709701939,0.4765120015425266,0.8058608058608059,0.8021609894609225,0.0087988938458527
EEG,3,median+quantile+zscore,0.4288139343261719,0.0212121159212952,0.0296016709701939,0.4765120015425266,0.8070818070818071,0.8033380345049788,0.0121864652459001
EEG,3,median+winsor+quantile,0.4501616358757019,0.0582139109070461,0.3326578442979824,0.4760736934119107,0.7875457875457875,0.7839954163483576,0.0205173753702305
EEG,3,median+winsor+quantile+zscore,0.4491082429885864,0.0582139109070461,0.3326578442979823,0.4760736934119107,0.7948717948717948,0.7914438502673797,0.0246636689946473
EEG,3,knn,0.3180531561374664,0.2196391424946048,0.4303968698585857,0.4853407796020739,0.8608058608058609,0.8580062536499902,0.0240350912196586
EEG,3,knn+zscore,0.3136437237262726,0.2196391424946045,0.430396869858585,0.4853407796020739,0.8669108669108669,0.864186336632157,0.008303129483783
EEG,3,knn+winsor,0.3290136158466339,0.0367038399897461,0.1232104321973135,0.4804826160137516,0.8669108669108669,0.8642813162755696,0.0211421146497622
EEG,3,knn+winsor+zscore,0.3262001872062683,0.0367038399897465,0.1232104321973147,0.4804826160137516,0.8583638583638583,0.8555151352929725,0.0284958117901914
EEG,3,knn+yeojohnson,0.466913640499115,0.3949873798322432,0.7000559754575804,0.4752408085741419,0.833943833943834,0.8285703731977295,0.1578156503420027
EEG,3,knn+yeojohnson+zscore,0.3475360572338104,0.1097407832664838,0.2983628330135378,0.4838211126367415,0.8547008547008547,0.8512919886784104,0.02231229173977
EEG,3,knn+winsor+yeojohnson,0.4635063707828522,1.0004070004070005,0.7973407187541011,0.4855514855514856,0.8522588522588522,0.8474097113689381,0.1706704284827497
EEG,3,knn+winsor+yeojohnson+zscore,0.3322659134864807,0.0353782198875839,0.1169456974295569,0.4802112824090845,0.8608058608058609,0.8581046578073898,0.0197040279269655
EEG,3,knn+quantile,0.3127060830593109,0.0315966168310846,0.0131227636219931,0.4805457284089763,0.8681318681318682,0.8654796087210435,0.0150524169679671
EEG,3,knn+quantile+zscore,0.3165377378463745,0.0315966168310846,0.0131227636219931,0.4805457284089763,0.8620268620268621,0.8591020298795591,0.0072062102866259
EEG,3,knn+winsor+quantile,0.3244237601757049,0.0863427380818318,0.2939504570324896,0.4778333862582947,0.8608058608058609,0.8580062536499902,0.0234386795024149
EEG,3,knn+winsor+quantile+zscore,0.3249125778675079,0.0863427380818318,0.2939504570324896,0.4778333862582947,0.8644688644688645,0.8616943428088939,0.0178241953890547
EEG,4,mean,0.4482405483722687,0.2663021883606333,0.4843404632602253,0.5108983179801251,0.7851037851037851,0.7826511779394203,0.0257761119631766
EEG,4,mean+zscore,0.4458446800708771,0.2663021883606332,0.4843404632602256,0.5108983179801251,0.7863247863247863,0.7838290722560659,0.0170811522429097
EEG,4,mean+winsor,0.458317756652832,0.0223672899403404,0.1342192544197691,0.5029660341015653,0.7667887667887668,0.764064873148049,0.0279497424179235
EEG,4,mean+winsor+zscore,0.4544328153133392,0.0223672899403403,0.1342192544197685,0.5029660341015653,0.7753357753357754,0.7731165311653116,0.026527059311104
EEG,4,mean+yeojohnson+zscore,0.4552518427371979,0.1147289368289614,0.3292811202511015,0.5035593900062765,0.7826617826617827,0.7808237713790864,0.0230113321753794
EEG,4,mean+winsor+yeojohnson,0.5082342624664307,0.3153450316064488,0.6589316641606079,0.4999575109465219,0.7716727716727717,0.7673214152779402,0.0836137817019507
EEG,4,mean+winsor+yeojohnson+zscore,0.4561730325222015,0.021930847982287,0.1331358333903956,0.5031896606988183,0.7692307692307693,0.7665353980365511,0.0289732778174245
EEG,4,mean+quantile,0.4365884959697723,0.0217505788586782,0.0265329935144627,0.5024695830556637,0.7826617826617827,0.7800645706354474,0.0287573641764229
EEG,4,mean+quantile+zscore,0.4355059862136841,0.0217505788586782,0.0265329935144627,0.5024695830556637,0.7863247863247863,0.7840531561461794,0.0219117461980044
EEG,4,mean+winsor+quantile,0.4595662951469421,0.0615199818365583,0.3221527283792222,0.50185933091916,0.7765567765567766,0.7737012246771464,0.0222888451356154
EEG,4,mean+winsor+quantile+zscore,0.4556671679019928,0.0615199818365583,0.3221527283792222,0.50185933091916,0.7814407814407814,0.7786476459956786,0.0152675163760435
EEG,4,median,0.433027446269989,0.2677942778552805,0.4895299559694437,0.5108908637602166,0.7948717948717948,0.7926382291239662,0.0161537302428258
EEG,4,median+zscore,0.4353711605072021,0.2677942778552806,0.4895299559694437,0.5108908637602166,0.7936507936507936,0.7915613136015012,0.0210695297290117
EEG,4,median+winsor,0.4448865950107574,0.0230774682968037,0.1459131975842884,0.5028239069753111,0.7887667887667887,0.7864117039638812,0.0207537949740231
EEG,4,median+winsor+zscore,0.446955144405365,0.0230774682968037,0.1459131975842879,0.5028239069753111,0.7863247863247863,0.7839424751079722,0.0216664116606753
EEG,4,median+yeojohnson+zscore,0.449276715517044,0.1162360327236863,0.3382806453760739,0.5034595034595034,0.7863247863247863,0.7837129391951541,0.0141131770916474
EEG,4,median+winsor+yeojohnson,0.5323673486709595,0.387723770466844,0.70560215433046,0.5001657321559642,0.7667887667887668,0.7618450239557151,0.1238017009437011
EEG,4,median+winsor+yeojohnson+zscore,0.4484242498874664,0.0224668939198997,0.1434895785144301,0.5027250143245259,0.7863247863247863,0.7841611235518502,0.022053620535812
EEG,4,median+quantile,0.4343635141849518,0.0215784739197346,0.0288827295949119,0.5026986760808495,0.7887667887667887,0.7862995971445679,0.0211561745776361
EEG,4,median+quantile+zscore,0.4364921450614929,0.0215784739197347,0.0288827295949119,0.5026986760808495,0.7875457875457875,0.7854471544715447,0.0210194630646152
EEG,4,median+winsor+quantile,0.4537360966205597,0.0609894181984553,0.3262789177227504,0.5022509259383496,0.7875457875457875,0.7843954248366013,0.0164379273724352
EEG,4,median+winsor+quantile+zscore,0.4548728168010711,0.0609894181984553,0.3262789177227504,0.5022509259383496,0.7875457875457875,0.7847705524140931,0.0145521729420392
EEG,4,knn,0.3229629397392273,0.2674397643801633,0.4557864317017985,0.5102458252641403,0.8669108669108669,0.8657548666511274,0.018165824395833
EEG,4,knn+zscore,0.3187938034534454,0.2674397643801634,0.455786431701799,0.5102458252641403,0.8669108669108669,0.8655632140980096,0.018569345657642
EEG,4,knn+winsor,0.3366080522537231,0.0372695963786113,0.1206170625799975,0.5003277372019741,0.8498168498168498,0.8481424253616033,0.0146843222616938
EEG,4,knn+winsor+zscore,0.3325555026531219,0.0372695963786113,0.1206170625799984,0.5003277372019741,0.8498168498168498,0.8481424253616033,0.0143938266168438
EEG,4,knn+yeojohnson+zscore,0.354800283908844,0.1229511226250316,0.309206870782661,0.5020605948566876,0.8376068376068376,0.835796281082059,0.0225990894949916
EEG,4,knn+winsor+yeojohnson,0.4661218225955963,1.0004070004070005,0.7973407187540841,0.5091575091575091,0.8534798534798534,0.8513071895424837,0.1758924738682524
EEG,4,knn+winsor+yeojohnson+zscore,0.3321771323680877,0.0358585839098695,0.1141447319832354,0.5004947117279229,0.8559218559218559,0.8544267569651981,0.0157161036981622
EEG,4,knn+quantile,0.3253884017467499,0.0321066306572547,0.0128716163265465,0.5005309889314774,0.8571428571428571,0.8554742940226269,0.0123060546515188
EEG,4,knn+quantile+zscore,0.3250139653682709,0.0321066306572546,0.0128716163265465,0.5005309889314774,0.8595848595848596,0.857944818911129,0.0103229322858491
EEG,4,knn+winsor+quantile,0.3436706960201263,0.086825180804744,0.2914513255060149,0.5007014420933835,0.8485958485958486,0.8470247276583438,0.0129403958099374
EEG,4,knn+winsor+quantile+zscore,0.3432977795600891,0.086825180804744,0.2914513255060149,0.5007014420933835,0.8473748473748474,0.8460491590035866,0.0094164034968039
EEG,5,mean,0.4190444350242615,0.2860001905442434,0.5008162135392363,0.5068397437139806,0.7912087912087912,0.7858122750859893,0.0276559433366498
EEG,5,mean+zscore,0.4223466515541076,0.2860001905442434,0.5008162135392361,0.5068397437139806,0.7875457875457875,0.782478752503297,0.0309362444976601
EEG,5,mean+winsor,0.43842613697052,0.0235648659297631,0.1347444765729188,0.5034580126155218,0.7875457875457875,0.7826433121019108,0.0220296093250223
EEG,5,mean+winsor+zscore,0.4365136623382568,0.023564865929763,0.1347444765729182,0.5034580126155218,0.7887667887667887,0.7838110423644118,0.0168082014690534
EEG,5,mean+yeojohnson+zscore,0.4259960055351257,0.1239633330864494,0.3361598365647191,0.5049334512093975,0.7875457875457875,0.7821408915795267,0.0320374420565417
EEG,5,mean+winsor+yeojohnson,0.5291941165924072,0.3288288549315544,0.6567647280293428,0.5110826856858602,0.7741147741147741,0.7671138969285134,0.1178495835908603
EEG,5,mean+winsor+yeojohnson+zscore,0.4382994174957275,0.0230043334195546,0.1356432388284997,0.5032786143897255,0.7875457875457875,0.7828049746997501,0.0181074763974572
EEG,5,mean+quantile,0.4328842163085937,0.022189921735969,0.0266650023224982,0.5026017712220399,0.7826617826617827,0.7773069449706094,0.0352268606169611
EEG,5,mean+quantile+zscore,0.4315340220928192,0.022189921735969,0.0266650023224982,0.5026017712220399,0.7851037851037851,0.7806267806267806,0.0304908911096015
EEG,5,mean+winsor+quantile,0.441304087638855,0.0767105407319295,0.3253815912470728,0.5075926199247323,0.7912087912087912,0.7859811698760806,0.0150223052690899
EEG,5,mean+winsor+quantile+zscore,0.4427944123744964,0.0767105407319295,0.3253815912470728,0.5075926199247323,0.7851037851037851,0.7796367638965327,0.0127114765664451
EEG,5,median,0.4206191301345825,0.2873242584786773,0.5059185705011583,0.5068139024182982,0.796092796092796,0.7911495911495912,0.0228962097703609
EEG,5,median+zscore,0.4185974299907684,0.2873242584786774,0.5059185705011585,0.5068139024182982,0.7936507936507936,0.7884843140880563,0.0254372141445658
EEG,5,median+winsor,0.4358438551425934,0.0244238064031628,0.1465888967979062,0.5037601569958102,0.7851037851037851,0.779809114128243,0.0250523142034463
EEG,5,median+winsor+zscore,0.4354375600814819,0.0244238064031628,0.146588896797906,0.5037601569958102,0.7851037851037851,0.779978508279197,0.0212792342253511
EEG,5,median+yeojohnson+zscore,0.4224966466426849,0.1267618980054754,0.3431038666242791,0.5048633815422582,0.7948717948717948,0.7887879160014737,0.0327646055501022
EEG,5,median+winsor+yeojohnson,0.526360809803009,0.3970235151031642,0.7507576601917335,0.5148381216757285,0.7728937728937729,0.7661580498587743,0.1101899770007756
EEG,5,median+winsor+yeojohnson+zscore,0.4399837851524353,0.0224591037891378,0.1662246424363465,0.501506994791488,0.7838827838827839,0.7784717372401536,0.0295693698965731
EEG,5,median+quantile,0.4296803176403045,0.0221524442297726,0.0291599211415929,0.5016193050381085,0.7875457875457875,0.7828049746997501,0.0228379065300518
EEG,5,median+quantile+zscore,0.4283003509044647,0.0221524442297726,0.0291599211415929,0.5016193050381085,0.7863247863247863,0.7819505404644724,0.0281807464412134
EEG,5,median+winsor+quantile,0.4353306889533996,0.0763172898951899,0.3294566181426863,0.506552507773509,0.7997557997557998,0.7948221290740447,0.0239868488649454
EEG,5,median+winsor+quantile+zscore,0.434908926486969,0.0763172898951899,0.3294566181426863,0.506552507773509,0.7912087912087912,0.7863103366723376,0.011478802587232
EEG,5,knn,0.3115043640136719,0.2870793000440692,0.4752060607674152,0.505654025800546,0.8547008547008547,0.8517263675158412,0.0250812477099007
EEG,5,knn+zscore,0.3139417469501495,0.2870793000440692,0.4752060607674163,0.505654025800546,0.8522588522588522,0.849234373692578,0.0241137324526487
EEG,5,knn+winsor,0.3240752220153808,0.0380108252779022,0.1194459283191185,0.5030415701966374,0.8534798534798534,0.8507381082558776,0.0151424893383869
EEG,5,knn+winsor+zscore,0.3272716403007507,0.0380108252779021,0.119445928319118,0.5030415701966374,0.8571428571428571,0.854518485229883,0.0227141543331309
EEG,5,knn+yeojohnson+zscore,0.3197306990623474,0.1326654772278335,0.3082383196286408,0.5032860686096339,0.8522588522588522,0.8493398098104946,0.0209673586345854
EEG,5,knn+winsor+yeojohnson,0.45946004986763,1.0004070004070005,0.797340718754107,0.5164835164835164,0.8278388278388278,0.8229569270158601,0.1721253345591972
EEG,5,knn+winsor+yeojohnson+zscore,0.3288647532463074,0.0365104761496027,0.1130258312045663,0.5028661475547923,0.8522588522588522,0.8495447582291953,0.0130110037341368
EEG,5,knn+quantile,0.3156691789627075,0.03186554942943,0.0130169581925738,0.5010910493205976,0.851037851037851,0.8479344729344729,0.0222888485561505
EEG,5,knn+quantile+zscore,0.314417153596878,0.03186554942943,0.0130169581925738,0.5010910493205976,0.8449328449328449,0.8414138626602243,0.0323109149350642
EEG,5,knn+winsor+quantile,0.3250460028648376,0.091730635153588,0.2956955175678631,0.503215005046507,0.8473748473748474,0.8443593076554696,0.0276519517904381
EEG,5,knn+winsor+quantile+zscore,0.3245710730552673,0.0917306351535882,0.2956955175678631,0.503215005046507,0.8376068376068376,0.834282410752999,0.0395647183297172
EEG,6,mean,0.4024395942687988,0.0623942973488966,0.2576851788057113,0.513875036463559,0.8192918192918193,0.8173241542282559,0.0249233951062073
EEG,6,mean+zscore,0.4029578268527984,0.0623942973488964,0.2576851788057118,0.513875036463559,0.818070818070818,0.8160424502347878,0.0265741086995936
EEG,6,mean+winsor,0.4159882664680481,0.0215051644293885,0.1356394786195898,0.5105748048360991,0.7985347985347986,0.7964947736346017,0.0285646903063642
EEG,6,mean+winsor+zscore,0.4168261587619781,0.0215051644293881,0.1356394786195898,0.5105748048360991,0.7997557997557998,0.7978751580087884,0.0234429610663427
EEG,6,mean+yeojohnson,0.5208368301391602,1.0004070004070005,0.7973407187541096,0.525030525030525,0.7936507936507936,0.7889680534612435,0.1434984601606525
EEG,6,mean+yeojohnson+zscore,0.4039787352085113,0.0571538046028631,0.2483447205075212,0.513305037114561,0.8131868131868132,0.8112007593735169,0.0185778885533958
EEG,6,mean+winsor+yeojohnson,0.5095884799957275,0.3194100244403918,0.6588854697816959,0.5205008440661677,0.7704517704517705,0.7653295128939828,0.0881951278091495
EEG,6,mean+winsor+yeojohnson+zscore,0.4284118115901947,0.020312435794235,0.1596708964501053,0.510100219501929,0.78998778998779,0.7872444541104828,0.0295408974345932
EEG,6,mean+quantile,0.4173230826854706,0.0207797328925452,0.0270853485181268,0.5095018941172788,0.800976800976801,0.7986522215870784,0.0194429087842631
EEG,6,mean+quantile+zscore,0.4204866290092468,0.020779732892545,0.0270853485181268,0.5095018941172788,0.796092796092796,0.7936003476890898,0.0292897680740216
EEG,6,mean+winsor+quantile,0.4262976348400116,0.0620236220542991,0.3264837795742293,0.5139277129509119,0.7985347985347986,0.7960721998125739,0.0316014397566426
EEG,6,mean+winsor+quantile+zscore,0.4278085231781006,0.062023622054299,0.3264837795742293,0.5139277129509119,0.7924297924297924,0.7897183558068726,0.0342129952159411
EEG,6,median,0.389201819896698,0.0643519341781064,0.2713367076663532,0.5141980526595912,0.833943833943834,0.8318681318681318,0.0305046854729472
EEG,6,median+zscore,0.3888227939605713,0.0643519341781068,0.2713367076663529,0.5141980526595912,0.8266178266178266,0.8244505494505494,0.0303877028062375
EEG,6,median+winsor,0.4050273895263672,0.0221285760855046,0.1472530178225113,0.5110628077661045,0.8205128205128205,0.8187837636465717,0.0273756935046269
EEG,6,median+winsor+zscore,0.4064339697360992,0.0221285760855047,0.1472530178225111,0.5110628077661045,0.8144078144078144,0.8122896536749539,0.0224392187755477
EEG,6,median+yeojohnson,0.5123011469841003,1.0004070004070005,0.7973407187541052,0.525030525030525,0.8021978021978022,0.7991431512655929,0.1494221565050957
EEG,6,median+yeojohnson+zscore,0.3930853009223938,0.0587862523930745,0.2607928039237077,0.5139336763268386,0.8229548229548229,0.8204884021495137,0.0239401969135317
EEG,6,median+winsor+yeojohnson,0.52406907081604,0.3910777071764885,0.7055052821640035,0.5219976514237809,0.7802197802197802,0.7749780198309969,0.1221865644821753
EEG,6,median+winsor+yeojohnson+zscore,0.4178304076194763,0.020736130173716,0.1689731266190677,0.5105032443249782,0.8034188034188035,0.8004437307891961,0.0145040345133733
EEG,6,median+quantile,0.400246649980545,0.0207971979518293,0.029588540562181,0.509619173843838,0.8217338217338217,0.8196035242290749,0.0214765965574681
EEG,6,median+quantile+zscore,0.4031706750392914,0.0207971979518293,0.029588540562181,0.509619173843838,0.8144078144078144,0.8121899704302697,0.0152846283673948
EEG,6,median+winsor+quantile,0.4147699475288391,0.0618310765570274,0.3307742283005527,0.5140822637770134,0.8095238095238095,0.8069260248800125,0.0229449222667167
EEG,6,median+winsor+quantile+zscore,0.416969895362854,0.0618310765570274,0.3307742283005527,0.5140822637770134,0.7997557997557998,0.7970247953866799,0.0212616219625368
EEG,6,knn,0.2906709611415863,0.0750936701887153,0.2323638025937319,0.5161609972354784,0.8766788766788767,0.8753678215472236,0.0206876094379122
EEG,6,knn+zscore,0.2868991196155548,0.0750936701887151,0.2323638025937322,0.5161609972354784,0.8791208791208791,0.8776433198875443,0.022050792117113
EEG,6,knn+winsor,0.3042064011096954,0.035732267908601,0.1179468802112973,0.515682436317357,0.8693528693528694,0.8676088680741776,0.0236524491956382
EEG,6,knn+winsor+zscore,0.3065686225891113,0.0357322679086019,0.1179468802112998,0.515682436317357,0.873015873015873,0.8713571117877338,0.031140645563384
EEG,6,knn+yeojohnson,0.4535983800888061,1.0004070004070005,0.7973407187541097,0.525030525030525,0.8656898656898657,0.8635314291254135,0.1871360879532437
EEG,6,knn+yeojohnson+zscore,0.2916115522384643,0.0693745721242386,0.2204761702506353,0.5161386345757529,0.8742368742368742,0.8726296510477928,0.0199016468719975
EEG,6,knn+winsor+yeojohnson,0.4613833725452423,1.0004070004070005,0.7973407187540893,0.525030525030525,0.851037851037851,0.8485485103132162,0.1747329455592257
EEG,6,knn+winsor+yeojohnson+zscore,0.3053888380527496,0.0345335791617089,0.114810892304219,0.5156133605462054,0.8717948717948718,0.8700088429358547,0.028556427166721
EEG,6,knn+quantile,0.2985617518424988,0.030976834058275,0.0129320846782912,0.5151169095003039,0.8693528693528694,0.8680299441145598,0.0175524979866176
EEG,6,knn+quantile+zscore,0.3017161190509796,0.0309768340582748,0.0129320846782912,0.5151169095003039,0.8693528693528694,0.8678962562088745,0.0139668067878564
EEG,6,knn+winsor+quantile,0.3272222876548767,0.0870443709856824,0.293868978521917,0.5162698288461414,0.8547008547008547,0.8530037691341248,0.0179045594801105
EEG,6,knn+winsor+quantile+zscore,0.3272678554058075,0.0870443709856824,0.293868978521917,0.5162698288461414,0.851037851037851,0.8492577394242955,0.0216416732586638
EEG,7,mean,0.4308821260929107,0.218067539990022,0.4481088167659501,0.5062990642966224,0.811965811965812,0.8057065217391304,0.0244077508848374
EEG,7,mean+zscore,0.4325286448001861,0.2180675399900221,0.4481088167659502,0.5062990642966224,0.8021978021978022,0.795426791661527,0.0170693889496818
EEG,7,mean+winsor,0.4450589418411255,0.0221567654865315,0.1349022232396303,0.5017828009281001,0.7924297924297924,0.7859027666719975,0.0161635395371433
EEG,7,mean+winsor+zscore,0.4485848248004913,0.0221567654865312,0.1349022232396306,0.5017828009281001,0.78998778998779,0.7829968944099379,0.0067117909954289
EEG,7,mean+yeojohnson,0.5310900807380676,0.3218855397267606,0.6337468363373798,0.5019845618136216,0.7631257631257631,0.7498015873015873,0.1292812236936101
EEG,7,mean+yeojohnson+zscore,0.4347159266471863,0.1088825709918198,0.3213763506847825,0.5029809425413821,0.8168498168498168,0.8105803626495621,0.0254920296034387
EEG,7,mean+winsor+yeojohnson,0.5425703525543213,0.3897015636049516,0.7067096515303203,0.5005543454871905,0.7423687423687424,0.7286738210565156,0.0811746798009953
EEG,7,mean+winsor+yeojohnson+zscore,0.4662026464939117,0.0207858009440041,0.1602094311020608,0.5004882514040024,0.7838827838827839,0.7759614864499378,0.0230645992962577
EEG,7,mean+quantile,0.4402680397033691,0.0212240202388097,0.0268246102811765,0.5006686435257863,0.7973137973137974,0.7903756013321821,0.0128948988349737
EEG,7,mean+quantile+zscore,0.442125141620636,0.0212240202388097,0.0268246102811765,0.5006686435257863,0.7948717948717948,0.7880434782608696,0.0142561547339908
EEG,7,mean+winsor+quantile,0.4514892101287842,0.0696272506107395,0.328282362770928,0.5016242745180475,0.7838827838827839,0.7763817351344597,0.0234312526472322
EEG,7,mean+winsor+quantile+zscore,0.4536511898040771,0.0696272506107395,0.328282362770928,0.5016242745180475,0.778998778998779,0.7706787330316742,0.0206700273049183
EEG,7,median,0.4240747690200805,0.220721869450315,0.4563939286647746,0.5060923339311617,0.8021978021978022,0.7952373603308847,0.0322179521396483
EEG,7,median+zscore,0.4300672709941864,0.2207218694503146,0.4563939286647746,0.5060923339311617,0.8034188034188035,0.7969666407470994,0.0262495376833774
EEG,7,median+winsor,0.4364436566829681,0.0229135290003773,0.1486049301503215,0.5020745094005167,0.8058608058608059,0.7998438357385601,0.0178016654883257
EEG,7,median+winsor+zscore,0.4366522133350372,0.022913529000378,0.1486049301503214,0.5020745094005167,0.8083028083028083,0.8018315283644932,0.0251662158412956
EEG,7,median+yeojohnson+zscore,0.4360659122467041,0.110720971199031,0.3285984404302564,0.5032651967938904,0.7985347985347986,0.7919223336849155,0.028713108637394
EEG,7,median+winsor+yeojohnson,0.5365012884140015,0.3894163166315703,0.7069028836457578,0.5001731863758726,0.7521367521367521,0.7407003058437842,0.0829909855047279
EEG,7,median+winsor+yeojohnson+zscore,0.457631766796112,0.0214097623283373,0.1698440089281155,0.5004067519330034,0.7863247863247863,0.7789084951894376,0.0139242907729049
EEG,7,median+quantile,0.4346649646759033,0.021015202628034,0.0293753463585405,0.5018404468953919,0.7985347985347986,0.7917337718480343,0.0275288796250199
EEG,7,median+quantile+zscore,0.4348005950450897,0.021015202628034,0.0293753463585405,0.5018404468953919,0.7948717948717948,0.7884215576523268,0.0281152506159921
EEG,7,median+winsor+quantile,0.4423906505107879,0.0691767558314172,0.3327792220118153,0.5028010473675919,0.800976800976801,0.7946278989269644,0.0141148591944004
EEG,7,median+winsor+quantile+zscore,0.4454823434352875,0.0691767558314172,0.3327792220118153,0.5028010473675919,0.7948717948717948,0.7886061946902654,0.0193509815376756
EEG,7,knn,0.289857417345047,0.2230100269875304,0.4234313505300406,0.5091798718172345,0.8742368742368742,0.8715708767928725,0.0274351812689878
EEG,7,knn+zscore,0.2933682203292846,0.2230100269875303,0.4234313505300404,0.5091798718172345,0.873015873015873,0.8700856578080387,0.0226204416399619
EEG,7,knn+winsor,0.3025693595409393,0.0370644440765831,0.1242509374711249,0.5041298863032685,0.8656898656898657,0.8626928000975431,0.0252123297498048
EEG,7,knn+winsor+zscore,0.3042866289615631,0.0370644440765827,0.1242509374711229,0.5041298863032685,0.8693528693528694,0.8661856661856662,0.0242638408919394
EEG,7,knn+yeojohnson+zscore,0.312066376209259,0.1191558099734892,0.2993452503367846,0.5067174945074823,0.8583638583638583,0.8548741888572511,0.032090084092812
EEG,7,knn+winsor+yeojohnson,0.4540843069553375,1.0004070004070005,0.7973407187541051,0.5026455026455027,0.8632478632478633,0.858302747191636,0.1818511053756043
EEG,7,knn+winsor+yeojohnson+zscore,0.3072675168514251,0.0356356201800356,0.1183605704173396,0.5042407057059072,0.8693528693528694,0.8662877545259657,0.0288337972720172
EEG,7,knn+quantile,0.2969754338264465,0.0311366377168246,0.0130409111118028,0.5038834000982964,0.8778998778998779,0.8751752728159483,0.0255498092107575
EEG,7,knn+quantile+zscore,0.2935269474983215,0.0311366377168246,0.0130409111118028,0.5038834000982964,0.8766788766788767,0.8738803159738793,0.0224002494189037
EEG,7,knn+winsor+quantile,0.3098599016666412,0.0945371009516419,0.2996985441376916,0.502738431920361,0.8620268620268621,0.8589998491683692,0.0273365973698496
EEG,7,knn+winsor+quantile+zscore,0.3056457042694092,0.0945371009516419,0.2996985441376916,0.502738431920361,0.8681318681318682,0.8653846153846154,0.0303772952093746
AnimalShelter,42,mean,0.9707177877426147,0.0025024507425528,0.2770392904418433,0.4942848495962049,0.5897435897435898,0.3197303044899716,0.0382562701809828
AnimalShelter,42,mean+zscore,0.9704244136810304,0.0025024507425528,0.2770392904418433,0.4942848495962049,0.590964590964591,0.32503029457728,0.0238417549302144
AnimalShelter,42,mean+winsor,0.977195143699646,0.002456720196447,0.289273632304745,0.4884188754762625,0.5860805860805861,0.3194009503918272,0.0265427292557717
AnimalShelter,42,mean+winsor+zscore,0.975191056728363,0.0024567201964472,0.289273632304745,0.4884188754762625,0.5897435897435898,0.3204230076347644,0.0223950987479334
AnimalShelter,42,mean+yeojohnson,0.9710174798965454,0.0020720717643671,0.267237580986776,0.490684958328426,0.5860805860805861,0.316736963108606,0.0263402311720399
AnimalShelter,42,mean+yeojohnson+zscore,0.9716702699661256,0.002072071764367,0.2672375809867759,0.490684958328426,0.5873015873015873,0.3171458799065313,0.0302806361254318
AnimalShelter,42,mean+winsor+yeojohnson,0.9771419763565063,0.0021085371081186,0.2784343542943858,0.4894947678830463,0.590964590964591,0.3230359598002988,0.042400325247074
AnimalShelter,42,mean+winsor+yeojohnson+zscore,0.976775050163269,0.0021085371081186,0.2784343542943858,0.4894947678830463,0.5897435897435898,0.3187249550730199,0.0281030331921373
AnimalShelter,42,mean+quantile,0.9710419178009032,0.0031265646273431,0.2136683206017079,0.4998914168633339,0.5958485958485958,0.3219703876743672,0.0230244375919975
AnimalShelter,42,mean+quantile+zscore,0.9698917269706726,0.0031265646273431,0.213668320601708,0.4998914168633339,0.5995115995115995,0.325014861271295,0.0302378907890692
AnimalShelter,42,mean+winsor+quantile,0.9785149693489076,0.0034182652743163,0.3319615021696752,0.4989029873034756,0.590964590964591,0.314478732976707,0.0344140573298974
AnimalShelter,42,mean+winsor+quantile+zscore,0.9801833033561708,0.0034182652743163,0.3319615021696752,0.4989029873034756,0.5811965811965812,0.3027413419876409,0.0300932272595509
AnimalShelter,42,median,0.9734079241752625,0.0027951346163997,0.3131637524295106,0.4940970032545124,0.5860805860805861,0.31266283202222,0.0347799981906737
AnimalShelter,42,median+zscore,0.9753155708312988,0.0027951346163999,0.3131637524295106,0.4940970032545124,0.5848595848595849,0.3028623595327075,0.0268605486086145
AnimalShelter,42,median+winsor,0.9797791838645936,0.0027607970090151,0.3258432776365123,0.4873290685256497,0.5824175824175825,0.3137677040308619,0.0325572312387645
AnimalShelter,42,median+winsor+zscore,0.9776920080184937,0.0027607970090151,0.3258432776365123,0.4873290685256497,0.5848595848595849,0.3162248357824137,0.0356962438468094
AnimalShelter,42,median+yeojohnson,0.9754087328910828,0.0022357499637862,0.3018240249680878,0.4901586904028907,0.5848595848595849,0.3093737326172692,0.0249160669007144
AnimalShelter,42,median+yeojohnson+zscore,0.9763617515563964,0.0022357499637862,0.3018240249680878,0.4901586904028907,0.5787545787545788,0.2974376396589018,0.0270890301691597
AnimalShelter,42,median+winsor+yeojohnson,0.9801445603370668,0.0022370654125618,0.3141309032312403,0.4880372194169508,0.5836385836385837,0.3128347955522566,0.0284230719992529
AnimalShelter,42,median+winsor+yeojohnson+zscore,0.9797693490982056,0.0022370654125617,0.3141309032312402,0.4880372194169508,0.5860805860805861,0.3126773740565209,0.0193321720147744
AnimalShelter,42,median+quantile,0.9760034084320068,0.0034384487200695,0.2631100622364901,0.4990967970210949,0.5873015873015873,0.30753386361496,0.0341337640134115
AnimalShelter,42,median+quantile+zscore,0.975873589515686,0.0034384487200694,0.26311006223649,0.4990967970210949,0.5836385836385837,0.3019703845000466,0.0274802786235553
AnimalShelter,42,median+winsor+quantile,0.9827800393104552,0.003768334380507,0.3735979330254725,0.4997945120045242,0.575091575091575,0.3008370888053017,0.0407346580200288
AnimalShelter,42,median+winsor+quantile+zscore,0.9826186299324036,0.003768334380507,0.3735979330254724,0.4997945120045242,0.575091575091575,0.3008370888053017,0.0408023198445638
AnimalShelter,42,knn,0.984141767024994,0.0031536518406484,0.2643299486578777,0.4981411660288339,0.5824175824175825,0.3038298531091269,0.0295400904794024
AnimalShelter,42,knn+zscore,0.98403400182724,0.0031536518406485,0.2643299486578777,0.4981411660288339,0.57997557997558,0.3027491135607508,0.0365222369722103
AnimalShelter,42,knn+winsor,0.984374225139618,0.0033339805154217,0.269192620731379,0.4971333554972139,0.5811965811965812,0.3020094446662024,0.0310391533724117
AnimalShelter,42,knn+winsor+zscore,0.9844812750816344,0.0033339805154215,0.269192620731379,0.4971333554972139,0.57997557997558,0.304050575274462,0.0280528053987011
AnimalShelter,42,knn+yeojohnson,0.9874488115310668,0.0027020808781033,0.2513665405508801,0.4952315355245757,0.57997557997558,0.3068928279619902,0.0345372019815502
AnimalShelter,42,knn+yeojohnson+zscore,0.9882116317749025,0.0027020808781033,0.2513665405508801,0.4952315355245757,0.5824175824175825,0.3051924380948533,0.0377588555198594
AnimalShelter,42,knn+winsor+yeojohnson,0.9863266348838806,0.0027752441809758,0.2532687658372665,0.495006915031335,0.5811965811965812,0.301784248576337,0.0300967242837097
AnimalShelter,42,knn+winsor+yeojohnson+zscore,0.9862432479858398,0.0027752441809759,0.2532687658372665,0.495006915031335,0.57997557997558,0.2996668481219379,0.0355569055083324
AnimalShelter,42,knn+quantile,0.988615095615387,0.0033698584122938,0.2144675934029741,0.5018235506635995,0.575091575091575,0.2944417817718247,0.0425888829761081
AnimalShelter,42,knn+quantile+zscore,0.9884119629859924,0.0033698584122937,0.2144675934029741,0.5018235506635995,0.5702075702075702,0.2875255154460182,0.041022410977891
AnimalShelter,42,knn+winsor+quantile,0.9887648820877076,0.0037024684484481,0.2780904814560744,0.5045453348261651,0.5775335775335775,0.2968391228461569,0.0306799818962921
AnimalShelter,42,knn+winsor+quantile+zscore,0.9883643984794616,0.0037024684484481,0.2780904814560744,0.5045453348261651,0.57997557997558,0.2968246524843628,0.0332614466893658
AnimalShelter,1,mean,0.9798303246498108,0.0029681852807009,0.2752309962903997,0.4859112758990658,0.5702075702075702,0.2898766773298321,0.028936899625338
AnimalShelter,1,mean+zscore,0.9793055653572084,0.0029681852807008,0.2752309962903997,0.4859112758990658,0.5714285714285714,0.2876346696284784,0.046566754361212
AnimalShelter,1,mean+winsor,0.9831780195236206,0.0030720714138832,0.2881314983786815,0.4817254829464841,0.5738705738705738,0.279158272531477,0.0279952542394654
AnimalShelter,1,mean+winsor+zscore,0.9842549562454224,0.0030720714138831,0.2881314983786815,0.4817254829464841,0.575091575091575,0.2828759497311863,0.0282393984669439
AnimalShelter,1,mean+yeojohnson,0.9785051941871644,0.0023617194937991,0.2641055077690628,0.4865886160147454,0.575091575091575,0.2904475379522605,0.0446087408706236
AnimalShelter,1,mean+yeojohnson+zscore,0.9797571897506714,0.0023617194937993,0.2641055077690628,0.4865886160147454,0.5738705738705738,0.2912724013720619,0.0345593603539379
AnimalShelter,1,mean+winsor+yeojohnson,0.985060691833496,0.0023684905143092,0.2754612870512625,0.4858183466242074,0.5775335775335775,0.2883576264004118,0.0363021045377403
AnimalShelter,1,mean+winsor+yeojohnson+zscore,0.9833918809890748,0.0023684905143092,0.2754612870512625,0.4858183466242074,0.575091575091575,0.2814211683556312,0.0253112248448661
AnimalShelter,1,mean+quantile,0.9787093997001648,0.0034231218523479,0.2154472884100156,0.4862173958633055,0.5787545787545788,0.2922199630932049,0.0341662445420601
AnimalShelter,1,mean+quantile+zscore,0.9767768383026124,0.0034231218523479,0.2154472884100157,0.4862173958633055,0.5763125763125763,0.2943780273450603,0.031991755023544
AnimalShelter,1,mean+winsor+quantile,0.9835151433944702,0.003412638814789,0.3331705482836505,0.4893357445249997,0.5885225885225885,0.2830722327317846,0.033896779439097
AnimalShelter,1,mean+winsor+quantile+zscore,0.9815810918807985,0.003412638814789,0.3331705482836505,0.4893357445249997,0.5824175824175825,0.2802279307214609,0.0360386081958719
AnimalShelter,1,median,0.9838767051696776,0.0035143158975633,0.3099880856748291,0.4845252879440913,0.5677655677655677,0.2866683895456166,0.0380248852410741
AnimalShelter,1,median+zscore,0.9826470017433168,0.0035143158975632,0.3099880856748291,0.4845252879440913,0.5738705738705738,0.2906476031921191,0.0341740165801857
AnimalShelter,1,median+winsor,0.9872706532478333,0.0036171519187599,0.3230199885791492,0.4800120062635325,0.5726495726495726,0.2845733072206808,0.0258870525456173
AnimalShelter,1,median+winsor+zscore,0.987102508544922,0.0036171519187597,0.3230199885791491,0.4800120062635325,0.5726495726495726,0.2828580037529764,0.0293505259485908
AnimalShelter,1,median+yeojohnson,0.9849234819412231,0.0027991422391003,0.2985891082173316,0.4857994626004394,0.5763125763125763,0.2932372187628614,0.0336953238180414
AnimalShelter,1,median+yeojohnson+zscore,0.9823129177093506,0.0027991422391002,0.2985891082173316,0.4857994626004394,0.5714285714285714,0.2943597402234566,0.0329919381019396
AnimalShelter,1,median+winsor+yeojohnson,0.9869036078453064,0.0027666606092714,0.3102946155413432,0.4847727680450512,0.5775335775335775,0.2952817468116226,0.0339684517683418
AnimalShelter,1,median+winsor+yeojohnson+zscore,0.9876379370689392,0.0027666606092714,0.3102946155413432,0.4847727680450512,0.5714285714285714,0.2841466823411719,0.0404244063465295
AnimalShelter,1,median+quantile,0.9869731068611144,0.0040044017275236,0.2629607178770016,0.4857338654652451,0.5714285714285714,0.2910785208500268,0.0368015654430575
AnimalShelter,1,median+quantile+zscore,0.9838731288909912,0.0040044017275236,0.2629607178770016,0.4857338654652451,0.5702075702075702,0.2889019177543768,0.0425190999467148
AnimalShelter,1,median+winsor+quantile,0.9903339147567748,0.0040942012710701,0.3736163684349435,0.4888820310065731,0.568986568986569,0.2561010783314044,0.038909969348756
AnimalShelter,1,median+winsor+quantile+zscore,0.986933708190918,0.0040942012710699,0.3736163684349435,0.4888820310065731,0.5726495726495726,0.267014994945184,0.0390618367800637
AnimalShelter,1,knn,0.9865022897720336,0.0035684022367244,0.2621779332560562,0.4851375278725706,0.5726495726495726,0.2794603544603545,0.0438170874802912
AnimalShelter,1,knn+zscore,0.9881002306938172,0.0035684022367244,0.2621779332560562,0.4851375278725706,0.575091575091575,0.2801796727862067,0.0459467155156118
AnimalShelter,1,knn+winsor,0.9878533482551576,0.0037926034486571,0.2668651175740228,0.4832580705596578,0.5726495726495726,0.2811801504021184,0.0432442253107552
AnimalShelter,1,knn+winsor+zscore,0.9871718883514404,0.0037926034486569,0.2668651175740228,0.4832580705596578,0.5763125763125763,0.2804394931616175,0.0422260431215731
AnimalShelter,1,knn+yeojohnson,0.9867292046546936,0.0028762549320134,0.247750649312328,0.4863475962377061,0.5775335775335775,0.2810532687651331,0.0423487742887457
AnimalShelter,1,knn+yeojohnson+zscore,0.9862552285194396,0.0028762549320134,0.247750649312328,0.4863475962377061,0.5738705738705738,0.2793563409982886,0.0419574881720746
AnimalShelter,1,knn+winsor+yeojohnson,0.9882957339286804,0.0029141845235803,0.2496065865986754,0.4863798978573093,0.575091575091575,0.2800476583102521,0.0406019510803641
AnimalShelter,1,knn+winsor+yeojohnson+zscore,0.9870563745498656,0.0029141845235803,0.2496065865986754,0.4863798978573093,0.5763125763125763,0.2806068401937046,0.047975915692228
AnimalShelter,1,knn+quantile,0.9829310178756714,0.0036604686456176,0.210022042687777,0.4868500106595344,0.5811965811965812,0.2935248007377643,0.0401325785123967
AnimalShelter,1,knn+quantile+zscore,0.980339765548706,0.0036604686456176,0.210022042687777,0.4868500106595344,0.5811965811965812,0.2886038692448427,0.0311638405762603
AnimalShelter,1,knn+winsor+quantile,0.9849815368652344,0.0039209062767712,0.2742582958466973,0.4872530354825837,0.57997557997558,0.2881189358518477,0.0337877511905371
AnimalShelter,1,knn+winsor+quantile+zscore,0.9841384887695312,0.0039209062767712,0.2742582958466973,0.4872530354825837,0.57997557997558,0.2825817996815593,0.0309760693883721
AnimalShelter,2,mean,0.9721697568893432,0.002457986407101,0.2803968380906656,0.4749858742532735,0.5873015873015873,0.3129740198498889,0.0342156790624462
AnimalShelter,2,mean+zscore,0.9699777364730836,0.002457986407101,0.2803968380906656,0.4749858742532735,0.590964590964591,0.3146883461689139,0.0389777209077562
AnimalShelter,2,mean+winsor,0.9737260937690736,0.0027223100303739,0.2956675348070289,0.4793451020557247,0.5873015873015873,0.304303401019181,0.0414628002597007
AnimalShelter,2,mean+winsor+zscore,0.9755582213401794,0.0027223100303741,0.2956675348070289,0.4793451020557247,0.5897435897435898,0.3082769703217707,0.0386947372675815
AnimalShelter,2,mean+yeojohnson,0.9715719819068908,0.0018210172284376,0.2687289871445683,0.4768484353343938,0.5873015873015873,0.3128977594693994,0.034721605033956
AnimalShelter,2,mean+yeojohnson+zscore,0.9712827801704408,0.0018210172284376,0.2687289871445682,0.4768484353343938,0.5934065934065934,0.317230846716053,0.0320961288698427
AnimalShelter,2,mean+winsor+yeojohnson,0.9745860695838928,0.0020685225995632,0.2839221796021987,0.478245356145234,0.590964590964591,0.3052565724847506,0.0381352130746666
AnimalShelter,2,mean+winsor+yeojohnson+zscore,0.9747570157051086,0.0020685225995633,0.2839221796021986,0.478245356145234,0.5946275946275946,0.3106726984818252,0.0448618776122874
AnimalShelter,2,mean+quantile,0.9723730087280272,0.0030178210297123,0.2141630082869444,0.4731133742122753,0.5946275946275946,0.3177906879015113,0.0242883446234049
AnimalShelter,2,mean+quantile+zscore,0.9703590273857116,0.0030178210297124,0.2141630082869444,0.4731133742122753,0.5958485958485958,0.3169625066984959,0.0183528433207044
AnimalShelter,2,mean+winsor+quantile,0.9764546155929564,0.0028698415482349,0.3291275645432791,0.4704720956247208,0.590964590964591,0.3071597457590229,0.0344239428948715
AnimalShelter,2,mean+winsor+quantile+zscore,0.9728202223777772,0.0028698415482348,0.3291275645432792,0.4704720956247208,0.5897435897435898,0.3078471366136404,0.0384453124979622
AnimalShelter,2,median,0.9790327548980712,0.0026385821124239,0.3128447164108244,0.4756174951535147,0.575091575091575,0.3026954571683135,0.0428268803927196
AnimalShelter,2,median+zscore,0.977452516555786,0.0026385821124241,0.3128447164108244,0.4756174951535147,0.5775335775335775,0.30190606001601,0.0389442908167111
AnimalShelter,2,median+winsor,0.9805256724357604,0.0029112509626977,0.3297941913686811,0.4801625815056828,0.5787545787545788,0.2948399567895416,0.0459226284344408
AnimalShelter,2,median+winsor+zscore,0.9794504642486572,0.0029112509626979,0.3297941913686811,0.4801625815056828,0.5836385836385837,0.2998456980463645,0.0395424239000849
AnimalShelter,2,median+yeojohnson,0.9792980551719666,0.0018876453809615,0.3008131520327322,0.476904590457704,0.57997557997558,0.3110925238584813,0.0369519339521871
AnimalShelter,2,median+yeojohnson+zscore,0.9768345355987548,0.0018876453809617,0.3008131520327321,0.476904590457704,0.5824175824175825,0.3089568495135338,0.0454083896891392
AnimalShelter,2,median+winsor+yeojohnson,0.9776381850242616,0.0020913757306526,0.318281241172979,0.4783740656756529,0.5824175824175825,0.2980461643619538,0.0457362125426421
AnimalShelter,2,median+winsor+yeojohnson+zscore,0.981080174446106,0.0020913757306527,0.3182812411729789,0.4783740656756529,0.5787545787545788,0.2960679742128045,0.0465480949779715
AnimalShelter,2,median+quantile,0.9843101501464844,0.0031497908076832,0.2637315871056752,0.4729136011187293,0.5738705738705738,0.3029444933554522,0.0384618056271684
AnimalShelter,2,median+quantile+zscore,0.986751139163971,0.003149790807683,0.2637315871056752,0.4729136011187293,0.575091575091575,0.2992830870267783,0.0418736722879794
AnimalShelter,2,median+winsor+quantile,0.9835463166236876,0.0030641845306795,0.3687719707929383,0.4709357481030252,0.5885225885225885,0.307411573009353,0.0351033444733555
AnimalShelter,2,median+winsor+quantile+zscore,0.982720136642456,0.0030641845306795,0.3687719707929383,0.4709357481030252,0.5811965811965812,0.3017965428165678,0.0470159971160912
AnimalShelter,2,knn,0.9775918126106262,0.0030783980045459,0.2675831975525747,0.4744715330795917,0.5934065934065934,0.3124095152663165,0.0299291781744532
AnimalShelter,2,knn+zscore,0.9770402908325196,0.0030783980045457,0.2675831975525746,0.4744715330795917,0.5958485958485958,0.3186770190725875,0.0342717072465917
AnimalShelter,2,knn+winsor,0.9770611524581908,0.00323391565505,0.2701815780427586,0.4749754383454017,0.590964590964591,0.3102646069903833,0.0267323484787574
AnimalShelter,2,knn+winsor+zscore,0.9776414036750792,0.00323391565505,0.2701815780427586,0.4749754383454017,0.5934065934065934,0.3129785893405383,0.0303282481555682
AnimalShelter,2,knn+yeojohnson,0.9781973958015442,0.0023660179731123,0.2524715891301734,0.4748154210913674,0.5934065934065934,0.3123340281816243,0.0239612848039657
AnimalShelter,2,knn+yeojohnson+zscore,0.9780436158180236,0.0023660179731123,0.2524715891301734,0.4748154210913674,0.590964590964591,0.3101054377946047,0.0275826189253065
AnimalShelter,2,knn+winsor+yeojohnson,0.97810560464859,0.0023994728592044,0.2536714556879867,0.4750564408684067,0.5897435897435898,0.3111786401397275,0.0262347872440631
AnimalShelter,2,knn+winsor+yeojohnson+zscore,0.9791337847709656,0.0023994728592046,0.2536714556879867,0.4750564408684067,0.5873015873015873,0.3058978170192042,0.0285228666222866
AnimalShelter,2,knn+quantile,0.9752836227416992,0.0031720060054583,0.2131123896970894,0.4722695565186408,0.5848595848595849,0.3068948745436574,0.0341162782012324
AnimalShelter,2,knn+quantile+zscore,0.9755260944366456,0.0031720060054583,0.2131123896970894,0.4722695565186408,0.5873015873015873,0.3080418574794801,0.0417166876632797
AnimalShelter,2,knn+winsor+quantile,0.9741091728210448,0.0037142767885505,0.2749919688874498,0.4690329342343994,0.5836385836385837,0.3044008778684293,0.0314942650378696
AnimalShelter,2,knn+winsor+quantile+zscore,0.975037693977356,0.0037142767885501,0.2749919688874498,0.4690329342343994,0.5860805860805861,0.3096169840980465,0.0326074928736657
AnimalShelter,3,mean,0.9793015718460084,0.0028160547607434,0.2781236651116434,0.5079181208607338,0.5958485958485958,0.3037689639443338,0.0427348769846416
AnimalShelter,3,mean+zscore,0.9801480770111084,0.0028160547607434,0.2781236651116434,0.5079181208607338,0.5958485958485958,0.3021303418559199,0.049351633504779
AnimalShelter,3,mean+winsor,0.9813450574874878,0.0029328963162286,0.2916933160146913,0.5066871806798546,0.5995115995115995,0.2945343590588066,0.0364924158368791
AnimalShelter,3,mean+winsor+zscore,0.9807676076889038,0.0029328963162286,0.2916933160146913,0.5066871806798546,0.5995115995115995,0.2977814329681481,0.035325669543647
AnimalShelter,3,mean+yeojohnson,0.9790300130844116,0.0021864160590486,0.2669639213042958,0.5081039794104507,0.6007326007326007,0.3058176831930125,0.0397724237051929
AnimalShelter,3,mean+yeojohnson+zscore,0.9761256575584412,0.0021864160590486,0.2669639213042958,0.5081039794104507,0.5995115995115995,0.3086709312829562,0.0438551698994432
AnimalShelter,3,mean+winsor+yeojohnson,0.981339395046234,0.0022310754384243,0.2792121984852549,0.507589141288775,0.6019536019536019,0.302232549184345,0.0399462807018387
AnimalShelter,3,mean+winsor+yeojohnson+zscore,0.9810569882392884,0.0022310754384246,0.2792121984852548,0.507589141288775,0.6019536019536019,0.3020296804267774,0.0382035579509641
AnimalShelter,3,mean+quantile,0.9852843284606934,0.0037733320847328,0.2111620348173145,0.5146144950784756,0.6019536019536019,0.3007600257132967,0.0441926017640129
AnimalShelter,3,mean+quantile+zscore,0.9898797869682312,0.0037733320847327,0.2111620348173146,0.5146144950784756,0.5970695970695971,0.2982742083569543,0.0491576064491737
AnimalShelter,3,mean+winsor+quantile,0.987406611442566,0.0035377729829496,0.3285745888681887,0.5112272975520838,0.6105006105006106,0.3030046190067213,0.0448274614610078
AnimalShelter,3,mean+winsor+quantile+zscore,0.9860759377479552,0.0035377729829496,0.3285745888681887,0.5112272975520838,0.6117216117216118,0.3052385235219618,0.0391229142927279
AnimalShelter,3,median,0.9872892498970032,0.0028987329829349,0.3152918558056742,0.5097101153267211,0.5934065934065934,0.2947081807156298,0.037761933637626
AnimalShelter,3,median+zscore,0.9862164855003356,0.0028987329829349,0.3152918558056742,0.5097101153267211,0.6007326007326007,0.3015558313277295,0.0300813394078987
AnimalShelter,3,median+winsor,0.9913045167922974,0.0030254359627331,0.3294451914893587,0.5085199248813412,0.5970695970695971,0.2963493833187022,0.0373580668289874
AnimalShelter,3,median+winsor+zscore,0.9904388785362244,0.003025435962733,0.3294451914893587,0.5085199248813412,0.5958485958485958,0.2941104164261657,0.0336034771359738
AnimalShelter,3,median+yeojohnson,0.9901370406150818,0.0021337777894812,0.3036186588595018,0.5107507244259382,0.5995115995115995,0.3040638849941176,0.0286997290685208
AnimalShelter,3,median+yeojohnson+zscore,0.9883679747581482,0.0021337777894812,0.3036186588595018,0.5107507244259382,0.5970695970695971,0.2981946851724207,0.0311486081325964
AnimalShelter,3,median+winsor+yeojohnson,0.9913848042488098,0.0021353426075173,0.3173152777959371,0.5102960170115237,0.5897435897435898,0.2914200070246844,0.0448068985863337
AnimalShelter,3,median+winsor+yeojohnson+zscore,0.9904872179031372,0.0021353426075174,0.3173152777959371,0.5102960170115237,0.5958485958485958,0.2939831009283825,0.037256291388592
AnimalShelter,3,median+quantile,0.997109055519104,0.0037656336365401,0.2646819963974696,0.5167921211877257,0.5934065934065934,0.2927754613239626,0.0468634631170894
AnimalShelter,3,median+quantile+zscore,0.9938297271728516,0.0037656336365401,0.2646819963974696,0.5167921211877257,0.5958485958485958,0.2940572996293848,0.044569470579662
AnimalShelter,3,median+winsor+quantile,1.003070592880249,0.0036059179714936,0.3738824264119875,0.5136474342823548,0.5921855921855922,0.2824527838463229,0.0436119271285367
AnimalShelter,3,median+winsor+quantile+zscore,1.000748634338379,0.0036059179714936,0.3738824264119875,0.5136474342823548,0.5958485958485958,0.286103160549116,0.0525729047073112
AnimalShelter,3,knn,0.9998743534088136,0.0031993990734486,0.2654648919055261,0.5079827240999402,0.5860805860805861,0.2948331581713084,0.0536890562637384
AnimalShelter,3,knn+zscore,0.9995977282524108,0.0031993990734486,0.2654648919055261,0.5079827240999402,0.575091575091575,0.2885523872892542,0.0571172108216454
AnimalShelter,3,knn+winsor,1.0008621215820312,0.0035455151028926,0.2699609393212779,0.5079201086527093,0.5848595848595849,0.2959008543849244,0.0457913178372878
AnimalShelter,3,knn+winsor+zscore,1.0042294263839722,0.0035455151028928,0.2699609393212779,0.5079201086527093,0.5702075702075702,0.2889125567903042,0.0619304600798312
AnimalShelter,3,knn+yeojohnson,1.0006064176559448,0.0026038813479299,0.2555400353519421,0.5093592700430307,0.5836385836385837,0.2918339358045206,0.0559586499782418
AnimalShelter,3,knn+yeojohnson+zscore,0.9985294342041016,0.0026038813479299,0.2555400353519421,0.5093592700430307,0.5860805860805861,0.2961102830884979,0.0453868683732327
AnimalShelter,3,knn+winsor+yeojohnson,1.0018279552459717,0.0026414692287997,0.2567238859784955,0.509186829089149,0.5836385836385837,0.2950659994752836,0.0555093302613213
AnimalShelter,3,knn+winsor+yeojohnson+zscore,0.9988164305686952,0.0026414692287997,0.2567238859784955,0.509186829089149,0.57997557997558,0.2891843433310522,0.0535326218357598
AnimalShelter,3,knn+quantile,0.9969716668128968,0.003848049910906,0.2117847319848618,0.5151502050158949,0.590964590964591,0.3014804623344944,0.0460985030010069
AnimalShelter,3,knn+quantile+zscore,0.997928261756897,0.003848049910906,0.2117847319848618,0.5151502050158949,0.5848595848595849,0.2971342148781742,0.049648441165067
AnimalShelter,3,knn+winsor+quantile,0.996154248714447,0.0040355825261457,0.2754640231675877,0.5149568922462695,0.5860805860805861,0.2988019440370402,0.0449132473914177
AnimalShelter,3,knn+winsor+quantile+zscore,0.9965328574180604,0.0040355825261456,0.2754640231675878,0.5149568922462695,0.5836385836385837,0.2964516651302911,0.0425464761271727
AnimalShelter,4,mean,0.9340778589248656,0.0024926158016509,0.2757720795184752,0.4916077907530899,0.6178266178266179,0.3266432371588347,0.0282568537126385
AnimalShelter,4,mean+zscore,0.933441698551178,0.0024926158016509,0.2757720795184752,0.4916077907530899,0.6227106227106227,0.3315310625427852,0.0295896382777245
AnimalShelter,4,mean+winsor,0.9393431544303894,0.0028090994773805,0.2879033442443746,0.491892541953592,0.6117216117216118,0.3123913675168162,0.0303116351256876
AnimalShelter,4,mean+winsor+zscore,0.9381288290023804,0.0028090994773805,0.2879033442443746,0.491892541953592,0.6178266178266179,0.323576913939092,0.0326638552513751
AnimalShelter,4,mean+yeojohnson,0.932422697544098,0.0019522075778126,0.2659553396000783,0.4894425883436872,0.6239316239316239,0.335212590209547,0.030015755631257
AnimalShelter,4,mean+yeojohnson+zscore,0.9349195957183838,0.0019522075778126,0.2659553396000783,0.4894425883436872,0.6178266178266179,0.3264959856524663,0.0276661743028987
AnimalShelter,4,mean+winsor+yeojohnson,0.93645578622818,0.0020479271110893,0.2767516191414353,0.489491289247089,0.6153846153846154,0.3182990845750653,0.0261433254449795
AnimalShelter,4,mean+winsor+yeojohnson+zscore,0.9392452239990234,0.0020479271110893,0.2767516191414353,0.489491289247089,0.612942612942613,0.3155932076826077,0.0338921577502519
AnimalShelter,4,mean+quantile,0.9396926164627076,0.0029514394297375,0.213083716720886,0.4859997326419793,0.6141636141636142,0.3185764809902741,0.0269121967974745
AnimalShelter,4,mean+quantile+zscore,0.9349038600921632,0.0029514394297375,0.213083716720886,0.4859997326419793,0.6214896214896215,0.331135903471425,0.0270417172175187
AnimalShelter,4,mean+winsor+quantile,0.9519707560539246,0.0027578030916569,0.3305222855941804,0.4902794487654072,0.6105006105006106,0.309259918276931,0.021676290166247
AnimalShelter,4,mean+winsor+quantile+zscore,0.9545275568962096,0.0027578030916571,0.3305222855941804,0.4902794487654072,0.608058608058608,0.3010451977401129,0.0251406858765016
AnimalShelter,4,median,0.9361765384674072,0.0029063643940668,0.3111672556788656,0.4956285969716983,0.6166056166056166,0.3192211055276382,0.0272262103682763
AnimalShelter,4,median+zscore,0.9370543956756592,0.0029063643940668,0.3111672556788656,0.4956285969716983,0.6190476190476191,0.3205972271692222,0.0292685816430638
AnimalShelter,4,median+winsor,0.9381015300750732,0.0032114651034255,0.3235121537128477,0.4957021452747948,0.612942612942613,0.3163089542036911,0.0243055222235319
AnimalShelter,4,median+winsor+zscore,0.9415562748908995,0.0032114651034255,0.3235121537128477,0.4957021452747948,0.6117216117216118,0.3141931002312604,0.0339305437600947
AnimalShelter,4,median+yeojohnson,0.9368045330047609,0.0022052627630967,0.3004372744339189,0.4931682074539217,0.6153846153846154,0.3190035160382828,0.0263611605898073
AnimalShelter,4,median+yeojohnson+zscore,0.9363362193107604,0.0022052627630967,0.3004372744339189,0.4931682074539217,0.6141636141636142,0.3165627819066294,0.0302271897175664
AnimalShelter,4,median+winsor+yeojohnson,0.938676655292511,0.002267474989531,0.31168588455095,0.4931473356381781,0.6141636141636142,0.3169582880468115,0.0261461008453835
AnimalShelter,4,median+winsor+yeojohnson+zscore,0.9391188025474548,0.0022674749895309,0.31168588455095,0.4931473356381781,0.612942612942613,0.314830416598255,0.0267644982343773
AnimalShelter,4,median+quantile,0.9367156624794006,0.003273892641827,0.2631361349414721,0.4903892742720581,0.6166056166056166,0.3249375114759538,0.0368606422701452
AnimalShelter,4,median+quantile+zscore,0.938427209854126,0.003273892641827,0.2631361349414721,0.4903892742720581,0.6166056166056166,0.3200251873052617,0.0356256514241843
AnimalShelter,4,median+winsor+quantile,0.9487720727920532,0.003193672338859,0.3735785499687547,0.4950690335305719,0.6068376068376068,0.3009237494423901,0.0227812716375777
AnimalShelter,4,median+winsor+quantile+zscore,0.9461039304733276,0.0031936723388589,0.3735785499687547,0.4950690335305719,0.6153846153846154,0.3162309009834097,0.0272416462246169
AnimalShelter,4,knn,0.9498600363731384,0.0030779808635741,0.2664666108234754,0.4910924556834203,0.6092796092796092,0.3154434296392944,0.0337304044628609
AnimalShelter,4,knn+zscore,0.9478647112846376,0.0030779808635741,0.2664666108234754,0.4910924556834203,0.608058608058608,0.3163993425568566,0.036722044986974
AnimalShelter,4,knn+winsor,0.948046624660492,0.0033923387683268,0.2708850899666993,0.490294854153218,0.608058608058608,0.3191371530080382,0.0352523485528389
AnimalShelter,4,knn+winsor+zscore,0.9476803541183472,0.0033923387683268,0.2708850899666993,0.490294854153218,0.6105006105006106,0.3202476064729597,0.0293019732712826
AnimalShelter,4,knn+yeojohnson,0.9496143460273744,0.0025385596054371,0.2558332507046828,0.4899539478294057,0.6105006105006106,0.3193343069191821,0.0280905926329457
AnimalShelter,4,knn+yeojohnson+zscore,0.9515340328216552,0.002538559605437,0.2558332507046829,0.4899539478294057,0.608058608058608,0.3151393238393489,0.0336367267392057
AnimalShelter,4,knn+winsor+yeojohnson,0.949121594429016,0.0026272461239147,0.2573886152943423,0.489743241879994,0.6117216117216118,0.3196148934656899,0.0321841025236034
AnimalShelter,4,knn+winsor+yeojohnson+zscore,0.9550039768218994,0.0026272461239147,0.2573886152943424,0.489743241879994,0.6068376068376068,0.311535094758668,0.0371511596754211
AnimalShelter,4,knn+quantile,0.9492554068565368,0.0033011570574349,0.2153218166943729,0.4874359123443372,0.6105006105006106,0.3226597947270747,0.0481653130898691
AnimalShelter,4,knn+quantile+zscore,0.9461649656295776,0.003301157057435,0.215321816694373,0.4874359123443372,0.6105006105006106,0.3226622232555736,0.0473659113504365
AnimalShelter,4,knn+winsor+quantile,0.9480328559875488,0.0032965770786851,0.278815321841339,0.4904732584830265,0.6092796092796092,0.321966236655865,0.0515965454380445
AnimalShelter,4,knn+winsor+quantile+zscore,0.946626603603363,0.0032965770786851,0.2788153218413391,0.4904732584830265,0.6092796092796092,0.321966236655865,0.0539384445355197
AnimalShelter,5,mean,0.9535344839096068,0.0023165750997771,0.2774297295613354,0.4986266842188698,0.6007326007326007,0.3267885110215658,0.0305167226273207
AnimalShelter,5,mean+zscore,0.9548251032829284,0.0023165750997771,0.2774297295613354,0.4986266842188698,0.5958485958485958,0.3207542166481556,0.0481019905780843
AnimalShelter,5,mean+winsor,0.9580962657928468,0.0025766758528698,0.2922874562217479,0.49998534003418,0.6031746031746031,0.3259896631750579,0.0375410515237349
AnimalShelter,5,mean+winsor+zscore,0.9595324993133544,0.0025766758528698,0.2922874562217479,0.49998534003418,0.5995115995115995,0.3233175587492686,0.033561226212498
AnimalShelter,5,mean+yeojohnson,0.9545892477035522,0.001730843140291,0.2664126689841888,0.5002119483193964,0.5995115995115995,0.3250738556238356,0.0425261479230445
AnimalShelter,5,mean+yeojohnson+zscore,0.9564291834831238,0.001730843140291,0.2664126689841887,0.5002119483193964,0.6007326007326007,0.3230953654976077,0.0496636963152623
AnimalShelter,5,mean+winsor+yeojohnson,0.9607370495796204,0.0018712705002835,0.2812501780648941,0.501221746642992,0.6007326007326007,0.3239743010599164,0.0384783254292712
AnimalShelter,5,mean+winsor+yeojohnson+zscore,0.9606359004974364,0.0018712705002834,0.2812501780648941,0.501221746642992,0.608058608058608,0.333029259579286,0.031035594196401
AnimalShelter,5,mean+quantile,0.9588760137557985,0.0029233100531933,0.2130106420542662,0.5010498026371043,0.5982905982905983,0.3145332778387377,0.0350732359039041
AnimalShelter,5,mean+quantile+zscore,0.957612693309784,0.0029233100531933,0.2130106420542662,0.5010498026371043,0.5995115995115995,0.3149509901618922,0.0282040124847775
AnimalShelter,5,mean+winsor+quantile,0.9636778235435486,0.0027792841303161,0.3292002911596609,0.5017047800930584,0.6043956043956044,0.3100956315077695,0.039260460452719
AnimalShelter,5,mean+winsor+quantile+zscore,0.9623656868934632,0.0027792841303163,0.3292002911596609,0.5017047800930584,0.6056166056166056,0.3138837192155885,0.0379365035247453
AnimalShelter,5,median,0.965883731842041,0.0026752468334042,0.3123859080308259,0.4919387581170243,0.6019536019536019,0.3308611785456072,0.0248182302793449
AnimalShelter,5,median+zscore,0.9646979570388794,0.0026752468334042,0.3123859080308259,0.4919387581170243,0.5995115995115995,0.3266828940280891,0.0259846220377455
AnimalShelter,5,median+winsor,0.9669886827468872,0.0029162075962775,0.3285984027587309,0.494393681206868,0.6117216117216118,0.3373408400142009,0.0309476441952771
AnimalShelter,5,median+winsor+zscore,0.9669880867004396,0.0029162075962776,0.3285984027587308,0.494393681206868,0.608058608058608,0.3314875483136535,0.0300678126104585
AnimalShelter,5,median+yeojohnson,0.9637703895568848,0.0019940048145689,0.3018483013491572,0.4908345396745885,0.5970695970695971,0.3235100800828471,0.0269254543187417
AnimalShelter,5,median+yeojohnson+zscore,0.9668667316436768,0.0019940048145689,0.3018483013491573,0.4908345396745885,0.6019536019536019,0.3259954620278507,0.0263702684924715
AnimalShelter,5,median+winsor+yeojohnson,0.9668495059013368,0.0020646672948018,0.3186815582745997,0.492225000161508,0.6043956043956044,0.3311675003922341,0.0295198178771651
AnimalShelter,5,median+winsor+yeojohnson+zscore,0.9675082564353944,0.0020646672948018,0.3186815582745997,0.492225000161508,0.6056166056166056,0.3297004913642612,0.0298511739979442
AnimalShelter,5,median+quantile,0.9692308306694032,0.0033644920928929,0.2640442409793315,0.4891692669470447,0.5982905982905983,0.3241087255048215,0.0445590774654905
AnimalShelter,5,median+quantile+zscore,0.9696062803268432,0.0033644920928929,0.2640442409793315,0.4891692669470447,0.5946275946275946,0.3219943791005633,0.0289227614618192
AnimalShelter,5,median+winsor+quantile,0.9728801250457764,0.003194994409432,0.3707777915796365,0.490984617968745,0.5970695970695971,0.3219142152589019,0.029119455115699
AnimalShelter,5,median+winsor+quantile+zscore,0.9749787449836732,0.003194994409432,0.3707777915796365,0.490984617968745,0.5934065934065934,0.3157852808120931,0.0247712505751622
AnimalShelter,5,knn,0.9603251218795776,0.0028438198098161,0.2622756361035555,0.5013758005210996,0.6043956043956044,0.3319995796936522,0.0366134407028319
AnimalShelter,5,knn+zscore,0.9609315395355223,0.0028438198098159,0.2622756361035555,0.5013758005210996,0.608058608058608,0.3327560147319079,0.0419204448678409
AnimalShelter,5,knn+winsor,0.959817111492157,0.0030031752547317,0.2647354608301001,0.5015551987468959,0.6068376068376068,0.3343140592879858,0.0345683843443245
AnimalShelter,5,knn+winsor+zscore,0.9594517946243286,0.0030031752547318,0.2647354608301002,0.5015551987468959,0.6043956043956044,0.3299961082239563,0.0306663510636386
AnimalShelter,5,knn+yeojohnson,0.9572321772575378,0.0022825448617924,0.2530533425139941,0.5013042400099786,0.6105006105006106,0.3356476566911349,0.0370921785505408
AnimalShelter,5,knn+yeojohnson+zscore,0.958706796169281,0.0022825448617924,0.2530533425139941,0.5013042400099786,0.608058608058608,0.3365206384489518,0.0468774280341408
AnimalShelter,5,knn+winsor+yeojohnson,0.957676649093628,0.0022978893714176,0.2539054278594251,0.5016381890618765,0.6105006105006106,0.3376672821746038,0.041816295939924
AnimalShelter,5,knn+winsor+yeojohnson+zscore,0.9590275883674622,0.0022978893714176,0.2539054278594251,0.5016381890618765,0.6056166056166056,0.3311613883792995,0.0345378178234356
AnimalShelter,5,knn+quantile,0.9600642919540404,0.0033580998166369,0.2133181867284483,0.5024328089041153,0.608058608058608,0.3316266697155831,0.0378838682203793
AnimalShelter,5,knn+quantile+zscore,0.9627506732940674,0.0033580998166371,0.2133181867284484,0.5024328089041153,0.608058608058608,0.3335282657951762,0.0340753874499282
AnimalShelter,5,knn+winsor+quantile,0.9618288278579712,0.0040102581435685,0.2751698113558501,0.5018652942950866,0.6007326007326007,0.3256942591041886,0.0306944933711973
AnimalShelter,5,knn+winsor+quantile+zscore,0.9629804491996764,0.0040102581435684,0.2751698113558501,0.5018652942950866,0.6031746031746031,0.3256535996226029,0.0324252781268295
AnimalShelter,6,mean,0.9855126142501832,0.002487637087011,0.2789765026893372,0.5055451941898829,0.5848595848595849,0.3063983285621942,0.0440469163678067
AnimalShelter,6,mean+zscore,0.9854888319969176,0.002487637087011,0.2789765026893372,0.5055451941898829,0.57997557997558,0.3026345195117758,0.0423396649305346
AnimalShelter,6,mean+winsor,0.9847177863121032,0.0027813118981911,0.2921823597815104,0.505796649874794,0.5885225885225885,0.3090735342381127,0.033426019734952
AnimalShelter,6,mean+winsor+zscore,0.9851720333099364,0.0027813118981911,0.2921823597815104,0.505796649874794,0.57997557997558,0.3008703914955845,0.0468289752801259
AnimalShelter,6,mean+yeojohnson,0.9847835302352904,0.0021368048821895,0.268075070996688,0.5070598916752763,0.5848595848595849,0.3020966050653838,0.0430288973090412
AnimalShelter,6,mean+yeojohnson+zscore,0.9850619435310364,0.0021368048821897,0.268075070996688,0.5070598916752763,0.57997557997558,0.301059227081682,0.0456731023951473
AnimalShelter,6,mean+winsor+yeojohnson,0.9848573803901672,0.0022248726666567,0.2804183008990827,0.5072313387331703,0.5885225885225885,0.3063942231084128,0.0364313759501018
AnimalShelter,6,mean+winsor+yeojohnson+zscore,0.9833536744117736,0.0022248726666568,0.2804183008990827,0.5072313387331703,0.5836385836385837,0.3039775525709984,0.0373877080951127
AnimalShelter,6,mean+quantile,0.983852207660675,0.0069977815553893,0.2721838704136677,0.5027543342561658,0.5873015873015873,0.3063489186716793,0.0492056229757884
AnimalShelter,6,mean+quantile+zscore,0.9843901991844176,0.0069977815553893,0.2721838704136676,0.5027543342561658,0.5873015873015873,0.3100261150847915,0.0354578138052762
AnimalShelter,6,mean+winsor+quantile,0.9865849614143372,0.0068549480714578,0.3900008428833918,0.5063770851316639,0.5836385836385837,0.2924259667424539,0.0348196690845256
AnimalShelter,6,mean+winsor+quantile+zscore,0.9856767654418944,0.0068549480714578,0.3900008428833917,0.5063770851316639,0.5848595848595849,0.2960853082067708,0.0383289147427667
AnimalShelter,6,median,0.9866530299186708,0.0026602203195981,0.3113093391740497,0.503894332954162,0.5836385836385837,0.3133970366197868,0.0423995507869673
AnimalShelter,6,median+zscore,0.9879433512687684,0.0026602203195981,0.3113093391740497,0.503894332954162,0.5873015873015873,0.3126417839504741,0.0363293286863264
AnimalShelter,6,median+winsor,0.985662043094635,0.00294354728965,0.3248483607633131,0.5042436873938706,0.5836385836385837,0.3057636994460013,0.039642800741871
AnimalShelter,6,median+winsor+zscore,0.987508237361908,0.0029435472896498,0.3248483607633131,0.5042436873938706,0.590964590964591,0.3074455042484201,0.0315032328441466
AnimalShelter,6,median+yeojohnson,0.9892950057983398,0.0022218737529698,0.3004838050343733,0.5052410620176188,0.5860805860805861,0.3096448268310549,0.0341211766987056
AnimalShelter,6,median+yeojohnson+zscore,0.9900924563407898,0.0022218737529698,0.3004838050343733,0.5052410620176188,0.5848595848595849,0.3075558162102568,0.0307653197002061
AnimalShelter,6,median+winsor+yeojohnson,0.9879400134086608,0.0022530788326594,0.3137697943092619,0.5052753514291976,0.5873015873015873,0.30868554239204,0.0390074245804541
AnimalShelter,6,median+winsor+yeojohnson+zscore,0.9863240718841552,0.0022530788326594,0.313769794309262,0.5052753514291976,0.590964590964591,0.3088056057866185,0.0361924560078771
AnimalShelter,6,median+quantile,0.987741768360138,0.0075105025529995,0.3187878640695378,0.501959217465933,0.590964590964591,0.3158305869778213,0.0232950391495766
AnimalShelter,6,median+quantile+zscore,0.9870351552963256,0.0075105025529995,0.3187878640695379,0.501959217465933,0.5836385836385837,0.3120851270866944,0.0304465102843749
AnimalShelter,6,median+winsor+quantile,0.9926019310951232,0.0074247646162628,0.4286948781015681,0.5056912969000881,0.5787545787545788,0.2931581735329554,0.0375903515152005
AnimalShelter,6,median+winsor+quantile+zscore,0.9899065494537354,0.007424764616263,0.4286948781015682,0.5056912969000881,0.5885225885225885,0.3020239543045313,0.0303810816690307
AnimalShelter,6,knn,0.997808575630188,0.0033187956312568,0.2676519221467583,0.5060684804274548,0.5836385836385837,0.3070631139256892,0.0471185492363022
AnimalShelter,6,knn+zscore,0.9999858140945436,0.0033187956312568,0.2676519221467583,0.5060684804274548,0.5836385836385837,0.3060239353166549,0.0446238642938262
AnimalShelter,6,knn+winsor,1.0000234842300415,0.0037174074104667,0.2723963995596635,0.5076472842040608,0.57997557997558,0.3000528038358879,0.0456453962422115
AnimalShelter,6,knn+winsor+zscore,1.0006046295166016,0.0037174074104667,0.2723963995596635,0.5076472842040608,0.5836385836385837,0.3083499107769536,0.0469711265357277
AnimalShelter,6,knn+yeojohnson,1.0018978118896484,0.0029460047302197,0.2556741243113024,0.5077203355591634,0.57997557997558,0.3017638878857012,0.0496421656110784
AnimalShelter,6,knn+yeojohnson+zscore,1.0009198188781738,0.0029460047302197,0.2556741243113024,0.5077203355591634,0.57997557997558,0.3016077060194707,0.0507533947626749
AnimalShelter,6,knn+winsor+yeojohnson,1.0010277032852173,0.0030406926361175,0.2572771778808355,0.5087977188099289,0.5775335775335775,0.3004100566803022,0.0574480480763501
AnimalShelter,6,knn+winsor+yeojohnson+zscore,1.0002692937850952,0.0030406926361175,0.2572771778808355,0.5087977188099289,0.5775335775335775,0.3017426008343175,0.0474998686048719
AnimalShelter,6,knn+quantile,0.998235821723938,0.0074259874128657,0.2761678626983338,0.5040533563122085,0.5775335775335775,0.3044656367291283,0.0635791176404708
AnimalShelter,6,knn+quantile+zscore,0.9998065233230592,0.0074259874128655,0.2761678626983338,0.5040533563122085,0.5775335775335775,0.3066149372747347,0.0567301886567848
AnimalShelter,6,knn+winsor+quantile,1.0001691579818726,0.0077106629745056,0.3399596706431473,0.5039032780180521,0.5763125763125763,0.3034585531863208,0.059827902159848
AnimalShelter,6,knn+winsor+quantile+zscore,1.0008769035339355,0.0077106629745056,0.3399596706431473,0.5039032780180521,0.5824175824175825,0.3136557426759779,0.0479455463251642
AnimalShelter,7,mean,0.9967191815376282,0.0021408600668398,0.2791007919823054,0.4918999961735004,0.5946275946275946,0.3157969264046293,0.039975392512786
AnimalShelter,7,mean+zscore,0.9976705312728882,0.0021408600668398,0.2791007919823055,0.4918999961735004,0.5946275946275946,0.3154080242247212,0.0293769337537087
AnimalShelter,7,mean+winsor,0.9974676966667176,0.0021829906871128,0.2911039356638459,0.4941392438339935,0.5970695970695971,0.3120452680081701,0.0321350638028029
AnimalShelter,7,mean+winsor+zscore,0.99883770942688,0.0021829906871125,0.2911039356638459,0.4941392438339935,0.5946275946275946,0.3107172397945722,0.033270411366217
AnimalShelter,7,mean+yeojohnson,0.9991814494132996,0.0019403799362031,0.2664570164684414,0.4939538822322705,0.5946275946275946,0.3157426538818434,0.040428987716726
AnimalShelter,7,mean+yeojohnson+zscore,0.9987609386444092,0.0019403799362029,0.2664570164684414,0.4939538822322705,0.5897435897435898,0.3117135303634398,0.0327875416939657
AnimalShelter,7,mean+winsor+yeojohnson,0.9972986578941344,0.0020323145764864,0.2771913663200759,0.4946491124757302,0.5982905982905983,0.3139585413841861,0.0317937957716512
AnimalShelter,7,mean+winsor+yeojohnson+zscore,0.9969065189361572,0.0020323145764865,0.2771913663200759,0.4946491124757302,0.5970695970695971,0.3135052269526595,0.0348026903484912
AnimalShelter,7,mean+quantile,1.0022072792053225,0.0029316927893374,0.2153948538261777,0.4922220184735447,0.5836385836385837,0.3077687900660558,0.0365223104409391
AnimalShelter,7,mean+quantile+zscore,1.0032832622528076,0.0029316927893374,0.2153948538261777,0.4922220184735447,0.5860805860805861,0.3084918848215766,0.0324215655361776
AnimalShelter,7,mean+winsor+quantile,1.005382776260376,0.0028364398808505,0.3329631209916486,0.4940005953436966,0.5921855921855922,0.3048218849304056,0.0320464788193522
AnimalShelter,7,mean+winsor+quantile+zscore,1.0107489824295044,0.0028364398808505,0.3329631209916486,0.4940005953436966,0.5897435897435898,0.3021445516498503,0.0329852541578849
AnimalShelter,7,median,0.9960767030715942,0.0023457600532093,0.3142388890854273,0.4870691647248423,0.6031746031746031,0.3249821300645277,0.0351849804576645
AnimalShelter,7,median+zscore,0.996288239955902,0.0023457600532093,0.3142388890854273,0.4870691647248423,0.5982905982905983,0.3219691072989,0.0428888666033017
AnimalShelter,7,median+winsor,0.998491644859314,0.0023958713620142,0.3263100638546118,0.4889312288579688,0.6068376068376068,0.3205341336504468,0.0489764953343714
AnimalShelter,7,median+winsor+zscore,0.9972230792045592,0.0023958713620142,0.3263100638546118,0.4889312288579688,0.6068376068376068,0.3214735437849925,0.0497622742466582
AnimalShelter,7,median+yeojohnson,0.998862326145172,0.0021272219498348,0.3024787312705325,0.487636679333871,0.6043956043956044,0.3275100647034801,0.039884190601598
AnimalShelter,7,median+yeojohnson+zscore,0.9967669248580932,0.0021272219498348,0.3024787312705325,0.487636679333871,0.5970695970695971,0.3219283035298251,0.0339420839543744
AnimalShelter,7,median+winsor+yeojohnson,1.0000731945037842,0.0021863129978451,0.3134937548448171,0.4881336273277665,0.6031746031746031,0.3186546107477235,0.0550054258624858
AnimalShelter,7,median+winsor+yeojohnson+zscore,1.0001537799835205,0.0021863129978451,0.3134937548448171,0.4881336273277665,0.6092796092796092,0.3244904059670899,0.0626771991870051
AnimalShelter,7,median+quantile,1.005054235458374,0.0032381670682991,0.2643074445573194,0.4850281993139136,0.5958485958485958,0.3216679638051479,0.0401054607278989
AnimalShelter,7,median+quantile+zscore,1.0069260597229004,0.0032381670682991,0.2643074445573194,0.4850281993139136,0.5934065934065934,0.3169231837514105,0.0317700363340832
AnimalShelter,7,median+winsor+quantile,1.012057185173035,0.0032418124841011,0.3748338125114344,0.4860141441338022,0.6007326007326007,0.3125818787206135,0.0421226291720538
AnimalShelter,7,median+winsor+quantile+zscore,1.0105657577514648,0.0032418124841012,0.3748338125114344,0.4860141441338022,0.6007326007326007,0.3131543023912634,0.0448720266312469
AnimalShelter,7,knn,0.9987664222717284,0.0027398788418115,0.2649954317853348,0.4915049225183535,0.5860805860805861,0.2982967626608598,0.0528188499921116
AnimalShelter,7,knn+zscore,0.999904453754425,0.0027398788418119,0.2649954317853349,0.4915049225183535,0.5897435897435898,0.3046067018637124,0.0440284762263152
AnimalShelter,7,knn+winsor,1.0002484321594238,0.0028936510540988,0.2705808797191797,0.4915541203697491,0.57997557997558,0.2974028464602,0.0318954233648721
AnimalShelter,7,knn+winsor+zscore,1.002960443496704,0.0028936510540988,0.2705808797191799,0.4915541203697491,0.5824175824175825,0.2983284732195462,0.0328634751367044
AnimalShelter,7,knn+yeojohnson,0.9991998076438904,0.0025526763581693,0.2538651519339553,0.4932561672488412,0.5860805860805861,0.3013943740040186,0.0376199025374192
AnimalShelter,7,knn+yeojohnson+zscore,1.0006120204925537,0.0025526763581694,0.2538651519339553,0.4932561672488412,0.57997557997558,0.2955946260036725,0.0428260596462221
AnimalShelter,7,knn+winsor+yeojohnson,1.0017025470733645,0.0026447918158849,0.2562803958091019,0.4933406484078035,0.5811965811965812,0.3006783310949616,0.0317584461781568
AnimalShelter,7,knn+winsor+yeojohnson+zscore,1.0006972551345823,0.0026447918158849,0.2562803958091019,0.4933406484078035,0.57997557997558,0.3003697131026323,0.0328801797932612
AnimalShelter,7,knn+quantile,1.005048394203186,0.0031459511036546,0.2141114772557279,0.4909185238855568,0.568986568986569,0.2978691875319366,0.0495659793034578
AnimalShelter,7,knn+quantile+zscore,1.0035701990127563,0.0031459511036546,0.2141114772557279,0.4909185238855568,0.5665445665445665,0.2930423459792647,0.0498604630739843
AnimalShelter,7,knn+winsor+quantile,1.0057952404022217,0.0032685603170443,0.2777842486915881,0.4913911214277515,0.568986568986569,0.2963593245884016,0.0467508570251301
AnimalShelter,7,knn+winsor+quantile+zscore,1.0070579051971436,0.0032685603170443,0.2777842486915881,0.4913911214277515,0.5738705738705738,0.299906382327197,0.0419935919935741
credit_g,42,mean,0.5534875988960266,0.0042402836472166,0.4077263104196759,0.4740583333333334,0.685,0.5881141512209473,0.0467636153101921
credit_g,42,mean+zscore,0.5560994148254395,0.0042402836483111,0.4077263109411765,0.4740583333333334,0.69,0.5920515857349651,0.0465954974293708
credit_g,42,mean+winsor,0.5433109402656555,0.0086360997021658,0.3981825213938971,0.466525,0.69,0.5920515857349651,0.0789289698004722
credit_g,42,mean+winsor+zscore,0.5426520109176636,0.0086360997021658,0.3981825213938971,0.466525,0.7,0.6052112120015791,0.0640661945939064
credit_g,42,mean+yeojohnson,0.5494379997253418,0.0033396332128224,0.3588494122939794,0.4768333333333333,0.69,0.5971933471933473,0.0443938225507736
credit_g,42,mean+yeojohnson+zscore,0.5515239238739014,0.0033396332483252,0.3588494116112609,0.4768333333333333,0.68,0.5892696701322038,0.0547519278526306
credit_g,42,mean+winsor+yeojohnson,0.5430839657783508,0.0081703252134872,0.3811276967505075,0.4677166666666667,0.69,0.5971933471933473,0.0922746509313583
credit_g,42,mean+winsor+yeojohnson+zscore,0.5425865650177002,0.0081703252128224,0.3811276967509043,0.4677166666666667,0.7,0.6101871101871101,0.0856203919649124
credit_g,42,mean+quantile,0.549858808517456,0.0039707832129994,0.434419703441551,0.4686666666666666,0.69,0.5866666666666667,0.0415457105636596
credit_g,42,mean+quantile+zscore,0.5493982434272766,0.0039707832677434,0.4344197022926656,0.4686666666666666,0.7,0.6000000000000001,0.0315623334050178
credit_g,42,mean+winsor+quantile,0.5443441271781921,0.0092090451580026,0.4553576889986105,0.4665416666666667,0.73,0.6614420062695925,0.0410806712508201
credit_g,42,mean+winsor+quantile+zscore,0.5462813377380371,0.0092090451580028,0.4553576889986105,0.4665416666666667,0.73,0.6575342465753424,0.0559809535741805
credit_g,42,median,0.5656000375747681,0.0042411835252871,0.4549806779236963,0.4714,0.685,0.5881141512209473,0.0449815553426742
credit_g,42,median+zscore,0.5642619132995605,0.0042411835018447,0.454980678258884,0.4714,0.685,0.5827676413126263,0.0459562039375305
credit_g,42,median+winsor,0.5646401047706604,0.0307092187543359,0.5111134786914371,0.4649749999999999,0.695,0.5726944765507338,0.0537221211194992
credit_g,42,median+winsor+zscore,0.5621975064277649,0.0307092187543359,0.5111134786914371,0.4649749999999999,0.705,0.5985165526861964,0.0364243438839912
credit_g,42,median+yeojohnson,0.5651627779006958,0.0039526789046644,0.4263871951869332,0.4796166666666666,0.69,0.5920515857349651,0.0357836300134658
credit_g,42,median+yeojohnson+zscore,0.5654726028442383,0.0039526788740359,0.4263871956804643,0.4796166666666666,0.685,0.5881141512209473,0.0415321987867355
credit_g,42,median+winsor+yeojohnson,0.5656319260597229,0.0291515667491177,0.4920222329016047,0.4693416666666667,0.69,0.562394127611519,0.0673941123485565
credit_g,42,median+winsor+yeojohnson+zscore,0.5636141300201416,0.0291515667491177,0.4920222329016047,0.4693416666666667,0.7,0.5765104460756635,0.0608851450681686
credit_g,42,median+quantile,0.5658604502677917,0.0049290786016424,0.493384871721449,0.47425,0.69,0.5920515857349651,0.045613214969635
credit_g,42,median+quantile+zscore,0.5676323771476746,0.0049290785844239,0.4933848730306739,0.47425,0.69,0.5971933471933473,0.0500415763258933
credit_g,42,median+winsor+quantile,0.5600119233131409,0.0338926636708821,0.5468068566964545,0.469625,0.73,0.6245306633291614,0.0903035306930541
credit_g,42,median+winsor+quantile+zscore,0.5620868802070618,0.0338926636708822,0.5468068566964546,0.469625,0.71,0.6025219298245614,0.0571229645609855
credit_g,42,knn,0.5512967109680176,0.0043642554449027,0.4090583923961195,0.473725,0.7,0.5945398026760373,0.023019858598709
credit_g,42,knn+zscore,0.5504845976829529,0.0043642553942405,0.4090583919289184,0.473725,0.71,0.6080551425868361,0.0407353153824806
credit_g,42,knn+winsor,0.5527302026748657,0.0085753151794798,0.4128969311536629,0.463525,0.7,0.6101871101871101,0.0589807018637657
credit_g,42,knn+winsor+zscore,0.5547459125518799,0.0085753150524485,0.4128969311703547,0.463525,0.695,0.606133979015335,0.0513305240869522
credit_g,42,knn+yeojohnson,0.55295729637146,0.0039235523821572,0.3739580650977802,0.4801416666666667,0.705,0.6092585847213484,0.0256459364295005
credit_g,42,knn+yeojohnson+zscore,0.5526094436645508,0.0039235523783361,0.3739580647116191,0.4801416666666667,0.7,0.6000000000000001,0.02616154640913
credit_g,42,knn+winsor+yeojohnson,0.5557649731636047,0.011640092780634,0.4005711387460645,0.4705833333333333,0.685,0.5932203389830508,0.0572610089182853
credit_g,42,knn+winsor+yeojohnson+zscore,0.5538780093193054,0.0082208486904059,0.3882284722840715,0.4681333333333333,0.72,0.6448503297818367,0.0307806098461151
credit_g,42,knn+quantile,0.5607747435569763,0.0045408254780815,0.4541168218947244,0.474275,0.7,0.6000000000000001,0.0444393694400787
credit_g,42,knn+quantile+zscore,0.5619254112243652,0.004540825464593,0.4541168224694571,0.474275,0.69,0.5810244627652386,0.0524151840806007
credit_g,42,knn+winsor+quantile,0.5587597489356995,0.0249948398115391,0.5026101809311905,0.471675,0.715,0.6174368267391523,0.0402375492453574
credit_g,42,knn+winsor+quantile+zscore,0.5569896101951599,0.024994839811539,0.5026101809311905,0.471675,0.71,0.6080551425868361,0.0380388587713241
credit_g,1,mean,0.5644711256027222,0.0039231516551144,0.4077132281306299,0.4909333333333333,0.72,0.6047430830039526,0.0236880514025688
credit_g,1,mean+zscore,0.5670275688171387,0.0039231516594557,0.4077132283233811,0.4909333333333333,0.72,0.6047430830039526,0.0325318184494972
credit_g,1,mean+winsor,0.570504367351532,0.0038700247597507,0.3734990885227831,0.4885666666666666,0.71,0.5704340097763294,0.030506696999073
credit_g,1,mean+winsor+zscore,0.570792555809021,0.0038700247597507,0.373499088522783,0.4885666666666666,0.715,0.5813594800044067,0.0400975829362869
credit_g,1,mean+yeojohnson,0.5654522180557251,0.0030223481911482,0.3572315295777198,0.4892416666666666,0.725,0.6147245280375468,0.0402644199132919
credit_g,1,mean+yeojohnson+zscore,0.5635495781898499,0.0030223481661321,0.3572315290921898,0.4892416666666666,0.73,0.6188594014680971,0.0430879312753677
credit_g,1,mean+winsor+yeojohnson,0.5660833120346069,0.0035476890715507,0.3565407442746642,0.4868666666666666,0.71,0.5704340097763294,0.0223350703716278
credit_g,1,mean+winsor+yeojohnson+zscore,0.5672302842140198,0.0035476890792103,0.3565407442947327,0.4868666666666666,0.72,0.592074592074592,0.0390425273776054
credit_g,1,mean+quantile,0.5728133320808411,0.0041065880191945,0.4279820075221209,0.4802083333333333,0.72,0.6162280701754386,0.0439380121231079
credit_g,1,mean+quantile+zscore,0.571016252040863,0.0041065879507331,0.4279820069403816,0.4802083333333333,0.73,0.6245306633291614,0.0531510215997695
credit_g,1,mean+winsor+quantile,0.5766484141349792,0.0039948130396851,0.4334442175225019,0.4866999999999999,0.71,0.5704340097763294,0.0412175586819648
credit_g,1,mean+winsor+quantile+zscore,0.5769962072372437,0.003994813039685,0.4334442175225019,0.4866999999999999,0.705,0.5666703389519298,0.0399183329939842
credit_g,1,median,0.575721800327301,0.0039343833864922,0.4561582031591902,0.4905833333333333,0.72,0.6162280701754386,0.0880563074350357
credit_g,1,median+zscore,0.5757652521133423,0.0039343833515057,0.4561582026063985,0.4905833333333333,0.705,0.5927523727351165,0.0623904630541801
credit_g,1,median+winsor,0.5664417743682861,0.02860852478297,0.509159536378783,0.49425,0.73,0.6000592504814102,0.0495571640133857
credit_g,1,median+winsor+zscore,0.5677297711372375,0.02860852478297,0.509159536378783,0.49425,0.73,0.6000592504814102,0.0569865357875824
credit_g,1,median+yeojohnson,0.5761532783508301,0.0034738394920686,0.4304943624671605,0.490425,0.705,0.5803549201607454,0.0368489480018615
credit_g,1,median+yeojohnson+zscore,0.5745988488197327,0.0034738394803253,0.4304943620309195,0.490425,0.715,0.6121261610697153,0.0598295727372169
credit_g,1,median+winsor+yeojohnson,0.5650299787521362,0.0272461447917629,0.4929931785402978,0.4934833333333333,0.73,0.593128390596745,0.0545587366819381
credit_g,1,median+winsor+yeojohnson+zscore,0.5675074458122253,0.027246144791763,0.4929931785402979,0.4934833333333333,0.715,0.5742296918767507,0.0382264602184295
credit_g,1,median+quantile,0.5824737548828125,0.0049734296632663,0.4928221570872609,0.4834916666666666,0.69,0.575109649122807,0.0379079687595367
credit_g,1,median+quantile+zscore,0.5804464221000671,0.0049734297343549,0.492822158873793,0.4834916666666666,0.705,0.5927523727351165,0.0512282559275627
credit_g,1,median+winsor+quantile,0.5708667635917664,0.0319889398186211,0.5460158128929835,0.4919833333333334,0.73,0.6000592504814102,0.0629932010173797
credit_g,1,median+winsor+quantile+zscore,0.5694586038589478,0.0319889398186211,0.5460158128929835,0.4919833333333334,0.73,0.6000592504814102,0.0620433640480041
credit_g,1,knn,0.5732997059822083,0.0041837329593698,0.4103979273224482,0.486,0.705,0.5927523727351165,0.0627150279283523
credit_g,1,knn+zscore,0.5760930776596069,0.0041837329515526,0.4103979281566355,0.486,0.72,0.6162280701754386,0.0506327193975448
credit_g,1,knn+winsor,0.5806356072425842,0.0079037291595872,0.4102881471354398,0.4861916666666666,0.705,0.6092585847213484,0.0371449819207191
credit_g,1,knn+winsor+zscore,0.5799359679222107,0.0079037288407284,0.4102881471334033,0.4861916666666666,0.705,0.6092585847213484,0.0377169892191887
credit_g,1,knn+yeojohnson,0.5737081170082092,0.0036096991938162,0.3758746913005112,0.484625,0.72,0.6162280701754386,0.0671564936637878
credit_g,1,knn+yeojohnson+zscore,0.5716168880462646,0.0036096991525202,0.3758746904327973,0.484625,0.715,0.6121261610697153,0.0588560885190963
credit_g,1,knn+winsor+yeojohnson,0.5815390944480896,0.0106957857847858,0.3975095541316643,0.4869916666666666,0.72,0.6215704824976348,0.075946646630764
credit_g,1,knn+winsor+yeojohnson+zscore,0.5783054232597351,0.0075585424548159,0.3858367667518509,0.487225,0.725,0.625735769453234,0.08332593023777
credit_g,1,knn+quantile,0.5786319375038147,0.0046969111493979,0.4517658783458859,0.4811416666666666,0.72,0.6215704824976348,0.0450965127348899
credit_g,1,knn+quantile+zscore,0.5762054920196533,0.004696911270274,0.4517658793461865,0.4811416666666666,0.71,0.6025219298245614,0.0525883468985557
credit_g,1,knn+winsor+quantile,0.5810606479644775,0.0169085612754903,0.4849718259180675,0.4904833333333333,0.71,0.6025219298245614,0.0565018400549888
credit_g,1,knn+winsor+quantile+zscore,0.5813223719596863,0.0169085612754904,0.4849718259180675,0.4904833333333333,0.72,0.6106243916006119,0.0489536452293396
credit_g,2,mean,0.5102947950363159,0.0042755458256943,0.4074082634192223,0.4642,0.735,0.623030690991856,0.0376431635022163
credit_g,2,mean+zscore,0.5107787251472473,0.0042755457836654,0.4074082633682392,0.4642,0.73,0.6188594014680971,0.0571202257275581
credit_g,2,mean+winsor,0.516704797744751,0.0057029721382719,0.3820649718737367,0.4739833333333333,0.72,0.6162280701754386,0.0455770632624626
credit_g,2,mean+winsor+zscore,0.5147644877433777,0.005702972138272,0.3820649718737368,0.4739833333333333,0.725,0.6203623813632442,0.0300483524799346
credit_g,2,mean+yeojohnson,0.5134686827659607,0.0030663086492832,0.3605951140568383,0.4670583333333333,0.72,0.6106243916006119,0.0641507673263549
credit_g,2,mean+yeojohnson+zscore,0.5110111832618713,0.0030663086500941,0.3605951133360848,0.4670583333333333,0.74,0.6329757199322417,0.0297366106510162
credit_g,2,mean+winsor+yeojohnson,0.5219079852104187,0.0052082556009759,0.3660759563472259,0.4714916666666666,0.715,0.6121261610697153,0.0621610245108604
credit_g,2,mean+winsor+yeojohnson+zscore,0.5170466899871826,0.0052082556002258,0.366075956347789,0.4714916666666666,0.72,0.6106243916006119,0.0355405607819556
credit_g,2,mean+quantile,0.5161224603652954,0.0036153892591191,0.4322264083811527,0.45535,0.72,0.6106243916006119,0.0430991142988204
credit_g,2,mean+quantile+zscore,0.5148382782936096,0.0036153891794192,0.4322264060715097,0.45535,0.72,0.6106243916006119,0.0426047167181968
credit_g,2,mean+winsor+quantile,0.5114688277244568,0.0063712265917758,0.4428548314116561,0.4596666666666666,0.725,0.6147245280375468,0.0370878860354423
credit_g,2,mean+winsor+quantile+zscore,0.5140293836593628,0.0063712265917758,0.4428548314116561,0.4596666666666666,0.72,0.6162280701754386,0.0446982723474502
credit_g,2,median,0.5194782018661499,0.0043065018852869,0.4539894462133809,0.4581833333333334,0.73,0.6000592504814102,0.0432678544521331
credit_g,2,median+zscore,0.5174397230148315,0.0043065018565466,0.4539894476085705,0.4581833333333334,0.745,0.6314895769355829,0.046957539319992
credit_g,2,median+winsor,0.5272365212440491,0.0294591370580159,0.5099970847851838,0.463275,0.735,0.623030690991856,0.0291028973460197
credit_g,2,median+winsor+zscore,0.5276211500167847,0.0294591370580158,0.5099970847851838,0.463275,0.73,0.6066433566433567,0.0216582354903221
credit_g,2,median+yeojohnson,0.5201407670974731,0.0036439042775958,0.4267939952384602,0.4565083333333333,0.755,0.6567545795243599,0.084996303319931
credit_g,2,median+yeojohnson+zscore,0.5209287405014038,0.0036439043282789,0.4267939966982953,0.4565083333333333,0.75,0.6415770609318996,0.0545737716555595
credit_g,2,median+winsor+yeojohnson,0.529512345790863,0.0279882047838765,0.492586677792894,0.46175,0.735,0.623030690991856,0.020986957848072
credit_g,2,median+winsor+yeojohnson+zscore,0.5311415195465088,0.0279882047838765,0.4925866777928939,0.46175,0.73,0.6129032258064516,0.0187699946761131
credit_g,2,median+quantile,0.5234175324440002,0.0045812391854074,0.4906371870275574,0.4444916666666667,0.74,0.6329757199322417,0.0320210963487624
credit_g,2,median+quantile+zscore,0.5239459872245789,0.0045812392259743,0.4906371898850475,0.4444916666666667,0.745,0.6314895769355829,0.0526566442847251
credit_g,2,median+winsor+quantile,0.5244896411895752,0.0329948239120519,0.5468740589491144,0.4556083333333333,0.74,0.638436935057711,0.0349202957749366
credit_g,2,median+winsor+quantile+zscore,0.5256660580635071,0.0329948239120519,0.5468740589491144,0.4556083333333333,0.74,0.638436935057711,0.0430279442667961
credit_g,2,knn,0.5233643054962158,0.0043852539732476,0.4056110808466763,0.4641333333333333,0.715,0.6065573770491803,0.0542803955078124
credit_g,2,knn+zscore,0.5238620638847351,0.0043852539935562,0.4056110830882916,0.4641333333333333,0.705,0.5985165526861964,0.07321985155344
credit_g,2,knn+winsor,0.527439296245575,0.0083539583885877,0.4070094448936071,0.4657833333333332,0.725,0.630860095976375,0.0396552902460098
credit_g,2,knn+winsor+zscore,0.5284258127212524,0.0083539591311789,0.4070094449141013,0.4657833333333332,0.73,0.6350858224084336,0.0362906277179717
credit_g,2,knn+yeojohnson,0.5246358513832092,0.0036918954648398,0.3745230391914336,0.4652583333333333,0.71,0.6080551425868361,0.0777595061063766
credit_g,2,knn+yeojohnson+zscore,0.5247752666473389,0.003691895467684,0.3745230400496014,0.4652583333333333,0.705,0.5985165526861964,0.0711103171110153
credit_g,2,knn+winsor+yeojohnson,0.5295889377593994,0.0110471617694554,0.3988240200815741,0.4656583333333333,0.72,0.6266666666666667,0.0402238059043884
credit_g,2,knn+winsor+yeojohnson+zscore,0.5293360352516174,0.0077291519802928,0.3858557638619493,0.46205,0.725,0.6404171161452714,0.0350184223055839
credit_g,2,knn+quantile,0.525305986404419,0.0042837919165432,0.4522197035017016,0.4484333333333333,0.715,0.6065573770491803,0.0703744029998779
credit_g,2,knn+quantile+zscore,0.5264732241630554,0.0042837918644429,0.4522197002112499,0.4484333333333333,0.72,0.6162280701754386,0.0677468448877334
credit_g,2,knn+winsor+quantile,0.5230417847633362,0.0242575853160518,0.5023131758640822,0.460225,0.725,0.6357495281300706,0.0405324047803878
credit_g,2,knn+winsor+quantile+zscore,0.5215059518814087,0.0242575853160518,0.5023131758640822,0.460225,0.72,0.6215704824976348,0.045179825425148
credit_g,3,mean,0.5200837850570679,0.0049631910033313,0.4119744995139826,0.4614166666666666,0.73,0.5858260469397147,0.0444459897279739
credit_g,3,mean+zscore,0.5205279588699341,0.0049631910715174,0.411974500753244,0.4614166666666666,0.735,0.597126677055224,0.0334434694051742
credit_g,3,mean+winsor,0.5157219171524048,0.0060914435027819,0.3849577413188311,0.4652666666666667,0.73,0.5858260469397147,0.0335074409842491
credit_g,3,mean+winsor+zscore,0.5165632367134094,0.006091443502782,0.3849577413188311,0.4652666666666667,0.725,0.5742869306087697,0.0727511918544769
credit_g,3,mean+yeojohnson,0.5226061940193176,0.0035815662077041,0.3586464889698206,0.4567833333333334,0.73,0.5858260469397147,0.0287899842858314
credit_g,3,mean+yeojohnson+zscore,0.5214206576347351,0.0035815662175572,0.358646488338428,0.4567833333333334,0.735,0.597126677055224,0.039745235145092
credit_g,3,mean+winsor+yeojohnson,0.5194628238677979,0.005472777846437,0.3646145886593944,0.4649416666666666,0.73,0.5858260469397147,0.0290499624609946
credit_g,3,mean+winsor+yeojohnson+zscore,0.5182658433914185,0.0054727773672936,0.3646145887584371,0.4649416666666666,0.725,0.5742869306087697,0.0311681789159774
credit_g,3,mean+quantile,0.515627384185791,0.0041730047495349,0.4315080671054062,0.4678916666666666,0.735,0.597126677055224,0.0320509955286979
credit_g,3,mean+quantile+zscore,0.5165104269981384,0.0041730047068636,0.4315080624563493,0.4678916666666666,0.735,0.597126677055224,0.0502524042129516
credit_g,3,mean+winsor+quantile,0.5173766016960144,0.0062728840901079,0.4465359110557486,0.470825,0.745,0.6123294439588005,0.0326390245556831
credit_g,3,mean+winsor+quantile+zscore,0.5180220603942871,0.0062728840901079,0.4465359110557486,0.470825,0.75,0.6165055990182544,0.0412322121858596
credit_g,3,median,0.5119093060493469,0.0050983109032001,0.4603412152747722,0.461775,0.74,0.6148718708339506,0.054112622141838
credit_g,3,median+zscore,0.5103607177734375,0.0050983107546058,0.4603412141591922,0.461775,0.735,0.604108309990663,0.0586377966403961
credit_g,3,median+winsor,0.5249072313308716,0.0301945548776478,0.5121244277979826,0.4940333333333333,0.74,0.6081977094635322,0.0472237172722816
credit_g,3,median+winsor+zscore,0.5225765109062195,0.0301945548776478,0.5121244277979826,0.4940333333333333,0.74,0.6011658229789845,0.0448618966341018
credit_g,3,median+yeojohnson,0.5144789814949036,0.0046899010030149,0.4293914517202483,0.459425,0.75,0.629684491186491,0.0554158386588096
credit_g,3,median+yeojohnson+zscore,0.514302670955658,0.0046899009591955,0.4293914523607223,0.459425,0.75,0.629684491186491,0.0340727287530899
credit_g,3,median+winsor+yeojohnson,0.5217460989952087,0.0288141374210075,0.4908845442760026,0.4926833333333333,0.735,0.5820024448913601,0.0236733865737914
credit_g,3,median+winsor+yeojohnson+zscore,0.5243747234344482,0.0288141374210075,0.4908845442760026,0.4926833333333333,0.74,0.6011658229789845,0.028470806479454
credit_g,3,median+quantile,0.5118358731269836,0.0058276451654102,0.4937470697496007,0.4743,0.745,0.6314895769355829,0.047807796895504
credit_g,3,median+quantile+zscore,0.5108561515808105,0.0058276452387382,0.4937470711607682,0.4743,0.745,0.6314895769355829,0.0395612594485283
credit_g,3,median+winsor+quantile,0.5213217735290527,0.0333380380928787,0.5485535441984023,0.5001416666666667,0.735,0.597126677055224,0.0325949466228485
credit_g,3,median+winsor+quantile+zscore,0.5233595371246338,0.0333380380928788,0.5485535441984023,0.5001416666666667,0.74,0.6081977094635322,0.0180949613451957
credit_g,3,knn,0.5251162052154541,0.0051545406304122,0.4110439266502568,0.4645916666666667,0.74,0.6148718708339506,0.0508682078123092
credit_g,3,knn+zscore,0.5274198651313782,0.0051545406277427,0.4110439278848116,0.4645916666666667,0.73,0.6000592504814102,0.0737422466278076
credit_g,3,knn+winsor,0.5319300889968872,0.0086436216363272,0.4126792261685795,0.4731583333333333,0.74,0.6272401433691757,0.0519739878177643
credit_g,3,knn+winsor+zscore,0.5306639671325684,0.0086436218470696,0.412679226221036,0.4731583333333333,0.725,0.6088054340481525,0.0491655641794204
credit_g,3,knn+yeojohnson,0.531005322933197,0.0043430449997882,0.3748370700739435,0.4616833333333334,0.73,0.5858260469397147,0.0651847448945045
credit_g,3,knn+yeojohnson+zscore,0.5312789678573608,0.0043430450311175,0.374837068700165,0.4616833333333334,0.72,0.5780590717299579,0.0738893264532089
credit_g,3,knn+winsor+yeojohnson,0.5350229144096375,0.0115465752976778,0.3971719626110563,0.4778166666666667,0.715,0.594580177104449,0.068523006439209
credit_g,3,knn+winsor+yeojohnson+zscore,0.5329126119613647,0.0082287067208581,0.3866351573008811,0.4714416666666666,0.715,0.5881354095162398,0.0681258726119995
credit_g,3,knn+quantile,0.5285332202911377,0.0050662471729238,0.4517196224207309,0.47075,0.72,0.5704862709004449,0.0463009452819824
credit_g,3,knn+quantile+zscore,0.5278393626213074,0.0050662471681403,0.451719624830679,0.47075,0.725,0.5742869306087697,0.052339015007019
credit_g,3,knn+winsor+quantile,0.5314241051673889,0.0177718223161604,0.4845139541905601,0.4756666666666666,0.735,0.604108309990663,0.0306670805811881
credit_g,3,knn+winsor+quantile+zscore,0.5294334888458252,0.0177718223161604,0.4845139541905601,0.4756666666666666,0.74,0.6081977094635322,0.0444276013970375
credit_g,4,mean,0.5152329206466675,0.0043918376865771,0.4121690967462983,0.4555833333333334,0.755,0.6754859432431537,0.0379101893305778
credit_g,4,mean+zscore,0.5142066478729248,0.0043918376171488,0.4121690976370583,0.4555833333333334,0.75,0.6710093433346493,0.0325565883517265
credit_g,4,mean+winsor,0.5237069129943848,0.005475839400609,0.3838019487413793,0.4513416666666667,0.72,0.6361746361746362,0.0322818955779075
credit_g,4,mean+winsor+zscore,0.52541184425354,0.0054758394006091,0.3838019487413793,0.4513416666666667,0.72,0.6361746361746362,0.0427344965934753
credit_g,4,mean+yeojohnson,0.5232470035552979,0.003100922043577,0.3640213698798876,0.4529499999999999,0.74,0.6578497170680353,0.0568320101499557
credit_g,4,mean+yeojohnson+zscore,0.5213148593902588,0.0031009220193757,0.3640213692092665,0.4529499999999999,0.75,0.6710093433346493,0.0752011102437973
credit_g,4,mean+winsor+yeojohnson,0.524721086025238,0.0050584125537602,0.3686428750106271,0.4499666666666666,0.735,0.6577885391444713,0.0612316945195197
credit_g,4,mean+winsor+yeojohnson+zscore,0.5261585116386414,0.0050584125529614,0.3686428750112189,0.4499666666666666,0.735,0.6534928573763525,0.0572251099348068
credit_g,4,mean+quantile,0.5198578238487244,0.0033238028155587,0.4320850979084683,0.4617583333333333,0.75,0.6666666666666667,0.0636023208498954
credit_g,4,mean+quantile+zscore,0.519382894039154,0.0033238027805012,0.4320850996418627,0.4617583333333333,0.75,0.6666666666666667,0.0543638333678245
credit_g,4,mean+winsor+quantile,0.5241259932518005,0.0058000761084086,0.4458894259948097,0.4574749999999999,0.735,0.6489949998344315,0.0487951537966728
credit_g,4,mean+winsor+quantile+zscore,0.5242019295692444,0.0058000761084086,0.4458894259948097,0.4574749999999999,0.73,0.6446900908014213,0.0355552092194557
credit_g,4,median,0.5264602899551392,0.0043977972326019,0.4567158656202535,0.4549750000000001,0.73,0.6446900908014213,0.0210392481088638
credit_g,4,median+zscore,0.5263203382492065,0.0043977972301583,0.456715864651129,0.4549750000000001,0.725,0.6357495281300706,0.0184848201274871
credit_g,4,median+winsor,0.5462647080421448,0.028838743423171,0.508425718896567,0.44785,0.725,0.6357495281300706,0.074372116625309
credit_g,4,median+winsor+zscore,0.544834315776825,0.0288387434231711,0.508425718896567,0.44785,0.715,0.6225040564257095,0.0580591309070587
credit_g,4,median+yeojohnson,0.5284260511398315,0.0037672906032039,0.4301298731514994,0.4511,0.735,0.6534928573763525,0.0315510910749435
credit_g,4,median+yeojohnson+zscore,0.5263738036155701,0.0037672906608784,0.4301298743384742,0.4511,0.725,0.6357495281300706,0.0172049933671951
credit_g,4,median+winsor+yeojohnson,0.5429841876029968,0.0273794707568904,0.4921902676224155,0.44705,0.73,0.6446900908014213,0.0701901084184646
credit_g,4,median+winsor+yeojohnson+zscore,0.5447638034820557,0.0273794707568904,0.4921902676224155,0.44705,0.725,0.6357495281300706,0.085344069302082
credit_g,4,median+quantile,0.5290412306785583,0.0044563615846047,0.4917086732968903,0.4596666666666666,0.73,0.64,0.0217858439683913
credit_g,4,median+quantile+zscore,0.5293632745742798,0.0044563616019008,0.4917086701307183,0.4596666666666666,0.735,0.6534928573763525,0.0424844312667846
credit_g,4,median+winsor+quantile,0.5393856167793274,0.0317402880351244,0.5468550758386173,0.45495,0.73,0.64,0.043668286204338
credit_g,4,median+winsor+quantile+zscore,0.5383903980255127,0.0317402880351244,0.5468550758386173,0.45495,0.73,0.64,0.0461057788133621
credit_g,4,knn,0.5183950662612915,0.0046409239426191,0.4091684890063169,0.4570333333333333,0.74,0.643640350877193,0.0320850819349288
credit_g,4,knn+zscore,0.5188901424407959,0.0046409240756508,0.4091684889164168,0.4570333333333333,0.73,0.6350858224084336,0.0254356169700622
credit_g,4,knn+winsor,0.5217780470848083,0.0081286977836767,0.4111128203901309,0.4543333333333333,0.725,0.625735769453234,0.0433048564195632
credit_g,4,knn+winsor+zscore,0.5218149423599243,0.0081286978166558,0.4111128203923623,0.4543333333333333,0.72,0.6162280701754386,0.0293647623062134
credit_g,4,knn+yeojohnson,0.5235296487808228,0.0039273010532436,0.3803981582710882,0.4571333333333333,0.735,0.6393453778367527,0.040820755958557
credit_g,4,knn+yeojohnson+zscore,0.5222089290618896,0.0039273010991912,0.3803981586864404,0.4571333333333333,0.735,0.6393453778367527,0.0380544218420982
credit_g,4,knn+winsor+yeojohnson,0.524975061416626,0.0108366575073864,0.4028808312276504,0.4507833333333333,0.73,0.6350858224084336,0.0399281153082847
credit_g,4,knn+winsor+yeojohnson+zscore,0.5229769349098206,0.007677179237724,0.3912442469307295,0.4536499999999999,0.725,0.625735769453234,0.0464090180397033
credit_g,4,knn+quantile,0.5213922262191772,0.0041721467326967,0.4555093206162673,0.4678666666666666,0.75,0.662116502230031,0.0564159762859344
credit_g,4,knn+quantile+zscore,0.5195753574371338,0.0041721468515357,0.4555093240172215,0.4678666666666666,0.74,0.6486011623192324,0.02405356913805
credit_g,4,knn+winsor+quantile,0.5264951586723328,0.0169181055588022,0.476702602597832,0.451525,0.74,0.638436935057711,0.0487873530387878
credit_g,4,knn+winsor+quantile+zscore,0.5283316969871521,0.0169181055588022,0.476702602597832,0.451525,0.74,0.638436935057711,0.0552232444286346
credit_g,5,mean,0.537842333316803,0.0036749357026562,0.4095713811974851,0.4632833333333333,0.725,0.5819239101516476,0.0432251846790313
credit_g,5,mean+zscore,0.535865306854248,0.0036749357183292,0.4095713812274556,0.4632833333333333,0.72,0.5704862709004449,0.0524893841147422
credit_g,5,mean+winsor,0.5326793789863586,0.0059373750175716,0.3818852379941634,0.4782666666666667,0.725,0.5960486210568837,0.0637796601653098
credit_g,5,mean+winsor+zscore,0.5323101282119751,0.0059373750175716,0.3818852379941634,0.4782666666666667,0.73,0.6066433566433567,0.033188439309597
credit_g,5,mean+yeojohnson,0.5304964184761047,0.0027630821051664,0.3593124829062298,0.4652166666666666,0.72,0.5704862709004449,0.074117904305458
credit_g,5,mean+yeojohnson+zscore,0.5314979553222656,0.0027630821319329,0.3593124815987863,0.4652166666666666,0.72,0.5704862709004449,0.0656095057725906
credit_g,5,mean+winsor+yeojohnson,0.5319182872772217,0.0055389482085832,0.3641570273065385,0.4771833333333333,0.725,0.5960486210568837,0.0568581369519233
credit_g,5,mean+winsor+yeojohnson+zscore,0.529666006565094,0.0055389482074614,0.3641570273048143,0.4771833333333333,0.725,0.5960486210568837,0.0547302830219268
credit_g,5,mean+quantile,0.5430272817611694,0.0032709788884311,0.4310860701312313,0.45825,0.725,0.5819239101516476,0.0476681071519851
credit_g,5,mean+quantile+zscore,0.5417488813400269,0.0032709789037781,0.43108607112283,0.45825,0.725,0.5819239101516476,0.0357100242376327
credit_g,5,mean+winsor+quantile,0.5408798456192017,0.0066250085152815,0.4446559501377133,0.4756583333333333,0.725,0.5960486210568837,0.0438070318102836
credit_g,5,mean+winsor+quantile+zscore,0.5435463190078735,0.0066250085152814,0.4446559501377134,0.4756583333333333,0.735,0.6170381877958019,0.0388848495483398
credit_g,5,median,0.546017050743103,0.0036946353180009,0.4598423151688324,0.46215,0.725,0.5819239101516476,0.0345691204071045
credit_g,5,median+zscore,0.5428662896156311,0.0036946353703931,0.4598423167563007,0.46215,0.72,0.5780590717299579,0.038817782998085
credit_g,5,median+winsor,0.522777795791626,0.031540071175273,0.5102761976452977,0.4876750000000001,0.715,0.5667211432480712,0.0384070682525634
credit_g,5,median+winsor+zscore,0.5272563695907593,0.0315400711752731,0.5102761976452977,0.4876750000000001,0.72,0.5780590717299579,0.0351834115386009
credit_g,5,median+yeojohnson,0.5453829169273376,0.0032340605148757,0.4311816884365503,0.4618333333333333,0.715,0.5667211432480712,0.0417556095123291
credit_g,5,median+yeojohnson+zscore,0.5437159538269043,0.0032340604734421,0.4311816887484364,0.4618333333333333,0.72,0.5780590717299579,0.0361138302087784
credit_g,5,median+winsor+yeojohnson,0.5224491357803345,0.0298838618397704,0.4920760551421637,0.4857666666666667,0.715,0.5588064553581795,0.0563531708717346
credit_g,5,median+winsor+yeojohnson+zscore,0.5262484550476074,0.0298838618397703,0.4920760551421637,0.4857666666666667,0.72,0.5780590717299579,0.0349035835266113
credit_g,5,median+quantile,0.5530211925506592,0.0040822873046041,0.494206838170327,0.45665,0.72,0.5704862709004449,0.0394253328442573
credit_g,5,median+quantile+zscore,0.553148090839386,0.0040822873787297,0.4942068390167413,0.45665,0.71,0.5551464948611751,0.0497371372580528
credit_g,5,median+winsor+quantile,0.5453815460205078,0.0354300928794418,0.5474597245613799,0.486025,0.725,0.5891690009337068,0.067071826159954
credit_g,5,median+winsor+quantile+zscore,0.5444650053977966,0.0354300928794418,0.5474597245613799,0.486025,0.725,0.5891690009337068,0.0464190182089805
credit_g,5,knn,0.5441283583641052,0.0037816545462807,0.4128517480002616,0.4653583333333333,0.7,0.5629370629370629,0.0605630600452423
credit_g,5,knn+zscore,0.5469847917556763,0.0037816545217802,0.4128517478019627,0.4653583333333333,0.715,0.5813594800044067,0.0527710801362991
credit_g,5,knn+winsor,0.5487877726554871,0.0087886661019801,0.4115269890090579,0.4875416666666667,0.71,0.5775058275058275,0.0489332225918769
credit_g,5,knn+winsor+zscore,0.5499022603034973,0.0087886662362809,0.4115269890389484,0.4875416666666667,0.7,0.5556213894237891,0.0586112365126609
credit_g,5,knn+yeojohnson,0.5432292222976685,0.0031019796153495,0.3790619933241907,0.4648833333333333,0.705,0.5736840203764587,0.071169863641262
credit_g,5,knn+yeojohnson+zscore,0.5414824485778809,0.003101979570574,0.37906199227038,0.4648833333333333,0.71,0.5775058275058275,0.0467236566543579
credit_g,5,knn+winsor+yeojohnson,0.5435962080955505,0.011745910771915,0.4022099487887381,0.4861333333333333,0.715,0.5742296918767507,0.0435971802473068
credit_g,5,knn+winsor+yeojohnson+zscore,0.5498163104057312,0.0083189237796107,0.3890621773874937,0.4819833333333332,0.71,0.5775058275058275,0.0513753286004066
credit_g,5,knn+quantile,0.5523938536643982,0.0037100482178707,0.4519476272857049,0.4522833333333333,0.715,0.5813594800044067,0.045191792845726
credit_g,5,knn+quantile+zscore,0.5528494715690613,0.0037100482905435,0.4519476300438737,0.4522833333333333,0.715,0.5813594800044067,0.0550798830389976
credit_g,5,knn+winsor+quantile,0.5460448265075684,0.0191811578262963,0.4868160149025786,0.4807,0.71,0.5775058275058275,0.0448440492153167
credit_g,5,knn+winsor+quantile+zscore,0.5473412871360779,0.0191811578262963,0.4868160149025786,0.4807,0.695,0.5443510737628385,0.0846613770723342
credit_g,6,mean,0.5352416038513184,0.0038244799316434,0.411865836368657,0.4531500000000001,0.74,0.6329757199322417,0.0461811989545822
credit_g,6,mean+zscore,0.5370346307754517,0.0038244799209403,0.4118658351203846,0.4531500000000001,0.73,0.6188594014680971,0.0464351540803909
credit_g,6,mean+winsor,0.5396161079406738,0.0082825746504341,0.3983423346926747,0.4518083333333333,0.725,0.6203623813632442,0.0256329941749572
credit_g,6,mean+winsor+zscore,0.536844789981842,0.0082825746504342,0.3983423346926747,0.4518083333333333,0.73,0.6245306633291614,0.031490748822689
credit_g,6,mean+yeojohnson,0.5383505821228027,0.003028254972309,0.3626047870375531,0.4601166666666667,0.74,0.643640350877193,0.0607689526677131
credit_g,6,mean+yeojohnson+zscore,0.5402294993400574,0.0030282549765701,0.3626047861848128,0.4601166666666667,0.72,0.6162280701754386,0.0440504044294357
credit_g,6,mean+winsor+yeojohnson,0.540622889995575,0.0078395216196088,0.3834548493711014,0.45485,0.72,0.6106243916006119,0.0228427556157112
credit_g,6,mean+winsor+yeojohnson+zscore,0.5383989214897156,0.0078395216146609,0.3834548493946481,0.45485,0.725,0.6203623813632442,0.0213514730334281
credit_g,6,mean+quantile,0.5368809700012207,0.0035444598191812,0.4327871044215333,0.4609583333333333,0.75,0.6470920383963862,0.0752932220697402
credit_g,6,mean+quantile+zscore,0.5364298224449158,0.0035444598127294,0.4327871027024711,0.4609583333333333,0.745,0.6427445623620889,0.0655040588974952
credit_g,6,mean+winsor+quantile,0.5386756658554077,0.0089366563152399,0.4570309905518701,0.4603,0.73,0.6188594014680971,0.0610000523924827
credit_g,6,mean+winsor+quantile+zscore,0.5387952327728271,0.00893665631524,0.4570309905518701,0.4603,0.735,0.6287345451998179,0.0612391817569732
credit_g,6,median,0.5496358275413513,0.0038389250533649,0.4576743736737416,0.4514500000000001,0.715,0.6121261610697153,0.0207078784704208
credit_g,6,median+zscore,0.5496198534965515,0.0038389250121745,0.4576743725818289,0.4514500000000001,0.715,0.6121261610697153,0.0245935297012329
credit_g,6,median+winsor,0.5563670992851257,0.0314604783490715,0.5089253147007226,0.4631,0.71,0.590626764539808,0.0297983562946319
credit_g,6,median+winsor+zscore,0.5556435585021973,0.0314604783490715,0.5089253147007227,0.4631,0.72,0.6047430830039526,0.0499872532486915
credit_g,6,median+yeojohnson,0.5515068173408508,0.0035944083139182,0.4302509529323702,0.4549583333333333,0.7,0.5888157894736843,0.0406557831168174
credit_g,6,median+yeojohnson+zscore,0.5527857542037964,0.0035944083220936,0.4302509529914647,0.4549583333333333,0.705,0.5803549201607454,0.0319394007325172
credit_g,6,median+winsor+yeojohnson,0.5582062602043152,0.0301171739340517,0.4924847108333475,0.4658833333333333,0.705,0.5803549201607454,0.0269877156615257
credit_g,6,median+winsor+yeojohnson+zscore,0.5582296252250671,0.0301171739340515,0.4924847108333474,0.4658833333333333,0.705,0.5803549201607454,0.0355393156409263
credit_g,6,median+quantile,0.5518255233764648,0.0044991873978831,0.4934160449751631,0.456525,0.705,0.5867044937130048,0.0626534032821655
credit_g,6,median+quantile+zscore,0.5518115758895874,0.0044991873594468,0.4934160443357034,0.456525,0.71,0.590626764539808,0.0281037977337837
credit_g,6,median+winsor+quantile,0.556963324546814,0.0349299696317501,0.5462082125872018,0.4703583333333334,0.715,0.5881354095162398,0.0289739578962325
credit_g,6,median+winsor+quantile+zscore,0.5563892722129822,0.0349299696317501,0.5462082125872018,0.4703583333333334,0.715,0.5813594800044067,0.0330625969171524
credit_g,6,knn,0.5348533391952515,0.0040016424967874,0.4044147448966358,0.456575,0.715,0.6174368267391523,0.0410590532422065
credit_g,6,knn+zscore,0.5351613163948059,0.0040016424733796,0.404414744494378,0.456575,0.72,0.6266666666666667,0.037679054737091
credit_g,6,knn+winsor,0.5346532464027405,0.0086201204484474,0.4071085509885007,0.4642,0.725,0.6357495281300706,0.0219044721126556
credit_g,6,knn+winsor+zscore,0.5340932607650757,0.0086201205266992,0.4071085509972533,0.4642,0.72,0.6266666666666667,0.0175664550065994
credit_g,6,knn+yeojohnson,0.5358717441558838,0.0035883340272921,0.3705543424351813,0.46385,0.715,0.6174368267391523,0.0231419253349304
credit_g,6,knn+yeojohnson+zscore,0.5377037525177002,0.0035883339933378,0.3705543414611182,0.46385,0.715,0.6174368267391523,0.0460440880060196
credit_g,6,knn+winsor+yeojohnson,0.5368339419364929,0.011714610453772,0.3986149307041115,0.4683083333333333,0.72,0.6266666666666667,0.0403218787908553
credit_g,6,knn+winsor+yeojohnson+zscore,0.5354930758476257,0.0083153524993836,0.3871610280190283,0.4674166666666666,0.715,0.6225040564257095,0.0252032861113548
credit_g,6,knn+quantile,0.537992537021637,0.0041506777148987,0.4477823303645927,0.461625,0.715,0.6225040564257095,0.035099649131298
credit_g,6,knn+quantile+zscore,0.5395206809043884,0.0041506777325637,0.4477823306956546,0.461625,0.715,0.6174368267391523,0.0515230917930602
credit_g,6,knn+winsor+quantile,0.5431901812553406,0.018556936945264,0.485444972667943,0.47265,0.735,0.6393453778367527,0.034904903769493
credit_g,6,knn+winsor+quantile+zscore,0.5444616675376892,0.0185569369452641,0.485444972667943,0.47265,0.74,0.6486011623192324,0.0537284567952155
credit_g,7,mean,0.5679196715354919,0.0048163762475091,0.4097654163204345,0.4644916666666667,0.705,0.5927523727351165,0.0413487321138381
credit_g,7,mean+zscore,0.5675640106201172,0.004816376221333,0.4097654177180508,0.4644916666666667,0.715,0.6007145108752758,0.038148945569992
credit_g,7,mean+winsor,0.5691224336624146,0.0056783387401981,0.3843776309496881,0.4618583333333333,0.705,0.5867044937130048,0.0408035632967948
credit_g,7,mean+winsor+zscore,0.5716784000396729,0.0056783387401981,0.3843776309496881,0.4618583333333333,0.71,0.590626764539808,0.0629576969146728
credit_g,7,mean+yeojohnson,0.5672816634178162,0.0037007455419458,0.3601072061445222,0.4568916666666667,0.705,0.5927523727351165,0.0515684762597084
credit_g,7,mean+yeojohnson+zscore,0.569838285446167,0.0037007455927065,0.3601072063943094,0.4568916666666667,0.705,0.5867044937130048,0.0378207620978355
credit_g,7,mean+winsor+yeojohnson,0.5734699368476868,0.0052110123275835,0.3671442185240464,0.4568666666666667,0.71,0.5967181198720624,0.0447289812564849
credit_g,7,mean+winsor+yeojohnson+zscore,0.5721895694732666,0.0052110123748428,0.3671442185077163,0.4568666666666667,0.705,0.5803549201607454,0.0512225398421287
credit_g,7,mean+quantile,0.5699043869972229,0.0040611344819622,0.4330231604056543,0.4528833333333333,0.72,0.6106243916006119,0.050740643441677
credit_g,7,mean+quantile+zscore,0.5699312090873718,0.0040611344546703,0.4330231600353052,0.4528833333333333,0.71,0.590626764539808,0.0343259492516517
credit_g,7,mean+winsor+quantile,0.5736859440803528,0.005767764248695,0.4458765228854989,0.4565166666666667,0.715,0.594580177104449,0.038073199391365
credit_g,7,mean+winsor+quantile+zscore,0.5735892653465271,0.005767764248695,0.4458765228854989,0.4565166666666667,0.71,0.590626764539808,0.034732819199562
credit_g,7,median,0.5913875699043274,0.0048668725088076,0.4560424462996602,0.4689833333333333,0.695,0.5849069443026778,0.0432066836953163
credit_g,7,median+zscore,0.5879069566726685,0.0048668724809397,0.4560424460631206,0.4689833333333333,0.695,0.5849069443026778,0.0460060569643974
credit_g,7,median+winsor,0.5762539505958557,0.0292242338707653,0.509124963905064,0.4786749999999999,0.73,0.6129032258064516,0.0663423135876655
credit_g,7,median+winsor+zscore,0.5768550634384155,0.0292242338707653,0.5091249639050639,0.4786749999999999,0.725,0.6025867986560208,0.0626764798164367
credit_g,7,median+yeojohnson,0.5891644358634949,0.0045631268331095,0.4284143937993644,0.4650416666666667,0.685,0.5651423641069888,0.06204499065876
credit_g,7,median+yeojohnson+zscore,0.5949029326438904,0.0045631268539473,0.4284143941209288,0.4650416666666667,0.7,0.5888157894736843,0.046517267525196
credit_g,7,median+winsor+yeojohnson,0.5739405155181885,0.0281040978893796,0.4919295357377187,0.4767416666666667,0.715,0.5813594800044067,0.042076953947544
credit_g,7,median+winsor+yeojohnson+zscore,0.5759693384170532,0.0281040978893793,0.4919295357377187,0.4767416666666667,0.715,0.5813594800044067,0.0485254970192909
credit_g,7,median+quantile,0.5912466645240784,0.0052391049277829,0.4925733590193354,0.4639999999999999,0.67,0.5476973684210527,0.0674942064285278
credit_g,7,median+quantile+zscore,0.5912771224975586,0.0052391048429391,0.4925733611517843,0.4639999999999999,0.68,0.5614035087719298,0.0679161727428436
credit_g,7,median+winsor+quantile,0.5706173777580261,0.0322632441099722,0.5479734623087115,0.4768999999999999,0.725,0.5891690009337068,0.0707393604516983
credit_g,7,median+winsor+quantile+zscore,0.5720012784004211,0.0322632441099725,0.5479734623087115,0.4768999999999999,0.725,0.5891690009337068,0.0691791287064552
credit_g,7,knn,0.5882865786552429,0.0050879659739178,0.4086216166767041,0.469025,0.705,0.5927523727351165,0.0637165659666061
credit_g,7,knn+zscore,0.5855079889297485,0.0050879659929251,0.4086216165256415,0.469025,0.695,0.5726944765507338,0.0428468307852745
credit_g,7,knn+winsor,0.5888120532035828,0.0081124243443637,0.4103697394922888,0.471475,0.68,0.5412186379928315,0.0600316077470779
credit_g,7,knn+winsor+zscore,0.5885797739028931,0.0081124242987274,0.4103697394980899,0.471475,0.68,0.5412186379928315,0.0608776327967643
credit_g,7,knn+yeojohnson,0.5858237147331238,0.004654258440505,0.3742957361324248,0.461825,0.7,0.5828118481435127,0.0635023745894432
credit_g,7,knn+yeojohnson+zscore,0.5885990858078003,0.0046542584787737,0.3742957365818896,0.461825,0.7,0.5698924731182795,0.0582211118936538
credit_g,7,knn+winsor+yeojohnson,0.5911305546760559,0.0078421477399714,0.3875022573970159,0.467525,0.675,0.5376791493296347,0.0673664659261703
credit_g,7,knn+winsor+yeojohnson+zscore,0.5881468653678894,0.0078421475075765,0.3875022574436516,0.467525,0.67,0.5341614906832298,0.0708003208041191
credit_g,7,knn+quantile,0.5946348309516907,0.0050438048248495,0.4518233295072772,0.4592833333333333,0.69,0.575109649122807,0.0724266403913498
credit_g,7,knn+quantile+zscore,0.5958214998245239,0.0050438048268957,0.4518233274057527,0.4592833333333333,0.69,0.562394127611519,0.0660233449935913
credit_g,7,knn+winsor+quantile,0.586645781993866,0.0169189664291805,0.4847110617576715,0.4675833333333333,0.705,0.5736840203764587,0.0420964440703392
credit_g,7,knn+winsor+quantile+zscore,0.5856137275695801,0.0169189664291806,0.4847110617576715,0.4675833333333333,0.705,0.5736840203764587,0.0528257045149803
kr_vs_kp,42,mean,0.2015695124864578,0.0088213520684113,0.649226229741125,0.4699831750020204,0.9076682316118936,0.907537799359894,0.0185380986598736
kr_vs_kp,42,mean+zscore,0.2024983316659927,0.0088213520522477,0.6492262295509642,0.4699831750020204,0.9061032863849764,0.9059353471118176,0.0135173136266371
kr_vs_kp,42,mean+winsor,0.2367076575756073,0.0495583546453589,0.6332587732323178,0.4864783671017001,0.8935837245696401,0.8934205878890153,0.0110706137566125
kr_vs_kp,42,mean+winsor+zscore,0.2319623231887817,0.0495583546453589,0.6332587732323178,0.4864783671017001,0.8935837245696401,0.8934205878890153,0.0193155399510558
kr_vs_kp,42,mean+yeojohnson,0.204512134194374,0.0022205246044991,0.5510729706988324,0.4707978934873951,0.9076682316118936,0.907537799359894,0.0212915074284274
kr_vs_kp,42,mean+yeojohnson+zscore,0.2031816393136978,0.0022205245579627,0.551072971060385,0.4707978934873951,0.9061032863849764,0.905909492490429,0.0200193979557318
kr_vs_kp,42,mean+winsor+yeojohnson,0.2339121699333191,0.0470078342026788,0.6228153970920024,0.485505276485902,0.8951486697965572,0.8949747942449926,0.0173221100850471
kr_vs_kp,42,mean+winsor+yeojohnson+zscore,0.2310957163572311,0.0470078342026788,0.6228153970920024,0.485505276485902,0.892018779342723,0.8918397134761864,0.0177887971039295
kr_vs_kp,42,mean+quantile,0.2046333700418472,0.0021875346728426,0.5477309363039935,0.4706354396010328,0.9139280125195618,0.913762431386598,0.0260288569848861
kr_vs_kp,42,mean+quantile+zscore,0.2040052860975265,0.0021875346625311,0.5477309365990644,0.4706354396010328,0.9139280125195618,0.9137116158478948,0.027950816870855
kr_vs_kp,42,mean+winsor+quantile,0.230765089392662,0.0482787201028672,0.6175291775577149,0.485691404556709,0.892018779342723,0.8918397134761864,0.0144818415850727
kr_vs_kp,42,mean+winsor+quantile+zscore,0.2318823933601379,0.0482787201028671,0.6175291775577149,0.485691404556709,0.8904538341158059,0.8902579049637873,0.0210655949112021
kr_vs_kp,42,median,0.2399420440196991,0.0086969269898048,0.707475674997927,0.4687774242977134,0.917057902973396,0.9168224184298748,0.0213939268637524
kr_vs_kp,42,median+zscore,0.2399420440196991,0.0086969269909846,0.7074756750227812,0.4687774242977134,0.917057902973396,0.9168224184298748,0.0213939268637524
kr_vs_kp,42,median+winsor,0.5085234045982361,0.1569536842381541,0.7253664800062369,0.4799679663793927,0.729264475743349,0.7283036396748894,0.0529147857604825
kr_vs_kp,42,median+winsor+zscore,0.5085234045982361,0.1569536842381541,0.7253664800062369,0.4799679663793927,0.729264475743349,0.7283036396748894,0.0529147857604825
kr_vs_kp,42,median+yeojohnson,0.2399420440196991,0.0086988623010518,0.7074580013607552,0.468841099690358,0.917057902973396,0.9168224184298748,0.0213939268637524
kr_vs_kp,42,median+yeojohnson+zscore,0.2399420440196991,0.0086988623010767,0.7074580013621703,0.468841099690358,0.917057902973396,0.9168224184298748,0.0213939268637524
kr_vs_kp,42,median+winsor+yeojohnson,0.5085234045982361,0.1569536842381541,0.7253664800062369,0.4799679663793927,0.729264475743349,0.7283036396748894,0.0529147857604825
kr_vs_kp,42,median+winsor+yeojohnson+zscore,0.5085234045982361,0.156953684238154,0.7253664800062369,0.4799679663793927,0.729264475743349,0.7283036396748894,0.0529147857604825
kr_vs_kp,42,median+quantile,0.2399420440196991,0.0088108899706237,0.7087402975799383,0.4696264295329737,0.917057902973396,0.9168224184298748,0.0213939268637524
kr_vs_kp,42,median+quantile+zscore,0.2399420440196991,0.0088108899678397,0.7087402974903734,0.4696264295329737,0.917057902973396,0.9168224184298748,0.0213939268637524
kr_vs_kp,42,median+winsor+quantile,0.5085234045982361,0.1569536842381542,0.7253664800062369,0.4799679663793927,0.729264475743349,0.7283036396748894,0.0529147857604825
kr_vs_kp,42,median+winsor+quantile+zscore,0.5085234045982361,0.1569536842381541,0.7253664800062369,0.4799679663793927,0.729264475743349,0.7283036396748894,0.0529147857604825
kr_vs_kp,42,knn,0.1750468909740448,0.0098030465171878,0.6601192060133996,0.4745171894987849,0.9295774647887324,0.9295215405995632,0.0197510303279416
kr_vs_kp,42,knn+zscore,0.1774885207414627,0.0098030465828347,0.6601192060581069,0.4745171894987849,0.9280125195618152,0.9279615324288292,0.0165553400773957
kr_vs_kp,42,knn+winsor,0.3974303305149078,0.1033155953833853,0.681843639346203,0.4844978991202183,0.809076682316119,0.808997628334542,0.0166793054258319
kr_vs_kp,42,knn+winsor+zscore,0.3936429023742676,0.1033155952329072,0.6818436393344584,0.4844978991202183,0.8043818466353677,0.8043511807513404,0.0271961527624413
kr_vs_kp,42,knn+yeojohnson,0.1868986934423446,0.0082582243365655,0.6563503908130471,0.4738118620725687,0.9264475743348984,0.9263891646262103,0.0217160740182246
kr_vs_kp,42,knn+yeojohnson+zscore,0.1859734058380127,0.0082582242001759,0.6563503908473709,0.4738118620725687,0.9327073552425664,0.9326274957887588,0.0289509080012265
kr_vs_kp,42,knn+winsor+yeojohnson,0.4046453237533569,0.1030242262040104,0.6794917341141816,0.4847550497443596,0.7981220657276995,0.7980726126289437,0.0330503706081372
kr_vs_kp,42,knn+winsor+yeojohnson+zscore,0.3999424278736114,0.1030242262451672,0.6794917341174166,0.4847550497443596,0.8043818466353677,0.8042879019908117,0.0229685592912545
kr_vs_kp,42,knn+quantile,0.1887961328029632,0.0086420898378625,0.643892275105282,0.4737873715369362,0.9076682316118936,0.907537799359894,0.0336746176083882
kr_vs_kp,42,knn+quantile+zscore,0.1915077567100525,0.008642089763893,0.643892274937934,0.4737873715369362,0.9123630672926448,0.91220632397103,0.0217188628439985
kr_vs_kp,42,knn+winsor+quantile,0.4297938048839569,0.1192773259959384,0.67827056170278,0.4833811306953761,0.7746478873239436,0.7745810877021069,0.0272977635707467
kr_vs_kp,42,knn+winsor+quantile+zscore,0.4317300319671631,0.1192773259959385,0.6782705617027801,0.4833811306953761,0.7715179968701096,0.7714502694757472,0.0320736666986826
kr_vs_kp,1,mean,0.21346415579319,0.0077646863966933,0.6473766234073471,0.4850807738682719,0.9014084507042254,0.901244955782605,0.0217725347278636
kr_vs_kp,1,mean+zscore,0.2138977795839309,0.0077646863963393,0.6473766227723399,0.4850807738682719,0.9045383411580594,0.9043800365514112,0.0231148071692023
kr_vs_kp,1,mean+winsor,0.2479677647352218,0.0473647101391379,0.6320341590357117,0.4946696349195852,0.8888888888888888,0.8887570279302761,0.0223594262193253
kr_vs_kp,1,mean+winsor+zscore,0.2463464140892028,0.047364710139138,0.6320341590357117,0.4946696349195852,0.8857589984350548,0.8856469757624639,0.0249574821506494
kr_vs_kp,1,mean+yeojohnson,0.2137080878019333,0.0024596244237303,0.553828155021544,0.4848538282380774,0.9014084507042254,0.901244955782605,0.0289364677266522
kr_vs_kp,1,mean+yeojohnson+zscore,0.2128416001796722,0.0024596244358717,0.553828155084972,0.4848538282380774,0.9029733959311425,0.9027998586822116,0.0209581179424817
kr_vs_kp,1,mean+winsor+yeojohnson,0.2455537021160125,0.0450100151510713,0.6215734971494765,0.494405953485942,0.8873239436619719,0.8872021182700794,0.0221019017864281
kr_vs_kp,1,mean+winsor+yeojohnson+zscore,0.2465127408504486,0.0450100151510713,0.6215734971494761,0.494405953485942,0.8873239436619719,0.8872021182700794,0.0168767441792853
kr_vs_kp,1,mean+quantile,0.2112150192260742,0.0023941696851174,0.5495879635466329,0.4851607762846714,0.9045383411580594,0.9043546966287724,0.0171890500379093
kr_vs_kp,1,mean+quantile+zscore,0.212005615234375,0.0023941696734161,0.5495879631414436,0.4851607762846714,0.9045383411580594,0.9043546966287724,0.0153872626301641
kr_vs_kp,1,mean+winsor+quantile,0.2468002438545227,0.0461721373433293,0.6165804537441012,0.4947112688301606,0.8857589984350548,0.8856469757624639,0.0179007063635824
kr_vs_kp,1,mean+winsor+quantile+zscore,0.2472127825021743,0.0461721373433292,0.6165804537441012,0.4947112688301606,0.8857589984350548,0.8856469757624639,0.0181389927677518
kr_vs_kp,1,median,0.261705994606018,0.0076636170517552,0.7063521949335594,0.4858865124905813,0.9045383411580594,0.90432746471095,0.0139117596294957
kr_vs_kp,1,median+zscore,0.261705994606018,0.0076636170580731,0.7063521949626296,0.4858865124905813,0.9045383411580594,0.90432746471095,0.0139117596294957
kr_vs_kp,1,median+winsor,0.4917557537555694,0.1535006300428732,0.7251724368436935,0.4982893360860695,0.7636932707355243,0.7614474988689097,0.0429712075955804
kr_vs_kp,1,median+winsor+zscore,0.4917557537555694,0.1535006300428731,0.7251724368436935,0.4982893360860695,0.7636932707355243,0.7614474988689097,0.0429712075955804
kr_vs_kp,1,median+yeojohnson,0.261705994606018,0.0076628966304465,0.7063287848624805,0.4858473276335693,0.9045383411580594,0.90432746471095,0.0139117596294957
kr_vs_kp,1,median+yeojohnson+zscore,0.261705994606018,0.0076628966281773,0.7063287848641506,0.4858473276335693,0.9045383411580594,0.90432746471095,0.0139117596294957
kr_vs_kp,1,median+winsor+yeojohnson,0.4917557537555694,0.1535006300428731,0.7251724368436935,0.4982893360860695,0.7636932707355243,0.7614474988689097,0.0429712075955804
kr_vs_kp,1,median+winsor+yeojohnson+zscore,0.4917557537555694,0.1535006300428731,0.7251724368436935,0.4982893360860695,0.7636932707355243,0.7614474988689097,0.0429712075955804
kr_vs_kp,1,median+quantile,0.261705994606018,0.0077412150627512,0.7072536474576929,0.4854832350038327,0.9045383411580594,0.90432746471095,0.0139117596294957
kr_vs_kp,1,median+quantile+zscore,0.261705994606018,0.0077412150696174,0.7072536475214579,0.4854832350038327,0.9045383411580594,0.90432746471095,0.0139117596294957
kr_vs_kp,1,median+winsor+quantile,0.4917557537555694,0.1535006300428731,0.7251724368436935,0.4982893360860695,0.7636932707355243,0.7614474988689097,0.0429712075955804
kr_vs_kp,1,median+winsor+quantile+zscore,0.4917557537555694,0.1535006300428731,0.7251724368436935,0.4982893360860695,0.7636932707355243,0.7614474988689097,0.0429712075955804
kr_vs_kp,1,knn,0.2126891762018203,0.0086685539958832,0.6595739380008726,0.4814431129756572,0.9139280125195618,0.9138064231321046,0.018112581380656
kr_vs_kp,1,knn+zscore,0.2124590575695037,0.0086685539814296,0.6595739379746456,0.4814431129756572,0.9139280125195618,0.9138064231321046,0.0209405938038057
kr_vs_kp,1,knn+winsor,0.3610773980617523,0.1006711401925296,0.6815446281866093,0.4950557690313911,0.8435054773082942,0.8435020278610474,0.0180671740212537
kr_vs_kp,1,knn+winsor+zscore,0.3628115952014923,0.1006711402008108,0.6815446281863254,0.4950557690313911,0.838810641627543,0.8388090625665843,0.0236667390906941
kr_vs_kp,1,knn+yeojohnson,0.2194557189941406,0.0075999770841083,0.6565137086483417,0.4802463421344154,0.9123630672926448,0.91220632397103,0.0105947627334714
kr_vs_kp,1,knn+yeojohnson+zscore,0.221327319741249,0.0075999771716445,0.6565137087397263,0.4802463421344154,0.9123630672926448,0.91220632397103,0.0111637469934932
kr_vs_kp,1,knn+winsor+yeojohnson,0.3598233461380005,0.1005165643183805,0.6794798343740982,0.4935373558221758,0.8403755868544601,0.8403720684182684,0.0293151802486843
kr_vs_kp,1,knn+winsor+yeojohnson+zscore,0.3610843420028686,0.1005165642911539,0.6794798343750066,0.4935373558221758,0.8356807511737089,0.8356743120951249,0.0170407274705889
kr_vs_kp,1,knn+quantile,0.2188160568475723,0.0077597934513908,0.6439786637036179,0.4813867847437024,0.9076682316118936,0.907537799359894,0.0163215138542819
kr_vs_kp,1,knn+quantile+zscore,0.2179839611053466,0.0077597934313794,0.6439786639431333,0.4813867847437024,0.9061032863849764,0.9059814807548948,0.0132077066737908
kr_vs_kp,1,knn+winsor+quantile,0.3951324820518493,0.1164141530732864,0.6777302070575502,0.4941528846177395,0.8075117370892019,0.8074438295151368,0.0383759605492784
kr_vs_kp,1,knn+winsor+quantile+zscore,0.3930797278881073,0.1164141530732864,0.6777302070575502,0.4941528846177395,0.8200312989045383,0.8199448698315467,0.0235807274428891
kr_vs_kp,2,mean,0.2318475097417831,0.0083327247270589,0.6461342331198551,0.4792618226019887,0.9045383411580594,0.9041628044777624,0.0185976945365165
kr_vs_kp,2,mean+zscore,0.2275699079036712,0.0083327247351003,0.6461342324029741,0.4792618226019887,0.8998435054773083,0.8994294707849695,0.009053735665872
kr_vs_kp,2,mean+winsor,0.2486512064933776,0.0405012660608931,0.6250124409103139,0.4922662970228488,0.8873239436619719,0.8870913909885147,0.0173974064221031
kr_vs_kp,2,mean+winsor+zscore,0.2499362379312515,0.0405012660608931,0.6250124409103139,0.4922662970228488,0.892018779342723,0.8918110502850047,0.0248562519166017
kr_vs_kp,2,mean+yeojohnson,0.2308321893215179,0.0024331853024173,0.5507092188661956,0.4817876131768878,0.9029733959311425,0.9026106194690264,0.0119514174304657
kr_vs_kp,2,mean+yeojohnson+zscore,0.2278923243284225,0.002433185307095,0.5507092191774567,0.4817876131768878,0.9029733959311425,0.9025722998229392,0.0136199384601276
kr_vs_kp,2,mean+winsor+yeojohnson,0.2514359951019287,0.0381595039608484,0.6156558767298435,0.4952851637151489,0.8904538341158059,0.8901954045561665,0.0193518153005548
kr_vs_kp,2,mean+winsor+yeojohnson+zscore,0.2520973980426788,0.0381595039608484,0.6156558767298439,0.4952851637151489,0.8857589984350548,0.885539227113121,0.0231079645746377
kr_vs_kp,2,mean+quantile,0.230592206120491,0.0023870145201833,0.5469295952122689,0.4806063530082133,0.9045383411580594,0.9041995492495276,0.0215745516972549
kr_vs_kp,2,mean+quantile+zscore,0.2325282841920852,0.0023870145184144,0.5469295954970623,0.4806063530082133,0.9061032863849764,0.9057874147319586,0.0247630542246202
kr_vs_kp,2,mean+winsor+quantile,0.2518537938594818,0.0393523722828177,0.6093439690189509,0.4950876067277134,0.8904538341158059,0.8902579049637873,0.0194961070454736
kr_vs_kp,2,mean+winsor+quantile+zscore,0.250162810087204,0.0393523722828177,0.6093439690189509,0.4950876067277134,0.8904538341158059,0.8902579049637873,0.0171553371284676
kr_vs_kp,2,median,0.2827022969722748,0.0082335336544306,0.7055664727524948,0.4739824794708084,0.8967136150234741,0.8958851759687166,0.016861079910738
kr_vs_kp,2,median+zscore,0.2827022969722748,0.0082335336152995,0.7055664727675001,0.4739824794708084,0.8967136150234741,0.8958851759687166,0.016861079910738
kr_vs_kp,2,median+winsor,0.4837237596511841,0.153241877757961,0.7249192834326796,0.4967186764008382,0.7824726134585289,0.7814363226989185,0.0189096336260274
kr_vs_kp,2,median+winsor+zscore,0.4837237596511841,0.153241877757961,0.7249192834326796,0.4967186764008382,0.7824726134585289,0.7814363226989185,0.0189096336260274
kr_vs_kp,2,median+yeojohnson,0.2827022969722748,0.008228734627779,0.7055505084292825,0.474000439196939,0.8967136150234741,0.8958851759687166,0.016861079910738
kr_vs_kp,2,median+yeojohnson+zscore,0.2827022969722748,0.0082287346287597,0.7055505084352635,0.474000439196939,0.8967136150234741,0.8958851759687166,0.016861079910738
kr_vs_kp,2,median+winsor+yeojohnson,0.4837237596511841,0.153241877757961,0.7249192834326796,0.4967186764008382,0.7824726134585289,0.7814363226989185,0.0189096336260274
kr_vs_kp,2,median+winsor+yeojohnson+zscore,0.4837237596511841,0.153241877757961,0.7249192834326796,0.4967186764008382,0.7824726134585289,0.7814363226989185,0.0189096336260274
kr_vs_kp,2,median+quantile,0.2827022969722748,0.0082415933281317,0.706787350788344,0.4737285942514182,0.8967136150234741,0.8958851759687166,0.016861079910738
kr_vs_kp,2,median+quantile+zscore,0.2827022969722748,0.0082415933284027,0.7067873507992951,0.4737285942514182,0.8967136150234741,0.8958851759687166,0.016861079910738
kr_vs_kp,2,median+winsor+quantile,0.4837237596511841,0.153241877757961,0.7249192834326795,0.4967186764008382,0.7824726134585289,0.7814363226989185,0.0189096336260274
kr_vs_kp,2,median+winsor+quantile+zscore,0.4837237596511841,0.153241877757961,0.7249192834326795,0.4967186764008382,0.7824726134585289,0.7814363226989185,0.0189096336260274
kr_vs_kp,2,knn,0.2068237662315368,0.0091907031931428,0.658113749979455,0.4770029788654841,0.9248826291079812,0.9247054202670856,0.0263126911318544
kr_vs_kp,2,knn+zscore,0.2064922899007797,0.009190703230592,0.658113749694588,0.4770029788654841,0.92018779342723,0.9200114868894828,0.0122085224854554
kr_vs_kp,2,knn+winsor,0.3495460450649261,0.1006559121570194,0.680998667893749,0.4965456099490352,0.837245696400626,0.8370345666418174,0.0232632337414975
kr_vs_kp,2,knn+winsor+zscore,0.3484385907649994,0.1006559121561533,0.6809986679029667,0.4965456099490352,0.8419405320813772,0.8418150133456863,0.0206563346822496
kr_vs_kp,2,knn+yeojohnson,0.2167045176029205,0.0078988363003954,0.6546111477684176,0.4806928862341149,0.9076682316118936,0.9073742399115534,0.0135051216318014
kr_vs_kp,2,knn+yeojohnson+zscore,0.2157963663339615,0.0078988363441441,0.6546111477638978,0.4806937025853026,0.9123630672926448,0.9120353982300884,0.0222415993097989
kr_vs_kp,2,knn+winsor+yeojohnson,0.3511772751808166,0.1004414000506896,0.6788178790627817,0.4966982676211444,0.837245696400626,0.8371304211434397,0.0288378586045266
kr_vs_kp,2,knn+winsor+yeojohnson+zscore,0.3495336174964905,0.1004414000576781,0.6788178790518342,0.4966990839723322,0.8450704225352113,0.8449960183767229,0.0273338594533654
kr_vs_kp,2,knn+quantile,0.2115819454193115,0.008123785996882,0.6423220835547143,0.4783042426587578,0.9107981220657276,0.910573856424182,0.0176064357138202
kr_vs_kp,2,knn+quantile+zscore,0.2118827849626541,0.0081237859336128,0.6423220836014728,0.4783042426587578,0.9092331768388108,0.909019049489395,0.0109279823601712
kr_vs_kp,2,knn+winsor+quantile,0.3808399438858032,0.116070187738312,0.6775124596517839,0.4968370473230619,0.8153364632237872,0.8152346506704304,0.0345423306471118
kr_vs_kp,2,knn+winsor+quantile+zscore,0.381429374217987,0.1160701877383119,0.6775124596517839,0.4968370473230619,0.8169014084507042,0.8168368134412277,0.0284409760869165
kr_vs_kp,3,mean,0.1876180619001388,0.008711359018006,0.643816922106776,0.477425032429551,0.9076682316118936,0.9072676156110951,0.0203602640468376
kr_vs_kp,3,mean+zscore,0.1899288147687912,0.0087113590793339,0.6438169221655359,0.477425032429551,0.9029733959311425,0.9025722998229392,0.0249305744312925
kr_vs_kp,3,mean+winsor,0.2047167867422104,0.0406226446002534,0.623870493258248,0.4902441951307917,0.8998435054773083,0.8995756718528995,0.0228786126175583
kr_vs_kp,3,mean+winsor+zscore,0.2051925063133239,0.0406226446002535,0.6238704932582481,0.4902441951307917,0.8935837245696401,0.8932991513437059,0.0249081661630311
kr_vs_kp,3,mean+yeojohnson,0.188268557190895,0.0024972300606164,0.5481106452449505,0.472735911207114,0.9061032863849764,0.90567615973548,0.0251500366812394
kr_vs_kp,3,mean+yeojohnson+zscore,0.1891122311353683,0.0024972300728756,0.5481106452788684,0.472735911207114,0.9061032863849764,0.90567615973548,0.022961139399121
kr_vs_kp,3,mean+winsor+yeojohnson,0.2029132395982742,0.0383435329412741,0.6145720547349366,0.492014044505834,0.9014084507042254,0.901094527363184,0.0219181010234337
kr_vs_kp,3,mean+winsor+yeojohnson+zscore,0.2044146209955215,0.0383435329412742,0.6145720547349368,0.492014044505834,0.8998435054773083,0.899636791989791,0.0217459800657532
kr_vs_kp,3,mean+quantile,0.1931978613138198,0.002413555781051,0.5439661239320398,0.4726199893384534,0.9014084507042254,0.9009806742965932,0.0305761335787825
kr_vs_kp,3,mean+quantile+zscore,0.1926835626363754,0.00241355575992,0.5439661244708751,0.4726199893384534,0.8998435054773083,0.8993879037178453,0.0316116538405978
kr_vs_kp,3,mean+winsor+quantile,0.2048020362854004,0.0394930128296325,0.6084134767980326,0.4912662668178549,0.8935837245696401,0.8933640914891529,0.0267317175678617
kr_vs_kp,3,mean+winsor+quantile+zscore,0.2048262506723404,0.0394930128296324,0.6084134767980326,0.4912662668178549,0.9014084507042254,0.9011605781530432,0.0342008117965316
kr_vs_kp,3,median,0.2280389070510864,0.0086280881614592,0.7045842270768039,0.4767899112054812,0.9123630672926448,0.9118863761720905,0.0059914354800431
kr_vs_kp,3,median+zscore,0.2280389070510864,0.0086280881716507,0.7045842271056557,0.4767899112054812,0.9123630672926448,0.9118863761720905,0.0059914354800431
kr_vs_kp,3,median+winsor,0.4545622766017914,0.1539894952483755,0.7244595967478733,0.4847550497443595,0.784037558685446,0.7825415770680029,0.0150064088182643
kr_vs_kp,3,median+winsor+zscore,0.4545622766017914,0.1539894952483754,0.7244595967478733,0.4847550497443595,0.784037558685446,0.7825415770680029,0.0150064088182643
kr_vs_kp,3,median+yeojohnson,0.2280389070510864,0.0086186347957605,0.7045485873128666,0.4767825640447916,0.9123630672926448,0.9118863761720905,0.0059914354800431
kr_vs_kp,3,median+yeojohnson+zscore,0.2280389070510864,0.0086186347916692,0.7045485873028989,0.4767825640447916,0.9123630672926448,0.9118863761720905,0.0059914354800431
kr_vs_kp,3,median+winsor+yeojohnson,0.4545622766017914,0.1539894952483754,0.7244595967478734,0.4847550497443595,0.784037558685446,0.7825415770680029,0.0150064088182643
kr_vs_kp,3,median+winsor+yeojohnson+zscore,0.4545622766017914,0.1539894952483754,0.7244595967478734,0.4847550497443595,0.784037558685446,0.7825415770680029,0.0150064088182643
kr_vs_kp,3,median+quantile,0.2280389070510864,0.0086053086107669,0.7053625549947756,0.4767817476936037,0.9123630672926448,0.9118863761720905,0.0059914354800431
kr_vs_kp,3,median+quantile+zscore,0.2280389070510864,0.0086053086064281,0.7053625547733563,0.4767817476936037,0.9123630672926448,0.9118863761720905,0.0059914354800431
kr_vs_kp,3,median+winsor+quantile,0.4545622766017914,0.1539894952483755,0.7244595967478734,0.4847550497443595,0.784037558685446,0.7825415770680029,0.0150064088182643
kr_vs_kp,3,median+winsor+quantile+zscore,0.4545622766017914,0.1539894952483754,0.7244595967478734,0.4847550497443595,0.784037558685446,0.7825415770680029,0.0150064088182643
kr_vs_kp,3,knn,0.1851009577512741,0.0098267599147203,0.6578348173800228,0.4771531874840302,0.8998435054773083,0.8996899650720145,0.0277602058807635
kr_vs_kp,3,knn+zscore,0.1862533092498779,0.0098267599478645,0.6578348175299987,0.4771531874840302,0.8998435054773083,0.8996643702526055,0.0252627521426838
kr_vs_kp,3,knn+winsor,0.3417968153953552,0.1012508136690807,0.6815429286256101,0.4929610118836242,0.8184663536776213,0.8184125428711416,0.0296597994735729
kr_vs_kp,3,knn+winsor+zscore,0.3405118286609649,0.1012508135945249,0.6815429286360315,0.4929610118836242,0.8200312989045383,0.8199872128087482,0.0327777972616873
kr_vs_kp,3,knn+yeojohnson,0.1964142620563507,0.0082328130437626,0.6542751101401044,0.4754486462040078,0.9045383411580594,0.904298337576756,0.0200759745166521
kr_vs_kp,3,knn+yeojohnson+zscore,0.1981525272130966,0.0082328131331077,0.6542751102506816,0.4754486462040078,0.9029733959311425,0.9027139321074964,0.0228704491131742
kr_vs_kp,3,knn+winsor+yeojohnson,0.3451716601848602,0.1011241162493736,0.6794604925076037,0.4932206115613288,0.8169014084507042,0.8168727051832547,0.0352518988513796
kr_vs_kp,3,knn+winsor+yeojohnson+zscore,0.3438156545162201,0.1011241162906192,0.6794604925018214,0.4932206115613288,0.8153364632237872,0.815281724644782,0.026482579107389
kr_vs_kp,3,knn+quantile,0.1787099689245224,0.0085624453753102,0.6409923869316979,0.4764266349269324,0.9154929577464788,0.915318543241386,0.0162860686790215
kr_vs_kp,3,knn+quantile+zscore,0.1794894784688949,0.0085624453913261,0.6409923869810399,0.4764266349269324,0.9154929577464788,0.915341812400636,0.0129631122512996
kr_vs_kp,3,knn+winsor+quantile,0.3774197697639465,0.1165909248394167,0.6774068755903395,0.4912327964191571,0.8059467918622848,0.8057369814651368,0.0215374499979153
kr_vs_kp,3,knn+winsor+quantile+zscore,0.3771931529045105,0.1165909248394167,0.6774068755903395,0.4912327964191571,0.7996870109546166,0.7996040690723064,0.0308946767510009
kr_vs_kp,4,mean,0.2250310033559799,0.0080755427593522,0.6467763653209698,0.480486349383614,0.8951486697965572,0.8947361950821324,0.011723925996461
kr_vs_kp,4,mean+zscore,0.2247894704341888,0.0080755427550071,0.6467763655479527,0.480486349383614,0.8967136150234741,0.8962866417469998,0.018960931864516
kr_vs_kp,4,mean+winsor,0.2642112076282501,0.048237970982037,0.6321864109604688,0.4806251290855316,0.8732394366197183,0.8730292288633492,0.0272782330221973
kr_vs_kp,4,mean+winsor+zscore,0.2679272294044494,0.0482379709820369,0.6321864109604688,0.4806251290855316,0.8716744913928013,0.8715357458075905,0.031187613152189
kr_vs_kp,4,mean+yeojohnson,0.2232505083084106,0.002377174231569,0.5487572905638987,0.4736885930432185,0.8982785602503912,0.8979175524790046,0.0181602051187196
kr_vs_kp,4,mean+yeojohnson+zscore,0.2227606773376464,0.002377174269872,0.5487572902964533,0.4736885930432185,0.8935837245696401,0.8930996477002107,0.0163505187430105
kr_vs_kp,4,mean+winsor+yeojohnson,0.2659292817115783,0.0458223687458091,0.6217106055940934,0.4802749144259868,0.8732394366197183,0.8730292288633492,0.0207197074785665
kr_vs_kp,4,mean+winsor+yeojohnson+zscore,0.2647563517093658,0.0458223687458091,0.6217106055940934,0.4802749144259868,0.8794992175273866,0.8792993904009616,0.0274126088488642
kr_vs_kp,4,mean+quantile,0.2239955812692642,0.002312984183328,0.5449638436342008,0.4730183687180755,0.8967136150234741,0.8961988304093567,0.0272003213564554
kr_vs_kp,4,mean+quantile+zscore,0.2216834127902984,0.0023129841801279,0.5449638434434871,0.4730183687180755,0.8951486697965572,0.8946937329820911,0.0241856707466973
kr_vs_kp,4,mean+winsor+quantile,0.2644652724266052,0.0470817222877144,0.6165244099134505,0.4804471645266019,0.8779342723004695,0.8778262574762231,0.0260928484009278
kr_vs_kp,4,mean+winsor+quantile+zscore,0.2636664509773254,0.0470817222877143,0.6165244099134505,0.4804471645266019,0.8748043818466353,0.8746935974115109,0.0259060397021274
kr_vs_kp,4,median,0.2766849100589752,0.0079803918030177,0.7060963162329222,0.4813410690771885,0.8779342723004695,0.8772122585731179,0.0264938651862465
kr_vs_kp,4,median+zscore,0.2766849100589752,0.0079803918064993,0.7060963162587437,0.4813410690771885,0.8779342723004695,0.8772122585731179,0.0264938651862465
kr_vs_kp,4,median+winsor,0.5108065605163574,0.1549623048125211,0.7252809389264143,0.4845460638402956,0.7464788732394366,0.7452153110047848,0.037504108578946
kr_vs_kp,4,median+winsor+zscore,0.5108065605163574,0.1549623048125211,0.7252809389264143,0.4845460638402956,0.7464788732394366,0.7452153110047848,0.037504108578946
kr_vs_kp,4,median+yeojohnson,0.2766849100589752,0.0079761894989761,0.7060680447535602,0.4812308616668422,0.8779342723004695,0.8772122585731179,0.0264938651862465
kr_vs_kp,4,median+yeojohnson+zscore,0.2766849100589752,0.0079761894984718,0.7060680447539212,0.4812308616668422,0.8779342723004695,0.8772122585731179,0.0264938651862465
kr_vs_kp,4,median+winsor+yeojohnson,0.5108065605163574,0.1549623048125212,0.7252809389264143,0.4845460638402956,0.7464788732394366,0.7452153110047848,0.037504108578946
kr_vs_kp,4,median+winsor+yeojohnson+zscore,0.5108065605163574,0.1549623048125212,0.7252809389264143,0.4845460638402956,0.7464788732394366,0.7452153110047848,0.037504108578946
kr_vs_kp,4,median+quantile,0.2766849100589752,0.0080229659495811,0.707084812081023,0.4799957223197761,0.8779342723004695,0.8772122585731179,0.0264938651862465
kr_vs_kp,4,median+quantile+zscore,0.2766849100589752,0.0080229659548369,0.7070848122786717,0.4799957223197761,0.8779342723004695,0.8772122585731179,0.0264938651862465
kr_vs_kp,4,median+winsor+quantile,0.5108065605163574,0.1549623048125212,0.7252809389264143,0.4845460638402956,0.7464788732394366,0.7452153110047848,0.037504108578946
kr_vs_kp,4,median+winsor+quantile+zscore,0.5108065605163574,0.1549623048125211,0.7252809389264143,0.4845460638402956,0.7464788732394366,0.7452153110047848,0.037504108578946
kr_vs_kp,4,knn,0.1902676820755005,0.0091047991090025,0.6598834252472522,0.4796520384697333,0.918622848200313,0.9183779747283196,0.0105577127101462
kr_vs_kp,4,knn+zscore,0.1877656877040863,0.0091047991118796,0.6598834251073825,0.4796520384697333,0.918622848200313,0.9184308719560096,0.0147403373218291
kr_vs_kp,4,knn+winsor,0.3820570707321167,0.0891334584693682,0.6772288024108093,0.4800177638018454,0.8012519561815337,0.8012519561815337,0.0347659395707418
kr_vs_kp,4,knn+winsor+zscore,0.3795005679130554,0.0891334584747058,0.6772288024089339,0.4800177638018454,0.8075117370892019,0.807504194168575,0.0222059617020154
kr_vs_kp,4,knn+yeojohnson,0.2001091986894607,0.0081048147523982,0.656163045259029,0.4775752410480969,0.918622848200313,0.918477300830242,0.0236423026787842
kr_vs_kp,4,knn+yeojohnson+zscore,0.202377513051033,0.0081048146855946,0.6561630452579631,0.4775752410480969,0.917057902973396,0.91689834297254,0.0124508627516936
kr_vs_kp,4,knn+winsor+yeojohnson,0.3776567578315735,0.0883940925249171,0.6746882781025261,0.4806341089485968,0.812206572769953,0.8121840341732962,0.0182003198841554
kr_vs_kp,4,knn+winsor+yeojohnson+zscore,0.3736737072467804,0.0883940925268095,0.6746882781018712,0.4806341089485968,0.810641627543036,0.8105748241571671,0.0275909533149946
kr_vs_kp,4,knn+quantile,0.2021729797124862,0.0081750396403615,0.643699139149765,0.4780911749987551,0.9123630672926448,0.91220632397103,0.0119056418095022
kr_vs_kp,4,knn+quantile+zscore,0.1991734057664871,0.0081750398120485,0.6436991395885794,0.4780911749987551,0.9154929577464788,0.9152935978004711,0.0145749564461865
kr_vs_kp,4,knn+winsor+quantile,0.414474755525589,0.102779001237986,0.6731845299632657,0.4834848072962204,0.7902973395931142,0.7901488118578935,0.0235044023427232
kr_vs_kp,4,knn+winsor+quantile+zscore,0.4120199680328369,0.1027790012379859,0.6731845299632658,0.4834848072962204,0.7996870109546166,0.7995097558584174,0.0249876642077927
kr_vs_kp,5,mean,0.229905679821968,0.0085494004187173,0.6466521631401441,0.4782021987602891,0.9076682316118936,0.9075151173202174,0.0243655230517678
kr_vs_kp,5,mean+zscore,0.2288392335176468,0.0085494003986487,0.6466521627730114,0.4782021987602891,0.9045383411580594,0.9044034874737888,0.0219806721885812
kr_vs_kp,5,mean+winsor,0.2423546314239502,0.0407084080577793,0.6253673944868009,0.485586911604677,0.8873239436619719,0.8871224165341812,0.0239393020832855
kr_vs_kp,5,mean+winsor+zscore,0.2431925982236862,0.0407084080577793,0.6253673944868009,0.485586911604677,0.8873239436619719,0.8871512107060162,0.0286457112324256
kr_vs_kp,5,mean+yeojohnson,0.2272579073905944,0.0022331291454741,0.5499394205069108,0.4696558181757326,0.9076682316118936,0.9075151173202174,0.0157956559333443
kr_vs_kp,5,mean+yeojohnson+zscore,0.2285806685686111,0.0022331291628575,0.5499394206166799,0.4696558181757326,0.9061032863849764,0.9059593422550136,0.0210588445685838
kr_vs_kp,5,mean+winsor+yeojohnson,0.2438031584024429,0.0383890664064603,0.6154802322559507,0.4826227404419562,0.8904538341158059,0.8902579049637873,0.0239710728513989
kr_vs_kp,5,mean+winsor+yeojohnson+zscore,0.2448912411928177,0.0383890664064603,0.6154802322559509,0.4826227404419562,0.8841940532081377,0.8839869281045751,0.0222673752871291
kr_vs_kp,5,mean+quantile,0.2223684638738632,0.0021752091776452,0.5465569688344519,0.4688117110475989,0.9045383411580594,0.9044034874737888,0.0244113697505705
kr_vs_kp,5,mean+quantile+zscore,0.2229935675859451,0.0021752091481511,0.5465569690944609,0.4688117110475989,0.9029733959311425,0.9028475301133913,0.0144056864374306
kr_vs_kp,5,mean+winsor+quantile,0.2446940690279007,0.0396352767956182,0.6091453088139458,0.4832627597731522,0.8873239436619719,0.8871224165341812,0.0214969703289264
kr_vs_kp,5,mean+winsor+quantile+zscore,0.2431673109531402,0.0396352767956181,0.6091453088139457,0.4832627597731522,0.8873239436619719,0.8871224165341812,0.0216707870807259
kr_vs_kp,5,median,0.2632589340209961,0.0084163309822605,0.7065840723016416,0.483999108544503,0.8982785602503912,0.8979175524790046,0.0256733008207103
kr_vs_kp,5,median+zscore,0.2632589340209961,0.0084163309749929,0.7065840722666353,0.483999108544503,0.8982785602503912,0.8979175524790046,0.0256733008207103
kr_vs_kp,5,median+winsor,0.5215842723846436,0.1537191610755914,0.7253540782249386,0.4981464746282133,0.7386541471048513,0.7361704126563439,0.0491017010849966
kr_vs_kp,5,median+winsor+zscore,0.5215842723846436,0.1537191610755914,0.7253540782249386,0.4981464746282133,0.7386541471048513,0.7361704126563439,0.0491017010849966
kr_vs_kp,5,median+yeojohnson,0.2632589340209961,0.0084161981577949,0.706563623156601,0.4839868632766866,0.8982785602503912,0.8979175524790046,0.0256733008207103
kr_vs_kp,5,median+yeojohnson+zscore,0.2632589340209961,0.0084161981935039,0.7065636231769594,0.4839868632766866,0.8982785602503912,0.8979175524790046,0.0256733008207103
kr_vs_kp,5,median+winsor+yeojohnson,0.5215842723846436,0.1537191610755914,0.7253540782249386,0.4981464746282133,0.7386541471048513,0.7361704126563439,0.0491017010849966
kr_vs_kp,5,median+winsor+yeojohnson+zscore,0.5215842723846436,0.1537191610755914,0.7253540782249386,0.4981464746282133,0.7386541471048513,0.7361704126563439,0.0491017010849966
kr_vs_kp,5,median+quantile,0.2632589340209961,0.0085269277960701,0.7076798170400282,0.4841574806749265,0.8982785602503912,0.8979175524790046,0.0256733008207103
kr_vs_kp,5,median+quantile+zscore,0.2632589340209961,0.0085269277929763,0.7076798169052447,0.4841574806749265,0.8982785602503912,0.8979175524790046,0.0256733008207103
kr_vs_kp,5,median+winsor+quantile,0.5215842723846436,0.1537191610755915,0.7253540782249386,0.4981464746282133,0.7386541471048513,0.7361704126563439,0.0491017010849966
kr_vs_kp,5,median+winsor+quantile+zscore,0.5215842723846436,0.1537191610755914,0.7253540782249386,0.4981464746282133,0.7386541471048513,0.7361704126563439,0.0491017010849966
kr_vs_kp,5,knn,0.2129252552986145,0.0094268523156552,0.6591577940041164,0.4798651061297361,0.918622848200313,0.9184548934917052,0.0217991833209244
kr_vs_kp,5,knn+zscore,0.2151180803775787,0.009426852270563,0.6591577941223746,0.4798651061297361,0.92018779342723,0.920034254558482,0.0282779253891003
kr_vs_kp,5,knn+winsor,0.3862304091453552,0.1007039384917135,0.6813229945057364,0.4947798423299316,0.8075117370892019,0.8075098514144647,0.0415507081155672
kr_vs_kp,5,knn+winsor+zscore,0.381736159324646,0.1007039384648781,0.6813229945102327,0.4947798423299316,0.812206572769953,0.8122061128526645,0.0384412760465917
kr_vs_kp,5,knn+yeojohnson,0.2236707806587219,0.0080516328836427,0.6554016174323851,0.4777923904640385,0.9123630672926448,0.9121287128712872,0.0213422085944102
kr_vs_kp,5,knn+yeojohnson+zscore,0.2251122295856475,0.0080516328714963,0.655401617419745,0.4777923904640385,0.9139280125195618,0.9136836417668512,0.0244651749287039
kr_vs_kp,5,knn+winsor+yeojohnson,0.3852197229862213,0.1005634220974479,0.6792161898517425,0.4934230666558908,0.8153364632237872,0.815332392876036,0.0432796155529588
kr_vs_kp,5,knn+winsor+yeojohnson+zscore,0.3905427455902099,0.100563422085415,0.6792161898537551,0.4934230666558908,0.8059467918622848,0.8059463166144201,0.0430785777609859
kr_vs_kp,5,knn+quantile,0.2247462570667266,0.0084039686098612,0.6428475804751752,0.478084644189253,0.9107981220657276,0.9106501980890236,0.0148134705419644
kr_vs_kp,5,knn+quantile+zscore,0.2197824120521545,0.0084039685544553,0.6428475801507836,0.478084644189253,0.9107981220657276,0.9106501980890236,0.0155883423972391
kr_vs_kp,5,knn+winsor+quantile,0.4276926815509796,0.1162055032816854,0.6775455358147688,0.4944696288785865,0.7856025039123631,0.7855941024479249,0.0340173896489568
kr_vs_kp,5,knn+winsor+quantile+zscore,0.4294809103012085,0.1162055032816853,0.6775455358147688,0.4944696288785865,0.7887323943661971,0.7886806411233132,0.0348949348422843
kr_vs_kp,6,mean,0.227998599410057,0.0088281901485136,0.6468169566433744,0.4974468616603114,0.9029733959311425,0.902744501178319,0.0189320135377755
kr_vs_kp,6,mean+zscore,0.2271512597799301,0.0088281901209038,0.6468169563609337,0.4974468616603114,0.9045383411580594,0.90432746471095,0.0165090105716424
kr_vs_kp,6,mean+winsor,0.2503074407577514,0.0411278434120266,0.6244904800592304,0.5028323304458991,0.892018779342723,0.891780246968124,0.032201414097083
kr_vs_kp,6,mean+winsor+zscore,0.2605234086513519,0.0411278434120266,0.6244904800592305,0.5028323304458991,0.8951486697965572,0.8949469618709467,0.0276647492753508
kr_vs_kp,6,mean+yeojohnson,0.2307914048433303,0.0022896850541911,0.5489110953443392,0.4844056514360026,0.9029733959311425,0.902744501178319,0.0202590426742004
kr_vs_kp,6,mean+yeojohnson+zscore,0.228606030344963,0.0022896850500974,0.5489110954976565,0.4844056514360026,0.9014084507042254,0.9011605781530432,0.0164087008982197
kr_vs_kp,6,mean+winsor+yeojohnson,0.2562014162540436,0.0387027830043914,0.6167059331824474,0.5011441161896318,0.892018779342723,0.891780246968124,0.0436554092196791
kr_vs_kp,6,mean+winsor+yeojohnson+zscore,0.2604864537715912,0.0387027830043914,0.6167059331824474,0.5011441161896318,0.8935837245696401,0.8933640914891529,0.0237395858540781
kr_vs_kp,6,mean+quantile,0.2350904941558838,0.0022674777600072,0.5452855438020635,0.4840774782585269,0.9014084507042254,0.9011285351147568,0.0239458946927985
kr_vs_kp,6,mean+quantile+zscore,0.2358862608671188,0.0022674777874235,0.5452855440703464,0.4840774782585269,0.8982785602503912,0.8980228187293302,0.0258195830249637
kr_vs_kp,6,mean+winsor+quantile,0.2587190866470337,0.0398903212534631,0.6101269042337413,0.5022257815134008,0.8904538341158059,0.8902858992975158,0.024877453540599
kr_vs_kp,6,mean+winsor+quantile+zscore,0.2580315172672272,0.0398903212534631,0.6101269042337414,0.5022257815134008,0.892018779342723,0.8918397134761864,0.0240331531876875
kr_vs_kp,6,median,0.2497891634702682,0.0087118559754026,0.7066066420190956,0.4980730030213157,0.9061032863849764,0.9059353471118176,0.0100723219589448
kr_vs_kp,6,median+zscore,0.2497891634702682,0.0087118560542613,0.7066066420553595,0.4980730030213157,0.9061032863849764,0.9059353471118176,0.0100723219589448
kr_vs_kp,6,median+winsor,0.551559567451477,0.2051010717874715,0.7359099032123225,0.5115558592381975,0.704225352112676,0.6971009513012989,0.0331758360534393
kr_vs_kp,6,median+winsor+zscore,0.551559567451477,0.2051010717874716,0.7359099032123225,0.5115558592381975,0.704225352112676,0.6971009513012989,0.0331758360534393
kr_vs_kp,6,median+yeojohnson,0.2497891634702682,0.0087170051851317,0.7065755599106869,0.4980305527595527,0.9061032863849764,0.9059353471118176,0.0100723219589448
kr_vs_kp,6,median+yeojohnson+zscore,0.2497891634702682,0.0087170052150354,0.7065755599282522,0.4980305527595527,0.9061032863849764,0.9059353471118176,0.0100723219589448
kr_vs_kp,6,median+winsor+yeojohnson,0.551559567451477,0.2051010717874716,0.7359099032123225,0.5115558592381975,0.704225352112676,0.6971009513012989,0.0331758360534393
kr_vs_kp,6,median+winsor+yeojohnson+zscore,0.551559567451477,0.2051010717874716,0.7359099032123225,0.5115558592381975,0.704225352112676,0.6971009513012989,0.0331758360534393
kr_vs_kp,6,median+quantile,0.2497891634702682,0.0088587819446229,0.7076072599092511,0.4974942100292009,0.9061032863849764,0.9059353471118176,0.0100723219589448
kr_vs_kp,6,median+quantile+zscore,0.2497891634702682,0.008858781952458,0.7076072600990033,0.4974942100292009,0.9061032863849764,0.9059353471118176,0.0100723219589448
kr_vs_kp,6,median+winsor+quantile,0.551559567451477,0.2051010717874716,0.7359099032123225,0.5115558592381975,0.704225352112676,0.6971009513012989,0.0331758360534393
kr_vs_kp,6,median+winsor+quantile+zscore,0.551559567451477,0.2051010717874716,0.7359099032123225,0.5115558592381975,0.704225352112676,0.6971009513012989,0.0331758360534393
kr_vs_kp,6,knn,0.2100109457969665,0.0097454137521582,0.6576369806940425,0.495435372333695,0.9295774647887324,0.9294938909417244,0.032519712694374
kr_vs_kp,6,knn+zscore,0.2097343653440475,0.00974541373915,0.6576369806969095,0.495435372333695,0.9280125195618152,0.9279346866725507,0.0303272806422811
kr_vs_kp,6,knn+winsor,0.3865393102169037,0.1017419159538924,0.6814656525352425,0.5061646759942954,0.8200312989045383,0.8199448698315467,0.019698356985113
kr_vs_kp,6,knn+winsor+zscore,0.3898181319236755,0.1017419159801458,0.6814656525399491,0.5061646759942954,0.8200312989045383,0.8199183953536815,0.0205242476179752
kr_vs_kp,6,knn+yeojohnson,0.2156275361776352,0.0081409598005433,0.6536665553476865,0.4897805076561496,0.9264475743348984,0.9263436706765258,0.0292540884726857
kr_vs_kp,6,knn+yeojohnson+zscore,0.2156217098236084,0.0081409597898488,0.6536665554127349,0.4897805076561496,0.9280125195618152,0.9279021623955104,0.0302134359573161
kr_vs_kp,6,knn+winsor+yeojohnson,0.3891615569591522,0.1012962533089524,0.6786824522276887,0.5052299538843213,0.8200312989045383,0.819967808083258,0.014503132662676
kr_vs_kp,6,knn+winsor+yeojohnson+zscore,0.3896283805370331,0.1012962532580317,0.6786824522185989,0.5052307702355091,0.8184663536776213,0.8184303350970017,0.0157821678406382
kr_vs_kp,6,knn+quantile,0.2224338352680206,0.0086228279682035,0.6408388554987179,0.4926736562655362,0.9154929577464788,0.91541817825277,0.0236018204912893
kr_vs_kp,6,knn+quantile+zscore,0.2205662429332733,0.0086228278529613,0.6408388560902121,0.4926736562655362,0.918622848200313,0.9185172833209088,0.0284561889832008
kr_vs_kp,6,knn+winsor+quantile,0.4023532569408417,0.1179158453526925,0.6774590464566242,0.5068920449025808,0.812206572769953,0.8119629615097893,0.0260458921602634
kr_vs_kp,6,knn+winsor+quantile+zscore,0.4023732542991638,0.1179158453526925,0.6774590464566242,0.5068920449025808,0.8169014084507042,0.816684116448483,0.0394577364406675
kr_vs_kp,7,mean,0.1955592483282089,0.0082789491716035,0.644163930696422,0.4749572027889822,0.9154929577464788,0.9152086732587628,0.0242676999833848
kr_vs_kp,7,mean+zscore,0.1966811865568161,0.0082789491427296,0.6441639303924999,0.4749580191401699,0.9092331768388108,0.9088938053097344,0.0262432750401922
kr_vs_kp,7,mean+winsor,0.2408505976200103,0.0481492630534738,0.6308952640108949,0.4821337460804939,0.8873239436619719,0.8869448976783503,0.0445956784608031
kr_vs_kp,7,mean+winsor+zscore,0.2461154758930206,0.0481492630534738,0.6308952640108949,0.4821337460804939,0.8732394366197183,0.8729955807693535,0.0297500505133973
kr_vs_kp,7,mean+yeojohnson,0.1960284262895584,0.0025731736817807,0.5510158373538325,0.4710125938497734,0.917057902973396,0.9167938087341072,0.0258595594591191
kr_vs_kp,7,mean+yeojohnson+zscore,0.1983506232500076,0.0025731736461942,0.5510158375640095,0.4710125938497734,0.9107981220657276,0.9104815460200504,0.0241713432452302
kr_vs_kp,7,mean+winsor+yeojohnson,0.2434289306402206,0.0456527107048922,0.6211415180935653,0.4809524859118193,0.8826291079812206,0.8822125605526978,0.0221541897045427
kr_vs_kp,7,mean+winsor+yeojohnson+zscore,0.2448036521673202,0.0456527107048926,0.6211415180935654,0.4809524859118193,0.8748043818466353,0.8745459899872386,0.0292432580568793
kr_vs_kp,7,mean+quantile,0.198983758687973,0.0024954257170771,0.54739918232584,0.470598703797584,0.9139280125195618,0.9136225444053117,0.022923470009847
kr_vs_kp,7,mean+quantile+zscore,0.1973026394844055,0.0024954256831519,0.5473991825480913,0.470598703797584,0.92018779342723,0.9199045411758344,0.0219171270145123
kr_vs_kp,7,mean+winsor+quantile,0.2444249093532562,0.0469258901559652,0.6159717957697667,0.4815867907847013,0.8748043818466353,0.8745459899872386,0.029552334817549
kr_vs_kp,7,mean+winsor+quantile+zscore,0.2435861676931381,0.0469258901559652,0.6159717957697667,0.4815867907847013,0.8779342723004695,0.8776823402375578,0.0288014666575221
kr_vs_kp,7,median,0.2554658949375152,0.0081463548722628,0.703566178160141,0.4746518874447636,0.9014084507042254,0.9009806742965932,0.0166006563041878
kr_vs_kp,7,median+zscore,0.2554658949375152,0.0081463548460304,0.7035661781902942,0.4746518874447636,0.9014084507042254,0.9009806742965932,0.0166006563041878
kr_vs_kp,7,median+winsor,0.5013791918754578,0.1545298500616858,0.724237930440418,0.4851052644039044,0.7605633802816901,0.7598009950248756,0.0374932712605674
kr_vs_kp,7,median+winsor+zscore,0.5013791918754578,0.1545298500616858,0.724237930440418,0.4851052644039044,0.7605633802816901,0.7598009950248756,0.0374932712605674
kr_vs_kp,7,median+yeojohnson,0.2554658949375152,0.0081430479155242,0.703544011824534,0.4746216824508169,0.9014084507042254,0.9009806742965932,0.0166006563041878
kr_vs_kp,7,median+yeojohnson+zscore,0.2554658949375152,0.0081430479220988,0.7035440118444147,0.4746216824508169,0.9014084507042254,0.9009806742965932,0.0166006563041878
kr_vs_kp,7,median+winsor+yeojohnson,0.5013791918754578,0.1545298500616859,0.724237930440418,0.4851052644039044,0.7605633802816901,0.7598009950248756,0.0374932712605674
kr_vs_kp,7,median+winsor+yeojohnson+zscore,0.5013791918754578,0.1545298500616858,0.724237930440418,0.4851052644039044,0.7605633802816901,0.7598009950248756,0.0374932712605674
kr_vs_kp,7,median+quantile,0.2554658949375152,0.0081657951072916,0.7047611473879939,0.4739530908280495,0.9014084507042254,0.9009806742965932,0.0166006563041878
kr_vs_kp,7,median+quantile+zscore,0.2554658949375152,0.0081657951107423,0.7047611475778223,0.4739530908280495,0.9014084507042254,0.9009806742965932,0.0166006563041878
kr_vs_kp,7,median+winsor+quantile,0.5013791918754578,0.1545298500616858,0.724237930440418,0.4851052644039044,0.7605633802816901,0.7598009950248756,0.0374932712605674
kr_vs_kp,7,median+winsor+quantile+zscore,0.5013791918754578,0.1545298500616859,0.724237930440418,0.4851052644039044,0.7605633802816901,0.7598009950248756,0.0374932712605674
kr_vs_kp,7,knn,0.2050227224826812,0.0092597580414234,0.6572537004663394,0.4745784158378661,0.918622848200313,0.9184308719560096,0.0109412113265812
kr_vs_kp,7,knn+zscore,0.2057626396417617,0.0092597580738255,0.6572537001630329,0.4745784158378661,0.9233176838810642,0.9231248941190336,0.0125580757436617
kr_vs_kp,7,knn+winsor,0.3761980533599853,0.0884032119544628,0.6752813608072836,0.4848864822855874,0.8278560250391236,0.8277340992863305,0.0174822609562642
kr_vs_kp,7,knn+winsor+zscore,0.3725238144397735,0.088403211779529,0.6752813608205014,0.4848872986367752,0.8262910798122066,0.8260849309895866,0.0210933713286135
kr_vs_kp,7,knn+yeojohnson,0.2137107104063034,0.0080008472045606,0.6535939125404717,0.4759670292082291,0.9123630672926448,0.9120993573997288,0.010721915484594
kr_vs_kp,7,knn+yeojohnson+zscore,0.2150058448314666,0.0080008472064833,0.6535939124574769,0.4759662128570414,0.9139280125195618,0.9136836417668512,0.0174369242083112
kr_vs_kp,7,knn+winsor+yeojohnson,0.3793204128742218,0.0875481070937926,0.6732257393361628,0.484312587400599,0.8309859154929577,0.8308927311220888,0.0250174222231284
kr_vs_kp,7,knn+winsor+yeojohnson+zscore,0.3781660795211792,0.0875481071422715,0.6732257393325086,0.4843134037517867,0.8356807511737089,0.8355502613989809,0.0355067013388321
kr_vs_kp,7,knn+quantile,0.2102111726999282,0.0082670236337624,0.6413586039702208,0.4753931343232407,0.9107981220657276,0.910514096185738,0.0137814653684648
kr_vs_kp,7,knn+quantile+zscore,0.2123773843050003,0.008267023560851,0.6413586042345372,0.4753931343232407,0.9139280125195618,0.9136836417668512,0.0121585927285685
kr_vs_kp,7,knn+winsor+quantile,0.3986536562442779,0.1027140624719305,0.6714339395770682,0.4842717698412115,0.7981220657276995,0.7979954173967383,0.0181841856810221
kr_vs_kp,7,knn+winsor+quantile+zscore,0.3993240892887115,0.1027140624719304,0.6714339395770682,0.4842717698412115,0.7981220657276995,0.7980508455890459,0.0263896688049388
phoneme,42,mean,0.3797556459903717,0.0072791448531934,0.2129865780820043,0.4988453413361838,0.8241758241758241,0.7857080559351106,0.0351519901964981
phoneme,42,mean+zscore,0.3811593949794769,0.0072791450183778,0.2129865784148606,0.4988453413361838,0.818070818070818,0.7785462167336605,0.0192013087435664
phoneme,42,mean+winsor,0.3833636045455932,0.0055861762129704,0.1758298660078905,0.4974668076011177,0.8229548229548229,0.7844912847408106,0.0354896935933384
phoneme,42,mean+winsor+zscore,0.3842023015022278,0.0055861762129704,0.1758298660078906,0.4974668076011177,0.8205128205128205,0.7804093305925462,0.0235920461833986
phoneme,42,mean+yeojohnson,0.3812066614627838,0.0062660750308221,0.1344918108293328,0.5000414951574903,0.8168498168498168,0.7767792249324068,0.0311851631008516
phoneme,42,mean+yeojohnson+zscore,0.3813170194625854,0.0062660747915441,0.1344918106463445,0.5000409982094963,0.8229548229548229,0.7844912847408106,0.0313241892972999
phoneme,42,mean+winsor+yeojohnson,0.3854331374168396,0.0055876424425326,0.1364832702021364,0.4994103712052429,0.8156288156288156,0.7738549565974286,0.0222883936249729
phoneme,42,mean+winsor+yeojohnson+zscore,0.3855461478233337,0.0055876424425326,0.1364832702021364,0.4994103712052429,0.8217338217338217,0.7821808510638297,0.0328383753587911
phoneme,42,mean+quantile,0.3821010589599609,0.0055768025113265,0.0268313110897442,0.4987474425813864,0.8168498168498168,0.7750626199299828,0.0325392323099213
phoneme,42,mean+quantile+zscore,0.3804465532302856,0.0055768026998576,0.0268313119705975,0.4987474425813864,0.8156288156288156,0.7750069588852684,0.0317767804650014
phoneme,42,mean+winsor+quantile,0.3839166462421417,0.0072793756007957,0.2047025821304577,0.4985700321475657,0.8156288156288156,0.7750069588852684,0.0216131570575001
phoneme,42,mean+winsor+quantile+zscore,0.3853208720684051,0.0072793756007957,0.2047025821304577,0.4985700321475657,0.8168498168498168,0.7756410256410257,0.0326974963239406
phoneme,42,median,0.3840885460376739,0.0075679406940383,0.2383862111973802,0.4976308004391032,0.8192918192918193,0.7797555019333081,0.0276853230410006
phoneme,42,median+zscore,0.3843611776828766,0.0075679404960831,0.2383862063169731,0.4976308004391032,0.8253968253968254,0.7869271200039297,0.0290032224922971
phoneme,42,median+winsor,0.3878850638866424,0.0057093634465348,0.2046362476980409,0.4957369316343675,0.8205128205128205,0.7804093305925462,0.0326629098372872
phoneme,42,median+winsor+zscore,0.388572484254837,0.0057093634465348,0.2046362476980409,0.4957369316343675,0.8192918192918193,0.7791970271058001,0.0345273180176777
phoneme,42,median+yeojohnson,0.383215069770813,0.0062279624472395,0.1474077176531622,0.4996638146821297,0.8217338217338217,0.7821808510638297,0.0259308818641308
phoneme,42,median+yeojohnson+zscore,0.3839855790138244,0.0062279624089318,0.1474077157432753,0.4996638146821297,0.8205128205128205,0.7804093305925462,0.0232438645228943
phoneme,42,median+winsor+yeojohnson,0.3858459591865539,0.0055764420425199,0.1496021202653668,0.4988935452915917,0.8192918192918193,0.778061784997583,0.0282775093056489
phoneme,42,median+winsor+yeojohnson+zscore,0.3874655663967132,0.0055764420425199,0.1496021202653668,0.4988935452915917,0.8156288156288156,0.7738549565974286,0.0401981989688197
phoneme,42,median+quantile,0.3833958506584167,0.0055022527401288,0.0269317271650641,0.4979940694226408,0.818070818070818,0.7768502551855421,0.0320157744945623
phoneme,42,median+quantile+zscore,0.3840753138065338,0.0055022528682298,0.0269317228147805,0.4979940694226408,0.8156288156288156,0.7738549565974286,0.0294814392906114
phoneme,42,median+winsor+quantile,0.3916955292224884,0.0071860931165248,0.2057737639071248,0.4982654030273077,0.8131868131868132,0.770859658009315,0.0294376334427914
phoneme,42,median+winsor+quantile+zscore,0.3934089243412018,0.0071860931165248,0.2057737639071248,0.4982654030273077,0.8144078144078144,0.7714709510662046,0.0384851648257328
phoneme,42,knn,0.3724860548973083,0.0092552450283484,0.2040557573470046,0.4925659064853204,0.8241758241758241,0.7898503207412687,0.0216697327092162
phoneme,42,knn+zscore,0.3724330961704254,0.0092552450263285,0.2040557557337282,0.4925659064853204,0.8217338217338217,0.7864261831275721,0.0223759557592417
phoneme,42,knn+winsor,0.3765854239463806,0.008006356410426,0.1805323461702255,0.4907078179361451,0.8192918192918193,0.7824591882151933,0.02125355648616
phoneme,42,knn+winsor+zscore,0.3765590488910675,0.0080063564104257,0.1805323461702255,0.4907078179361451,0.8217338217338217,0.7859153214833063,0.0209947298297952
phoneme,42,knn+yeojohnson,0.3742145597934723,0.0082507387759812,0.1147834787270106,0.4911625253505595,0.8253968253968254,0.7910628557972088,0.0206072700911534
phoneme,42,knn+yeojohnson+zscore,0.375508040189743,0.008250739088807,0.1147834793536644,0.4911625253505595,0.818070818070818,0.7817777022737636,0.0273318153161268
phoneme,42,knn+winsor+yeojohnson,0.3776199519634247,0.0078130638307306,0.1197353627157535,0.4902511227297552,0.8205128205128205,0.784189723320158,0.0258785500776782
phoneme,42,knn+winsor+yeojohnson+zscore,0.3774341642856598,0.0078130638307308,0.1197353627157535,0.4902511227297552,0.818070818070818,0.780723679600084,0.0263393801501673
phoneme,42,knn+quantile,0.3735707700252533,0.0073460060184695,0.0131218807617922,0.4903763536242169,0.8266178266178266,0.790770725388601,0.0195334789517161
phoneme,42,knn+quantile+zscore,0.3753257691860199,0.0073460059276203,0.013121879947238,0.4903763536242169,0.8217338217338217,0.785398928914988,0.0261078241107227
phoneme,42,knn+winsor+quantile,0.3780849277973175,0.0093728265054277,0.1613239494377242,0.493594588832684,0.8253968253968254,0.7900621118012423,0.0315558928564209
phoneme,42,knn+winsor+quantile+zscore,0.378850370645523,0.0093728265054278,0.1613239494377241,0.493594588832684,0.8229548229548229,0.7876360189912465,0.0193392547786745
phoneme,1,mean,0.4149990379810333,0.0076542749798024,0.2154137971302495,0.479724273375067,0.7997557997557998,0.7565574840140936,0.0350132129713438
phoneme,1,mean+zscore,0.4157265126705169,0.0076542749867255,0.2154137969566928,0.479724273375067,0.7985347985347986,0.7571772290873415,0.0464692353765606
phoneme,1,mean+winsor,0.4209506809711456,0.0059493143324116,0.1762437192895124,0.4837639636174435,0.7924297924297924,0.7488998701486077,0.0389854464775476
phoneme,1,mean+winsor+zscore,0.4199394583702087,0.0059493143324116,0.1762437192895124,0.4837639636174435,0.7887667887667887,0.743518124632303,0.0438044680343879
phoneme,1,mean+yeojohnson,0.4156364500522613,0.006774369360212,0.1347093500067186,0.4862014935275008,0.8034188034188035,0.7594959335061221,0.0350335253463996
phoneme,1,mean+yeojohnson+zscore,0.4145286381244659,0.0067743697859001,0.1347093476271263,0.4862014935275008,0.8034188034188035,0.7607110127122105,0.0429239321104335
phoneme,1,mean+winsor+yeojohnson,0.4188081920146942,0.0061837915697103,0.1374560625028907,0.4867501241127615,0.7924297924297924,0.7482788296041308,0.0384362680571419
phoneme,1,mean+winsor+yeojohnson+zscore,0.4174708127975464,0.0061837915697103,0.1374560625028907,0.4867501241127615,0.7924297924297924,0.7488998701486077,0.0399934595612233
phoneme,1,mean+quantile,0.4094106256961822,0.0060974212513615,0.0271801181232114,0.4857179631294405,0.8034188034188035,0.7613087749468254,0.034256823260851
phoneme,1,mean+quantile+zscore,0.4078596532344818,0.0060974213031793,0.0271801178463929,0.4857179631294405,0.8058608058608059,0.7630867977666071,0.0330258231605511
phoneme,1,mean+winsor+quantile,0.408530443906784,0.0076511639988398,0.2087870151875224,0.478934623012767,0.7985347985347986,0.7571772290873415,0.0354482407098288
phoneme,1,mean+winsor+quantile+zscore,0.4072314798831939,0.0076511639988399,0.2087870151875224,0.478934623012767,0.8034188034188035,0.7630638417155271,0.0394532543690067
phoneme,1,median,0.4150969982147217,0.0079414482302375,0.2407225497377144,0.4786881368077949,0.8083028083028083,0.7695087521174477,0.0444928055426722
phoneme,1,median+zscore,0.4168589413166046,0.0079414485994853,0.2407225522088884,0.4786881368077949,0.8083028083028083,0.767815643638373,0.047254883981013
phoneme,1,median+winsor,0.4173702895641327,0.0060154975693024,0.204859370858316,0.4822915067115311,0.7997557997557998,0.7583549222797927,0.0448753571772313
phoneme,1,median+winsor+zscore,0.4178919494152069,0.0060154975693027,0.204859370858316,0.4822915067115311,0.7973137973137974,0.7542016806722689,0.0454831519988575
phoneme,1,median+yeojohnson,0.4144560694694519,0.0066131266248276,0.1435902993964935,0.4855654000953146,0.7985347985347986,0.7553785581753178,0.0407654231139009
phoneme,1,median+yeojohnson+zscore,0.4166166186332702,0.0066131268080408,0.1435903009018364,0.4855654000953146,0.7985347985347986,0.7553785581753178,0.0429013330712277
phoneme,1,median+winsor+yeojohnson,0.4184386134147644,0.0060707095825419,0.1461551968978519,0.4860290525736191,0.78998778998779,0.7459457509738854,0.0464727963720049
phoneme,1,median+winsor+yeojohnson+zscore,0.4194571673870086,0.0060707095825419,0.1461551968978519,0.4860290525736191,0.7912087912087912,0.7464832330180567,0.0440416159938397
phoneme,1,median+quantile,0.4099062085151672,0.0060567597089491,0.027311558021016,0.4828137990531153,0.7997557997557998,0.7559452859260982,0.0425321108983404
phoneme,1,median+quantile+zscore,0.4101095199584961,0.0060567597434063,0.027311558421167,0.4828137990531153,0.8021978021978022,0.7601245317404071,0.0450504103423038
phoneme,1,median+winsor+quantile,0.411321222782135,0.0075389655953312,0.2097964610708862,0.4781270825226869,0.7973137973137974,0.7548081084980522,0.0384440982443654
phoneme,1,median+winsor+quantile+zscore,0.4123078286647796,0.0075389655953312,0.2097964610708862,0.4781270825226869,0.800976800976801,0.7589423561341069,0.0451143167103311
phoneme,1,knn,0.4095116555690765,0.0096410620258031,0.2039807502699714,0.4828774083963338,0.8107448107448108,0.7660418321516705,0.0531082941498948
phoneme,1,knn+zscore,0.4093086123466491,0.0096410623257238,0.2039807500718999,0.4828774083963338,0.811965811965812,0.7678571428571428,0.0553723516918364
phoneme,1,knn+winsor,0.4127940535545349,0.0084482670725445,0.1758124049315575,0.4848100391445935,0.8095238095238095,0.7660651247271821,0.0558975809077494
phoneme,1,knn+winsor+zscore,0.4132147133350372,0.0084482670725445,0.1758124049315575,0.4848100391445935,0.8095238095238095,0.7654570287258415,0.0547936996843061
phoneme,1,knn+yeojohnson,0.4102864861488342,0.0088753260590349,0.1094145555356907,0.4880864172683464,0.8107448107448108,0.7647934009860724,0.0538252360654838
phoneme,1,knn+yeojohnson+zscore,0.4096027910709381,0.0088753261411042,0.1094145579315586,0.4880864172683464,0.8070818070818071,0.7611980512290544,0.0511611807768452
phoneme,1,knn+winsor+yeojohnson,0.4124522507190704,0.0085121132312109,0.1126690104871204,0.4881013257081633,0.8083028083028083,0.763645053076605,0.048411056599483
phoneme,1,knn+winsor+yeojohnson+zscore,0.4126931130886078,0.0085121132312109,0.1126690104871204,0.4881013257081633,0.8095238095238095,0.7654570287258415,0.055401626232925
phoneme,1,knn+quantile,0.4076983332633972,0.0081836797771791,0.0128758689058746,0.487665005369523,0.8107448107448108,0.765421011491959,0.0450183813242976
phoneme,1,knn+quantile+zscore,0.4083424210548401,0.0081836800094475,0.0128758671836906,0.487665005369523,0.811965811965812,0.768463989896023,0.0539654453304369
phoneme,1,knn+winsor+quantile,0.4108195006847381,0.0095444034858388,0.1605667039724136,0.4860862015929171,0.8070818070818071,0.7618274582560297,0.0454632527807838
phoneme,1,knn+winsor+quantile+zscore,0.4098022580146789,0.0095444034858389,0.1605667039724136,0.4860862015929171,0.8095238095238095,0.7648423005565863,0.0448209798379695
phoneme,2,mean,0.3767167627811432,0.009145294746453,0.2118930425038069,0.4799985886676973,0.8266178266178266,0.7853805270539602,0.0417217788387713
phoneme,2,mean+zscore,0.3768025636672973,0.0091452957171717,0.2118930416375082,0.4799985886676973,0.8290598290598291,0.7884033365320735,0.0423607671217167
phoneme,2,mean+winsor,0.3712310194969177,0.0063752025589325,0.1714799482584381,0.4810203137431464,0.8266178266178266,0.7886843329360118,0.0349993029647985
phoneme,2,mean+winsor+zscore,0.3731190860271454,0.0063752025589325,0.1714799482584381,0.4810203137431464,0.8278388278388278,0.7893722150581566,0.032561773782248
phoneme,2,mean+yeojohnson,0.3747265040874481,0.0068245639082658,0.1295807326600174,0.4823148632672442,0.8278388278388278,0.787732181425486,0.0301866431667109
phoneme,2,mean+yeojohnson+zscore,0.3735427558422088,0.0068245635365747,0.1295807345178606,0.4823148632672442,0.8266178266178266,0.7853805270539602,0.0313211437110062
phoneme,2,mean+winsor+yeojohnson,0.371602863073349,0.005997425056639,0.1325311792879912,0.4814447073299332,0.8315018315018315,0.7941161468959488,0.0407126926531576
phoneme,2,mean+winsor+yeojohnson+zscore,0.3704802691936493,0.0059974250566391,0.1325311792879912,0.4814447073299332,0.8315018315018315,0.7946368869378144,0.0365937507923997
phoneme,2,mean+quantile,0.374145895242691,0.0059496186551791,0.026370378401601,0.4808359460374112,0.8241758241758241,0.7811915575741384,0.0261665725300454
phoneme,2,mean+quantile+zscore,0.3750255703926086,0.0059496184983904,0.026370378052367,0.4808359460374112,0.8253968253968254,0.7835819654409686,0.026416728202531
phoneme,2,mean+winsor+quantile,0.3671188652515411,0.0089706481149767,0.2054989119667387,0.4784824003383223,0.8400488400488401,0.8043103558341739,0.0411536017471471
phoneme,2,mean+winsor+quantile+zscore,0.365751713514328,0.0089706481149766,0.2054989119667386,0.4784824003383223,0.833943833943834,0.7976131639387156,0.0399913693959022
phoneme,2,median,0.3785113990306854,0.0095414455017627,0.2376137367256575,0.4799598267241734,0.8290598290598291,0.788961038961039,0.0366639531284606
phoneme,2,median+zscore,0.3773326277732849,0.0095414456077361,0.2376137360849526,0.4799598267241734,0.833943833943834,0.7944489554883001,0.0388679531322148
phoneme,2,median+winsor,0.3734035491943359,0.0066197036313639,0.2014033565465716,0.4809154577164345,0.8290598290598291,0.7927002126151665,0.0367336414381406
phoneme,2,median+winsor+zscore,0.3728760778903961,0.0066197036313638,0.2014033565465716,0.4809154577164345,0.8290598290598291,0.7921832180608117,0.0323061873915722
phoneme,2,median+yeojohnson,0.3770306706428528,0.0067761277658623,0.1434979344376588,0.4819247590920363,0.8315018315018315,0.7919758812615956,0.0359638458497649
phoneme,2,median+yeojohnson+zscore,0.3767434954643249,0.0067761273119879,0.1434979317008915,0.4819247590920363,0.8302808302808303,0.790743072469096,0.0296022701321649
phoneme,2,median+winsor+yeojohnson,0.3718635737895965,0.005967944481992,0.1467805225626146,0.4817274707384597,0.8290598290598291,0.7921832180608117,0.0345462420193412
phoneme,2,median+winsor+yeojohnson+zscore,0.3740284442901611,0.005967944481992,0.1467805225626146,0.4817274707384597,0.8278388278388278,0.7904363527479606,0.0321597384882497
phoneme,2,median+quantile,0.3721115291118622,0.0058984293019613,0.026534963417341,0.4810481428308046,0.8290598290598291,0.788961038961039,0.0327304887684273
phoneme,2,median+quantile+zscore,0.3723348379135132,0.0058984294888321,0.0265349651455177,0.4810481428308046,0.8290598290598291,0.7895127180872936,0.0319457902722014
phoneme,2,median+winsor+quantile,0.3672776818275451,0.0088708844987783,0.2065138632004775,0.4782393927693073,0.8327228327228328,0.7968900755758701,0.0284217240900638
phoneme,2,median+winsor+quantile+zscore,0.3674140274524688,0.0088708844987784,0.2065138632004775,0.4782393927693073,0.833943833943834,0.7981208404019313,0.0320311360452346
phoneme,2,knn,0.3774255216121673,0.0108013193156125,0.2026326291626368,0.4803588759632715,0.8315018315018315,0.7914261460101868,0.0413537975195999
phoneme,2,knn+zscore,0.3746878206729889,0.0108013199981701,0.2026326231419965,0.4803588759632715,0.833943833943834,0.7949907235621521,0.038632582468282
phoneme,2,knn+winsor,0.3766626417636871,0.0088581864890385,0.1776370073160214,0.4824127620220417,0.8205128205128205,0.7775283141246321,0.0269842734412541
phoneme,2,knn+winsor+zscore,0.3752600848674774,0.0088581864890386,0.1776370073160215,0.4824127620220417,0.8217338217338217,0.7793349080977339,0.0203557013737558
phoneme,2,knn+yeojohnson,0.3747989237308502,0.0087371577227762,0.1113661357888518,0.4828878443042056,0.833943833943834,0.7970999708539784,0.0336540359571594
phoneme,2,knn+yeojohnson+zscore,0.3755793571472168,0.0087371577591451,0.1113661383814545,0.4828878443042056,0.8315018315018315,0.7930576103355842,0.0355214915432772
phoneme,2,knn+winsor+yeojohnson,0.376894474029541,0.0082139818569425,0.1174224708318984,0.4828515671006513,0.8205128205128205,0.7769330964190493,0.0216551670515784
phoneme,2,knn+winsor+yeojohnson+zscore,0.3755355179309845,0.0082139818569424,0.1174224708318984,0.4828515671006513,0.8205128205128205,0.7775283141246321,0.0240492527447049
phoneme,2,knn+quantile,0.376893550157547,0.0078000704778038,0.0129386124774234,0.4810203137431464,0.8253968253968254,0.7835819654409686,0.0333399092903649
phoneme,2,knn+quantile+zscore,0.3766498863697052,0.0078000707141687,0.0129386132315029,0.4810203137431464,0.8278388278388278,0.7882847949839122,0.0317414753020756
phoneme,2,knn+winsor+quantile,0.3769085109233856,0.0115278264735187,0.1570883277367798,0.4786409267483749,0.8266178266178266,0.7853805270539602,0.0327993074616233
phoneme,2,knn+winsor+quantile+zscore,0.3776420354843139,0.0115278264735187,0.1570883277367798,0.4786409267483749,0.8217338217338217,0.7793349080977339,0.0231450122936886
phoneme,3,mean,0.3817824423313141,0.0077282117693405,0.2159483265184777,0.5031757461549891,0.8144078144078144,0.769654355710162,0.013084708043216
phoneme,3,mean+zscore,0.3810746371746063,0.0077282120826014,0.2159483260597074,0.5031757461549891,0.8217338217338217,0.7804918345767491,0.0245506564048329
phoneme,3,mean+winsor,0.3791955411434173,0.0055706399026284,0.1762048962656889,0.5096092348839601,0.8278388278388278,0.786037867993782,0.0186233293442498
phoneme,3,mean+winsor+zscore,0.3798933327198028,0.0055706399026282,0.1762048962656889,0.5096092348839601,0.8266178266178266,0.7865057569171121,0.0197777510125995
phoneme,3,mean+yeojohnson,0.3810640871524811,0.0059958271246828,0.1342370015561888,0.5186621364887544,0.8168498168498168,0.7744779122363861,0.0174408774818401
phoneme,3,mean+yeojohnson+zscore,0.3803498446941376,0.0059958271156103,0.1342370048860647,0.5186621364887544,0.8144078144078144,0.7714709510662046,0.0169375451493176
phoneme,3,mean+winsor+yeojohnson,0.3807964324951172,0.0053104211475762,0.1374857023305782,0.516851754946993,0.8241758241758241,0.7840601151327835,0.017749559602749
phoneme,3,mean+winsor+yeojohnson+zscore,0.3778386116027832,0.0053104211475764,0.1374857023305782,0.516851754946993,0.8253968253968254,0.7858361509498827,0.0152386255171127
phoneme,3,mean+quantile,0.3846342265605926,0.0054105265032102,0.0264230150061017,0.5176791733568291,0.818070818070818,0.7762725847702334,0.0147650127591376
phoneme,3,mean+quantile+zscore,0.3851826190948486,0.0054105263928191,0.0264230150124859,0.5176791733568291,0.8144078144078144,0.7714709510662046,0.0115788870096497
phoneme,3,mean+winsor+quantile,0.3793383836746216,0.009067097072038,0.2247197202438735,0.5052857873370694,0.8278388278388278,0.7904363527479606,0.0240504748946435
phoneme,3,mean+winsor+quantile+zscore,0.3774721026420593,0.0090670970720379,0.2247197202438735,0.5052857873370694,0.8315018315018315,0.7956616381492356,0.0303786927527123
phoneme,3,median,0.3844506442546844,0.0081951842548041,0.2425103958777255,0.5012197588510164,0.8131868131868132,0.7665688657892531,0.0119592788309695
phoneme,3,median+zscore,0.3824322819709778,0.0081951833592613,0.2425103971797812,0.5012197588510164,0.8107448107448108,0.7628689965386289,0.0168707341647118
phoneme,3,median+winsor,0.3825199902057647,0.0058732525508067,0.2085499541826246,0.5073123412561752,0.8131868131868132,0.7696668351638252,0.0151038391831739
phoneme,3,median+winsor+zscore,0.3840496838092804,0.0058732525508067,0.2085499541826246,0.5073123412561752,0.8095238095238095,0.7648423005565863,0.0240558747552398
phoneme,3,median+yeojohnson,0.3841727077960968,0.0060199905687061,0.14830975957823,0.5178019195113212,0.8083028083028083,0.7611158072696534,0.018315752056201
phoneme,3,median+yeojohnson+zscore,0.3831797838211059,0.0060199904083364,0.1483097622875939,0.5178019195113212,0.811965811965812,0.7659965268501202,0.0129792278357332
phoneme,3,median+winsor+yeojohnson,0.3830184936523437,0.0053218681279116,0.1502314697748148,0.5167985815116461,0.8095238095238095,0.7642208607071677,0.0140443052709902
phoneme,3,median+winsor+yeojohnson+zscore,0.3840462863445282,0.0053218681279119,0.1502314697748148,0.5167985815116461,0.8144078144078144,0.7720634548623826,0.0182770798494527
phoneme,3,median+quantile,0.3867537677288055,0.0053911361652725,0.0265219418389083,0.5162007530749899,0.8144078144078144,0.7702664796633941,0.0133820195774455
phoneme,3,median+quantile+zscore,0.3864119350910187,0.0053911363176937,0.026521941275909,0.5162007530749899,0.8156288156288156,0.7726777262074354,0.018302233446212
phoneme,3,median+winsor+quantile,0.3802926540374756,0.0089830640712861,0.2258738146042099,0.5048882289419531,0.8144078144078144,0.7702664796633941,0.0071216324601272
phoneme,3,median+winsor+quantile+zscore,0.3800505399703979,0.008983064071286,0.2258738146042099,0.5048882289419531,0.8205128205128205,0.7775283141246321,0.0108914842535724
phoneme,3,knn,0.3712720870971679,0.0094823629819358,0.2075038659865336,0.5053951158957264,0.8290598290598291,0.7942181510143721,0.0140406654576824
phoneme,3,knn+zscore,0.3719150125980377,0.0094823630135919,0.2075038682878797,0.5053951158957264,0.8302808302808303,0.7959345002823264,0.0230684484172071
phoneme,3,knn+winsor,0.3708136975765228,0.0081089056912745,0.1847766539274856,0.5086083816242547,0.8241758241758241,0.7867773615470284,0.0215272045397496
phoneme,3,knn+winsor+zscore,0.3708016872406006,0.0081089056912745,0.1847766539274856,0.5086083816242547,0.8327228327228328,0.7973932686525929,0.0287190281282268
phoneme,3,knn+yeojohnson,0.3699745535850525,0.0080246202256878,0.1135180994332914,0.5200888741792283,0.8327228327228328,0.7998294492602629,0.0142118639707274
phoneme,3,knn+yeojohnson+zscore,0.3717700541019439,0.0080246200431074,0.1135180993507375,0.5200888741792283,0.8302808302808303,0.7973858303032244,0.0221813209036476
phoneme,3,knn+winsor+yeojohnson,0.3716524541378021,0.0076263076283062,0.1187523940056878,0.5191332431869672,0.8217338217338217,0.7848769430051814,0.0184419942571712
phoneme,3,knn+winsor+yeojohnson+zscore,0.3702937364578247,0.0076263076283062,0.1187523940056878,0.5191332431869672,0.8290598290598291,0.7947133219702938,0.0176727373666961
phoneme,3,knn+quantile,0.3748104870319366,0.0073559328811619,0.0124022285304678,0.518035485068452,0.8290598290598291,0.7942181510143721,0.0113728755268567
phoneme,3,knn+quantile+zscore,0.3733392059803009,0.0073559332021656,0.0124022275769015,0.518035485068452,0.8278388278388278,0.7924969048564554,0.0146774840296697
phoneme,3,knn+winsor+quantile,0.3706017136573791,0.0105556713483181,0.1624794574936368,0.5076930034194992,0.8266178266178266,0.7902575385947194,0.0138697785044473
phoneme,3,knn+winsor+quantile+zscore,0.3716375529766083,0.010555671348318,0.1624794574936368,0.5076930034194992,0.8315018315018315,0.7966645077720207,0.0145467159512279
phoneme,4,mean,0.374050110578537,0.0079626303295559,0.2110762117014642,0.4972501382757793,0.8217338217338217,0.7816239316239316,0.0225619782894959
phoneme,4,mean+zscore,0.3723430037498474,0.0079626294608486,0.2110762071819614,0.4972501382757793,0.8266178266178266,0.7881484989798893,0.023464026177468
phoneme,4,mean+winsor,0.3748331665992737,0.0060063759529923,0.1735775595504137,0.4994764652884311,0.818070818070818,0.7790994252613477,0.0274557969072362
phoneme,4,mean+winsor+zscore,0.3726528584957123,0.0060063759529923,0.1735775595504137,0.4994764652884311,0.8205128205128205,0.7826044561454829,0.02007303205893
phoneme,4,mean+yeojohnson,0.3750548362731933,0.0060869303459337,0.1338631190724566,0.5011362715880421,0.8205128205128205,0.7781170924277134,0.0285815189755152
phoneme,4,mean+yeojohnson+zscore,0.3747182190418243,0.006086930465604,0.1338631207339529,0.5011362715880421,0.8217338217338217,0.7821808510638297,0.0235172813628619
phoneme,4,mean+winsor+yeojohnson,0.3720772564411163,0.0055998390921182,0.1361100431813113,0.5025893475221924,0.8241758241758241,0.7867773615470284,0.01816365344766
phoneme,4,mean+winsor+yeojohnson+zscore,0.3730446398258209,0.0055998390921182,0.1361100431813113,0.5025893475221924,0.8205128205128205,0.7826044561454829,0.0273275582781641
phoneme,4,mean+quantile,0.376703143119812,0.0052617225432989,0.0267055112540719,0.5021227133559246,0.8266178266178266,0.7876068376068376,0.0163973601892026
phoneme,4,mean+quantile+zscore,0.376010000705719,0.0052617228293577,0.0267055106162796,0.5021227133559246,0.8290598290598291,0.791132322937919,0.0230535049723763
phoneme,4,mean+winsor+quantile,0.3769781291484833,0.0082852404007289,0.2248785823266931,0.4960887708140455,0.8229548229548229,0.7833969587477496,0.0187902715471055
phoneme,4,mean+winsor+quantile+zscore,0.3787797689437866,0.0082852404007289,0.2248785823266931,0.4960887708140455,0.8302808302808303,0.7934088867515356,0.0232994477099696
phoneme,4,median,0.3786903917789459,0.0083348094057281,0.2341305945643752,0.4972759795714618,0.8290598290598291,0.7916606099369131,0.0246854098434122
phoneme,4,median+zscore,0.378324031829834,0.0083348092423285,0.2341305904495507,0.4972759795714618,0.8266178266178266,0.7897387870810975,0.0200565670581673
phoneme,4,median+winsor,0.3765390813350677,0.0062320524695875,0.2022242480848532,0.4992081133717276,0.8205128205128205,0.7831385850230834,0.0175278871632903
phoneme,4,median+winsor+zscore,0.3734988570213318,0.0062320524695875,0.2022242480848533,0.4992081133717276,0.8266178266178266,0.7881484989798893,0.0227026477983728
phoneme,4,median+yeojohnson,0.3789178729057312,0.0060518526153169,0.1458938747330325,0.50127889566229,0.8302808302808303,0.7918267481261098,0.0313825209207732
phoneme,4,median+yeojohnson+zscore,0.37766233086586,0.0060518529657246,0.1458938735785107,0.50127889566229,0.8266178266178266,0.7881484989798893,0.0226270067386137
phoneme,4,median+winsor+yeojohnson,0.3772688508033752,0.0055610300104373,0.1479131839729916,0.5027757030199033,0.8229548229548229,0.7844912847408106,0.0227714325045491
phoneme,4,median+winsor+yeojohnson+zscore,0.377929538488388,0.0055610300104373,0.1479131839729915,0.5027757030199033,0.8302808302808303,0.7934088867515356,0.0267587389264788
phoneme,4,median+quantile,0.380870521068573,0.0052890542590846,0.0321967446150012,0.501464754212007,0.8253968253968254,0.7874638187443856,0.0252475210889646
phoneme,4,median+quantile+zscore,0.3782967925071716,0.0052890542315999,0.0321967447821186,0.501464754212007,0.8266178266178266,0.7876068376068376,0.0211080960447243
phoneme,4,median+winsor+quantile,0.3829362094402313,0.0082043171625932,0.226897286596956,0.4953483183031412,0.8168498168498168,0.7778930849448213,0.0167518545565296
phoneme,4,median+winsor+quantile+zscore,0.383461594581604,0.0082043171625934,0.2268972865969561,0.4953483183031412,0.8192918192918193,0.7824591882151933,0.0150729117958246
phoneme,4,knn,0.3870345056056976,0.0101991481671257,0.2031012233995687,0.4946207864400782,0.8253968253968254,0.7858361509498827,0.0196385796981271
phoneme,4,knn+zscore,0.3873885571956634,0.0101991481906664,0.2031012241805918,0.4946207864400782,0.8205128205128205,0.7775283141246321,0.0223001327561226
phoneme,4,knn+winsor,0.3898823261260986,0.0088506967926166,0.18088434869629,0.4960803226981493,0.8168498168498168,0.7732892891415073,0.03065326456913
phoneme,4,knn+winsor+zscore,0.3886186778545379,0.0088506967926166,0.18088434869629,0.4960803226981493,0.811965811965812,0.767243670185281,0.0383405399409842
phoneme,4,knn+yeojohnson,0.3876252472400665,0.0084742810192587,0.1125565013114492,0.4986699186943387,0.8253968253968254,0.7835819654409686,0.0213302735589508
phoneme,4,knn+yeojohnson+zscore,0.3875190317630768,0.0084742812953709,0.1125565036526386,0.4986699186943387,0.8253968253968254,0.7841547225657348,0.0187116075348067
phoneme,4,knn+winsor+yeojohnson,0.3894688785076141,0.0082045227198771,0.1172124607827886,0.4997805974606951,0.8217338217338217,0.7775516430527444,0.0217665101291204
phoneme,4,knn+winsor+yeojohnson+zscore,0.3913708627223968,0.0082045227198771,0.1172124607827886,0.4997805974606951,0.8205128205128205,0.7757230279151648,0.0272172157435481
phoneme,4,knn+quantile,0.387484073638916,0.007456588568008,0.0128581032046795,0.4991673636362281,0.8229548229548229,0.7811359074967241,0.0218561841163588
phoneme,4,knn+quantile+zscore,0.3871547877788543,0.0074565883178135,0.0128581023182747,0.4991673636362281,0.8241758241758241,0.7829313543599258,0.0226904964563465
phoneme,4,knn+winsor+quantile,0.3909056484699249,0.0102709641399926,0.159606085959803,0.4900404167803435,0.8253968253968254,0.7835819654409686,0.0237614822475028
phoneme,4,knn+winsor+quantile+zscore,0.3901104927062988,0.0102709641399926,0.1596060859598029,0.4900404167803435,0.8217338217338217,0.7787469469321293,0.0245876075001717
phoneme,5,mean,0.3861084878444671,0.0079061857134566,0.2109607011758537,0.525330184670844,0.8058608058608059,0.7648578811369509,0.0251651356071779
phoneme,5,mean+zscore,0.3863068521022796,0.0079061856225997,0.2109606989776407,0.525330184670844,0.8058608058608059,0.7642738833325791,0.0278324465175251
phoneme,5,mean+winsor,0.3878301978111267,0.0056820192563148,0.1742728525081154,0.5180141163047146,0.8034188034188035,0.7636363636363637,0.0195345757062909
phoneme,5,mean+winsor+zscore,0.389256864786148,0.0056820192563148,0.1742728525081154,0.5180141163047146,0.8046398046398047,0.7648207440164252,0.0176447858449449
phoneme,5,mean+yeojohnson,0.3891512453556061,0.0059242885177989,0.1343352467031306,0.5084747026138968,0.7997557997557998,0.7577622276727745,0.0337523319491245
phoneme,5,mean+yeojohnson+zscore,0.3890441358089447,0.0059242884370632,0.1343352449490176,0.5084747026138968,0.800976800976801,0.7589423561341069,0.0309633536944313
phoneme,5,mean+winsor+yeojohnson,0.3899939060211181,0.0052551607269496,0.1378077002275131,0.5073009114523156,0.8046398046398047,0.7642487046632125,0.0197299408097552
phoneme,5,mean+winsor+yeojohnson+zscore,0.3893819451332092,0.0052551607269496,0.1378077002275131,0.5073009114523156,0.8034188034188035,0.7630638417155271,0.0190458974558791
phoneme,5,mean+quantile,0.3791024088859558,0.0052283323249877,0.027267083691349,0.5042968608292174,0.8046398046398047,0.763085957274476,0.026140283606719
phoneme,5,mean+quantile+zscore,0.3794415593147278,0.0052283322385728,0.0272670860426593,0.5042968608292174,0.800976800976801,0.7595346214881808,0.0236033383161011
phoneme,5,mean+winsor+quantile,0.3856386840343475,0.0081849318634011,0.2117556800328889,0.5305431691268078,0.8083028083028083,0.7672389917183329,0.0263436243793175
phoneme,5,mean+winsor+quantile+zscore,0.3842938542366028,0.0081849318634013,0.2117556800328889,0.5305431691268078,0.8083028083028083,0.7683861078137693,0.0212778343531383
phoneme,5,median,0.3682858347892761,0.0083910068209388,0.2392377643881146,0.5286314101942917,0.8168498168498168,0.7805748456790123,0.0286690460311041
phoneme,5,median+zscore,0.369518905878067,0.008391007101678,0.2392377613769226,0.5286314101942917,0.8168498168498168,0.7805748456790123,0.0287058907987433
phoneme,5,median+winsor,0.3725999295711517,0.0060148865633306,0.2071741235551379,0.5239814678154117,0.8192918192918193,0.7840128296507485,0.0126610706140706
phoneme,5,median+winsor+zscore,0.3713525831699371,0.0060148865633306,0.2071741235551379,0.5239814678154117,0.8192918192918193,0.7845196615231458,0.0110823501888503
phoneme,5,median+yeojohnson,0.3677036464214325,0.0059874024467896,0.148672708383693,0.5111055452935794,0.818070818070818,0.7828092713322334,0.0246400079884372
phoneme,5,median+yeojohnson+zscore,0.3688887357711792,0.0059874023937815,0.1486727047712934,0.5111055452935794,0.8168498168498168,0.7805748456790123,0.039075691184718
phoneme,5,median+winsor+yeojohnson,0.3695501685142517,0.0053248830576934,0.1503579321510051,0.5101737678050254,0.8229548229548229,0.7876360189912465,0.0126998941249172
phoneme,5,median+winsor+yeojohnson+zscore,0.3711863756179809,0.0053248830576935,0.1503579321510051,0.5101737678050254,0.8205128205128205,0.7857245831264317,0.0183450933341141
phoneme,5,median+quantile,0.3639894425868988,0.005242569291101,0.0274002970190135,0.5069967792800516,0.8156288156288156,0.7793740645131365,0.0325717047602848
phoneme,5,median+quantile+zscore,0.3633026778697967,0.0052425693843969,0.0274002971153,0.5069967792800516,0.8168498168498168,0.7800499878253148,0.0213382973339094
phoneme,5,median+winsor+quantile,0.3686178028583526,0.0080555007067389,0.2128608347308425,0.5320941438157555,0.8107448107448108,0.7718937606578056,0.0302409812789842
phoneme,5,median+winsor+quantile+zscore,0.3677026927471161,0.0080555007067389,0.2128608347308425,0.5320941438157555,0.811965811965812,0.7741846541673232,0.0249232609775622
phoneme,5,knn,0.3639419674873352,0.0096866111249975,0.2049299267384752,0.5200630328835457,0.8217338217338217,0.7864261831275721,0.0164959571882627
phoneme,5,knn+zscore,0.3651800155639648,0.0096866112592697,0.2049299254566693,0.5200630328835457,0.8192918192918193,0.7829826546543106,0.0195146715393578
phoneme,5,knn+winsor,0.3648385107517242,0.0083827264573688,0.1868554070726956,0.5171891826348481,0.8205128205128205,0.7857245831264317,0.0194071576417729
phoneme,5,knn+winsor+zscore,0.366254448890686,0.0083827264573688,0.1868554070726956,0.5171891826348481,0.8205128205128205,0.7857245831264317,0.0202909085049006
phoneme,5,knn+yeojohnson,0.3668656349182129,0.0079765743467102,0.113718021600463,0.5074360813066553,0.8168498168498168,0.7800499878253148,0.0280051983174241
phoneme,5,knn+yeojohnson+zscore,0.3671098351478576,0.0079765744428791,0.1137180204404811,0.5074360813066553,0.8205128205128205,0.7852184601551726,0.0215403362653776
phoneme,5,knn+winsor+yeojohnson,0.3667379021644592,0.0076855296382916,0.1193397956199653,0.5067155067155067,0.8192918192918193,0.785021070105989,0.0202120524331909
phoneme,5,knn+winsor+yeojohnson+zscore,0.3661663234233856,0.0076855296382916,0.1193397956199653,0.5067155067155067,0.8156288156288156,0.7814205042551499,0.0236564472918108
phoneme,5,knn+quantile,0.3663078546524048,0.0073338736627878,0.0125573001263913,0.5048474792064536,0.8168498168498168,0.7805748456790123,0.0178379868413066
phoneme,5,knn+quantile+zscore,0.366214781999588,0.0073338742624954,0.0125573014729444,0.5048474792064536,0.8205128205128205,0.784706860632505,0.019772445689773
phoneme,5,knn+winsor+quantile,0.3636057376861572,0.0106243604350855,0.1580820482023727,0.5252794959754666,0.8241758241758241,0.7898503207412687,0.0186634832977229
phoneme,5,knn+winsor+quantile+zscore,0.3610861897468567,0.0106243604350854,0.1580820482023727,0.5252794959754666,0.8253968253968254,0.7900621118012423,0.0148275934878431
phoneme,6,mean,0.3678864240646362,0.0083397160488751,0.2143592061988918,0.4915889067293218,0.8302808302808303,0.8001516755407392,0.0185265409349667
phoneme,6,mean+zscore,0.3710556626319885,0.0083397164125879,0.2143592075051442,0.4915889067293218,0.8278388278388278,0.7977264168294199,0.0151156420672769
phoneme,6,mean+winsor,0.375602662563324,0.0064478710622357,0.1773748587800619,0.4913558381201848,0.8253968253968254,0.794857287990121,0.0198298806235903
phoneme,6,mean+winsor+zscore,0.3750646114349365,0.0064478710622357,0.1773748587800619,0.4913558381201848,0.8217338217338217,0.7907848324514991,0.0169691172711578
phoneme,6,mean+yeojohnson,0.3714861869812011,0.0072490389430335,0.1325536335852448,0.4861990087875313,0.8253968253968254,0.7939390633769734,0.0117851633291978
phoneme,6,mean+yeojohnson+zscore,0.3718191385269165,0.0072490389931142,0.1325536317722467,0.4861990087875313,0.8278388278388278,0.7972761600808936,0.0171081601336179
phoneme,6,mean+winsor+yeojohnson,0.3757002353668213,0.0062740057513673,0.1369194671333232,0.4869896530458191,0.8266178266178266,0.795609841827768,0.0253514242841792
phoneme,6,mean+winsor+yeojohnson+zscore,0.3782635629177093,0.0062740057513673,0.1369194671333232,0.4869896530458191,0.8205128205128205,0.7886496137013572,0.0202962293293012
phoneme,6,mean+quantile,0.3728907704353332,0.0063525088387872,0.0264445005846927,0.4865558174471483,0.8241758241758241,0.7927311072056239,0.0197929035467396
phoneme,6,mean+quantile+zscore,0.3751530051231384,0.0063525086453244,0.0264444993954999,0.4865558174471483,0.8217338217338217,0.7898523725834798,0.0124553446367983
phoneme,6,mean+winsor+quantile,0.3800089061260223,0.0080133310239833,0.2117457589899903,0.4942028531772122,0.8192918192918193,0.78838391597648,0.0203304578241993
phoneme,6,mean+winsor+quantile+zscore,0.3789282441139221,0.0080133310239833,0.2117457589899903,0.4942028531772122,0.8229548229548229,0.7928994082840237,0.0181105163798955
phoneme,6,median,0.366225391626358,0.0087965386931382,0.2393879788058154,0.4931304394063857,0.8266178266178266,0.795149017121116,0.0136808119850717
phoneme,6,median+zscore,0.3660413920879364,0.0087965381567566,0.2393879753929796,0.4931304394063857,0.8266178266178266,0.795149017121116,0.0111928474480997
phoneme,6,median+winsor,0.3745512068271637,0.0067385795350075,0.2062650474597199,0.4953090594116234,0.8168498168498168,0.7836081166772353,0.0116517249044481
phoneme,6,median+winsor+zscore,0.3743612468242645,0.0067385795350076,0.2062650474597199,0.4953090594116234,0.818070818070818,0.7848070015183124,0.010372344973032
phoneme,6,median+yeojohnson,0.3652989864349365,0.0074272839526697,0.1427629631619967,0.4864131933729003,0.8229548229548229,0.7905839947661428,0.0152833680093507
phoneme,6,median+yeojohnson+zscore,0.3673444390296936,0.0074272839760474,0.1427629604139892,0.4864131933729003,0.8205128205128205,0.7881751210938119,0.01927785420738
phoneme,6,median+winsor+yeojohnson,0.3742380440235138,0.0065216878557892,0.1481013830395125,0.4878215439876001,0.8205128205128205,0.790042848398286,0.0141939858522752
phoneme,6,median+winsor+yeojohnson+zscore,0.3759624660015106,0.0065216878557892,0.1481013830395126,0.4878215439876001,0.8241758241758241,0.7941032695987373,0.007681559293698
phoneme,6,median+quantile,0.3697912096977234,0.0064762626020178,0.0265536355761488,0.4862988953343043,0.8229548229548229,0.7905839947661428,0.0173498067518148
phoneme,6,median+quantile+zscore,0.3697298765182495,0.0064762628947461,0.0265536344025206,0.4862983983863104,0.8156288156288156,0.7819185048943971,0.0232694113356435
phoneme,6,median+winsor+quantile,0.3764148354530334,0.0079691933797998,0.2127666174290414,0.4953135319435686,0.8144078144078144,0.7817041692385388,0.0220936264601673
phoneme,6,median+winsor+quantile+zscore,0.3752605617046356,0.0079691933797996,0.2127666174290413,0.4953135319435686,0.8131868131868132,0.7800230673218207,0.0241013781346098
phoneme,6,knn,0.38131183385849,0.0102424822081378,0.2048024388916891,0.4937779626424315,0.8253968253968254,0.7930008748906388,0.0377913131964221
phoneme,6,knn+zscore,0.3825682699680328,0.0102424811570392,0.2048024410024261,0.4937779626424315,0.8253968253968254,0.7920422886588053,0.0343918056569547
phoneme,6,knn+winsor,0.3824175596237182,0.008784920781401,0.1824335732619987,0.4912425339775767,0.8229548229548229,0.7896223991780118,0.0459638376957913
phoneme,6,knn+winsor+zscore,0.3836712837219238,0.008784920781401,0.1824335732619987,0.4912425339775767,0.8217338217338217,0.7879261907802324,0.0417314372656546
phoneme,6,knn+yeojohnson,0.3831828534603119,0.009485736102112,0.1102452604218477,0.4871054419283968,0.8266178266178266,0.7932553509208562,0.023330357121315
phoneme,6,knn+yeojohnson+zscore,0.3843904733657837,0.0094857358986906,0.1102452620142284,0.4871054419283968,0.8278388278388278,0.7954259192006874,0.03251709431519
phoneme,6,knn+winsor+yeojohnson,0.3814079761505127,0.0088618893678205,0.1173257498302109,0.4871586153637435,0.8351648351648352,0.8054669479432965,0.0371059455859937
phoneme,6,knn+winsor+yeojohnson+zscore,0.3849333822727203,0.0088618893678205,0.1173257498302109,0.4871586153637435,0.8266178266178266,0.7942123665807876,0.0312139651714227
phoneme,6,knn+quantile,0.382707267999649,0.0085786253392161,0.0127479872466172,0.4882931476338069,0.8302808302808303,0.7978592875774402,0.0269736964915115
phoneme,6,knn+quantile+zscore,0.3825088143348694,0.0085786245733301,0.0127479878197834,0.4882931476338069,0.8302808302808303,0.7978592875774402,0.0252965963076031
phoneme,6,knn+winsor+quantile,0.3845495879650116,0.0104305919392375,0.1577228192517475,0.4961593374291786,0.8302808302808303,0.7978592875774402,0.0327930890742384
phoneme,6,knn+winsor+quantile+zscore,0.3846803605556488,0.0104305919392374,0.1577228192517475,0.4961593374291786,0.8253968253968254,0.7920422886588053,0.0287560688124762
phoneme,7,mean,0.3798795640468597,0.0074625845383209,0.2165190004039496,0.5096788076031055,0.8192918192918193,0.7738885821307586,0.0272052125761942
phoneme,7,mean+zscore,0.3796555995941162,0.0074625846404413,0.2165190011184901,0.5096788076031055,0.8168498168498168,0.7702020202020201,0.0288910765350956
phoneme,7,mean+winsor,0.3769608438014984,0.0060639981600201,0.1764509205073537,0.5060684804274548,0.8156288156288156,0.7702451394759087,0.0194960361726409
phoneme,7,mean+winsor+zscore,0.3762715756893158,0.0060639981600201,0.1764509205073537,0.5060684804274548,0.8205128205128205,0.7769330964190493,0.0281145862316182
phoneme,7,mean+yeojohnson,0.379834234714508,0.0066638725664833,0.1372776573323799,0.4969335824036678,0.8168498168498168,0.7714571675199429,0.0297011439762418
phoneme,7,mean+yeojohnson+zscore,0.3793715834617615,0.0066638731267816,0.1372776555168782,0.4969335824036678,0.8168498168498168,0.7708330224298229,0.0382457005089747
phoneme,7,mean+winsor+yeojohnson,0.374538391828537,0.0060166907565838,0.1380327858883762,0.4969733382431795,0.818070818070818,0.7726716405398608,0.0227923065023689
phoneme,7,mean+winsor+yeojohnson+zscore,0.3763824999332428,0.0060166907565838,0.1380327858883762,0.4969733382431795,0.8217338217338217,0.7775516430527444,0.0243476570307553
phoneme,7,mean+quantile,0.3745867013931274,0.0058844991583568,0.0265283357719771,0.4940806039707139,0.8278388278388278,0.7830879245346812,0.0350347338869749
phoneme,7,mean+quantile+zscore,0.3755829036235809,0.0058844990972375,0.0265283334495365,0.4940806039707139,0.8192918192918193,0.7726365546218488,0.0259081901065887
phoneme,7,mean+winsor+quantile,0.3728945553302765,0.0071901168077226,0.205023340483663,0.5123817077419031,0.8266178266178266,0.7824579124579125,0.0333977279791174
phoneme,7,mean+winsor+quantile+zscore,0.3736956119537353,0.0071901168077226,0.2050233404836631,0.5123817077419031,0.8253968253968254,0.7806226714444396,0.0314735931063455
phoneme,7,median,0.3751317858695984,0.0077817347109344,0.2393621727386755,0.5103352759030415,0.8192918192918193,0.7751135452845311,0.0277062187992464
phoneme,7,median+zscore,0.3749790489673614,0.0077817344625994,0.2393621770685407,0.5103352759030415,0.8144078144078144,0.7671380471380471,0.0255866058725722
phoneme,7,median+winsor,0.3708805739879608,0.0061854741615698,0.2036012515259019,0.5078197251579425,0.8205128205128205,0.7769330964190493,0.0286490274581862
phoneme,7,median+winsor+zscore,0.3710654973983764,0.0061854741615697,0.2036012515259019,0.5078197251579425,0.8229548229548229,0.7799680202772935,0.0274835656850765
phoneme,7,median+yeojohnson,0.3760322332382202,0.0066945705890929,0.1490808433637941,0.4980094748104516,0.8205128205128205,0.7757230279151648,0.0329075406176994
phoneme,7,median+yeojohnson+zscore,0.3762884438037872,0.0066945706941466,0.1490808464832674,0.4980094748104516,0.818070818070818,0.773898172560805,0.0303179703207097
phoneme,7,median+winsor+yeojohnson,0.3711112737655639,0.0060413514875827,0.1498067922353925,0.4981282453809926,0.8241758241758241,0.7805988808191451,0.0369429183675837
phoneme,7,median+winsor+yeojohnson+zscore,0.3725945055484772,0.0060413514875827,0.1498067922353925,0.4981282453809926,0.8229548229548229,0.779374471682164,0.0352537262279617
phoneme,7,median+quantile,0.3751534521579742,0.0058819785263687,0.0267075409883805,0.4949343606242263,0.8241758241758241,0.7799997015326299,0.0385398634769686
phoneme,7,median+quantile+zscore,0.3739869296550751,0.0058819785137009,0.0267075390275904,0.4949343606242263,0.8156288156288156,0.7702451394759087,0.0264856961620596
phoneme,7,median+winsor+quantile,0.3740743696689605,0.0071105507299602,0.2059481831121831,0.5118181687168256,0.8229548229548229,0.7787744152904686,0.0335556417885571
phoneme,7,median+winsor+quantile+zscore,0.3726357221603393,0.0071105507299602,0.2059481831121831,0.5118181687168256,0.8241758241758241,0.7799997015326299,0.0309806276153732
phoneme,7,knn,0.378528892993927,0.009651132432889,0.2034197486858748,0.5080766472707865,0.8144078144078144,0.7702664796633941,0.0198421480454804
phoneme,7,knn+zscore,0.3762237727642059,0.0096511327087907,0.2034197427606927,0.5080766472707865,0.8144078144078144,0.7708719851576995,0.0215788073155469
phoneme,7,knn+winsor,0.3773168325424194,0.0085287733867231,0.1780063694071087,0.5059149234973411,0.8205128205128205,0.7786995082946555,0.0186880391741555
phoneme,7,knn+winsor+zscore,0.3765293061733246,0.008528773386723,0.1780063694071087,0.5059149234973411,0.8205128205128205,0.7786995082946555,0.0200544882461119
phoneme,7,knn+yeojohnson,0.3783828318119049,0.0088306331556814,0.114101120504471,0.4960574630904301,0.8156288156288156,0.7714746628082956,0.0205887445454486
phoneme,7,knn+yeojohnson+zscore,0.3790317475795746,0.0088306331300999,0.1141011190235302,0.4960574630904301,0.8144078144078144,0.7702664796633941,0.0244530915340661
phoneme,7,knn+winsor+yeojohnson,0.3765498697757721,0.0084214389923525,0.1179661901853786,0.4961886573608185,0.8229548229548229,0.7817103993382657,0.0242565198550148
phoneme,7,knn+winsor+yeojohnson+zscore,0.3771708607673645,0.0084214389923525,0.1179661901853786,0.4961886573608185,0.8192918192918193,0.7769016697588126,0.0182204110427362
phoneme,7,knn+quantile,0.377407968044281,0.0078989310365922,0.0132707974622233,0.4926846770558614,0.8168498168498168,0.7732892891415073,0.0218088325563367
phoneme,7,knn+quantile+zscore,0.3761803209781647,0.0078989306792817,0.0132708030024729,0.4926846770558614,0.8144078144078144,0.7690355329949239,0.024539629036108
phoneme,7,knn+winsor+quantile,0.3771136999130249,0.0095059661624812,0.1587979478797744,0.5086476405157724,0.8192918192918193,0.7757160831914736,0.0199986361467503
phoneme,7,knn+winsor+quantile+zscore,0.3753361701965332,0.0095059661624812,0.1587979478797744,0.5086476405157724,0.818070818070818,0.7745014884664638,0.0170113624816121
Titanic,42,mean,0.4251277148723602,0.0271456836178241,0.4550895182088738,0.4994858437442764,0.7862595419847328,0.7630490956072351,0.0470311898766583
Titanic,42,mean+zscore,0.4242968261241913,0.0271456836178241,0.4550895182088738,0.4994858437442764,0.7824427480916031,0.7554809660253786,0.0548087947696219
Titanic,42,mean+winsor,0.427272081375122,0.0149053721788428,0.412312242160579,0.4991986344039616,0.7900763358778626,0.7640605812525583,0.0548507930668255
Titanic,42,mean+winsor+zscore,0.4288071095943451,0.0149053721788428,0.412312242160579,0.4991986344039616,0.7862595419847328,0.7590804597701148,0.0771487921703862
Titanic,42,mean+yeojohnson,0.4274137616157532,0.0092620672958385,0.3748156683440751,0.4967347031118334,0.7900763358778626,0.7666585701562627,0.0466637763813251
Titanic,42,mean+yeojohnson+zscore,0.4279308319091797,0.0092620672958386,0.374815668344075,0.4967347031118334,0.7862595419847328,0.7617717737221537,0.0539708515159956
Titanic,42,mean+winsor+yeojohnson,0.4289740324020386,0.0089610531932229,0.3819788680957373,0.4978488230649807,0.7862595419847328,0.7617717737221537,0.0835834191045688
Titanic,42,mean+winsor+yeojohnson+zscore,0.4279370009899139,0.0089610531932229,0.3819788680957372,0.4978488230649807,0.8053435114503816,0.7824451716895423,0.0686115733994782
Titanic,42,mean+quantile,0.4267359972000122,0.0075450249337649,0.3536646397369098,0.4929973350575196,0.7938931297709924,0.7690047021943573,0.0507851384068263
Titanic,42,mean+quantile+zscore,0.427580326795578,0.0075450249337649,0.3536646397369098,0.4929973350575196,0.7900763358778626,0.7666585701562627,0.0690605779185549
Titanic,42,mean+winsor+quantile,0.4274833798408508,0.011058334201679,0.4233822556318794,0.4991903736701986,0.8053435114503816,0.7847719987758324,0.0469780377759278
Titanic,42,mean+winsor+quantile+zscore,0.4263195097446441,0.011058334201679,0.4233822556318794,0.4991903736701986,0.8129770992366412,0.7942727112478567,0.0401146614369545
Titanic,42,median,0.4429750144481659,0.029281893687169,0.5177455455562823,0.4974156927001086,0.7862595419847328,0.7687992436180271,0.0444245381664683
Titanic,42,median+zscore,0.4442132711410522,0.029281893687169,0.5177455455562823,0.4974156927001086,0.7709923664122137,0.7499522809696506,0.0590125078918369
Titanic,42,median+winsor,0.4457639157772064,0.0167059166587212,0.4910729277952947,0.4979719340454085,0.7519083969465649,0.7242328556392195,0.0656587890996277
Titanic,42,median+winsor+zscore,0.4470551609992981,0.0167059166587213,0.4910729277952947,0.4979719340454085,0.7633587786259542,0.7416173570019724,0.0557313010892795
Titanic,42,median+yeojohnson,0.4492403566837311,0.0126242002333131,0.481059275199971,0.4921512982412897,0.7748091603053435,0.7535198915729889,0.0605705246215558
Titanic,42,median+yeojohnson+zscore,0.4475665986537933,0.0126242002333133,0.4810592751999711,0.4921512982412897,0.7633587786259542,0.7416173570019724,0.0665886447629855
Titanic,42,median+winsor+yeojohnson,0.446540504693985,0.0123563881581689,0.4799386197042148,0.4927713184049223,0.7557251908396947,0.7262277951933125,0.0591888857706812
Titanic,42,median+winsor+yeojohnson+zscore,0.4472489356994629,0.0123563881581689,0.4799386197042148,0.4927713184049223,0.7709923664122137,0.7447554718451646,0.0605168579188921
Titanic,42,median+quantile,0.4463992416858673,0.0123790611761313,0.4337711116224505,0.490241319847946,0.7977099236641222,0.778585665311329,0.0619478896829008
Titanic,42,median+quantile+zscore,0.4499356150627136,0.0123790611761311,0.4337711116224505,0.490241319847946,0.7900763358778626,0.7734383598257943,0.0626047947479568
Titanic,42,median+winsor+quantile,0.4433609247207641,0.0241371125447955,0.5389931580905027,0.4914394239276842,0.7824427480916031,0.7606845824719966,0.0473213785022269
Titanic,42,median+winsor+quantile+zscore,0.4445848762989044,0.0241371125447955,0.5389931580905027,0.4914394239276842,0.7709923664122137,0.7461240310077519,0.0501374440793772
Titanic,42,knn,0.4332201182842254,0.0286964763570168,0.4583296879162276,0.4962467802673844,0.8015267175572519,0.7832919768403639,0.059577890252339
Titanic,42,knn+zscore,0.4344522655010223,0.0286964763570168,0.4583296879162276,0.4962467802673844,0.7862595419847328,0.7666221289050074,0.0590888405119189
Titanic,42,knn+winsor,0.43280690908432,0.0196645243714425,0.4298928256408376,0.4989590731248339,0.7748091603053435,0.7510107436818453,0.0648631191890658
Titanic,42,knn+winsor+zscore,0.4355811178684234,0.0196645243714425,0.4298928256408377,0.4989590731248339,0.7786259541984732,0.7545865633074935,0.0606807208698214
Titanic,42,knn+yeojohnson,0.4350188374519348,0.0143037141399045,0.3959193089340139,0.4950771608349235,0.8015267175572519,0.7832919768403639,0.0570370081726831
Titanic,42,knn+yeojohnson+zscore,0.4359177350997925,0.0143037141399046,0.3959193089340139,0.4950771608349235,0.7900763358778626,0.7690816146659616,0.0507281140516732
Titanic,42,knn+winsor+yeojohnson,0.435439795255661,0.0144831945156123,0.4011006150492025,0.4964300048306687,0.7824427480916031,0.758173427252854,0.0564724475372838
Titanic,42,knn+winsor+yeojohnson+zscore,0.4366465508937835,0.0144831945156121,0.4011006150492025,0.4964300048306687,0.7824427480916031,0.758173427252854,0.0601620719633029
Titanic,42,knn+quantile,0.4348540604114532,0.0118632415159434,0.3607086294340754,0.488835934608627,0.7900763358778626,0.7653820479004868,0.0536806228506656
Titanic,42,knn+quantile+zscore,0.4349261224269867,0.0118632415159435,0.3607086294340754,0.488835934608627,0.7900763358778626,0.7653820479004868,0.0419270364382795
Titanic,42,knn+winsor+quantile,0.4311241209506988,0.0148223815978162,0.4354918164222996,0.4963991945263634,0.7938931297709924,0.7702799246606482,0.0500338291393891
Titanic,42,knn+winsor+quantile+zscore,0.429718941450119,0.0148223815978162,0.4354918164222996,0.4963991945263634,0.7938931297709924,0.7702799246606482,0.0402178361670661
Titanic,1,mean,0.5015682578086853,0.0260579236471562,0.4568536430825533,0.4875462926682714,0.7748091603053435,0.7558556424228066,0.0405730646075183
Titanic,1,mean+zscore,0.4998518824577331,0.0260579236471562,0.4568536430825533,0.4875462926682714,0.7709923664122137,0.7511398176291793,0.0450104704794992
Titanic,1,mean+winsor,0.4911348819732666,0.0146273116755587,0.4110884236369699,0.4919743808598649,0.7900763358778626,0.7702304073985491,0.03782428584936
Titanic,1,mean+winsor+zscore,0.4911361634731293,0.0146273116755587,0.4110884236369699,0.4919743808598649,0.7786259541984732,0.758287204937329,0.0325388555763332
Titanic,1,mean+yeojohnson,0.4946616291999817,0.0099374197322394,0.3744313008793899,0.4953490952598793,0.7786259541984732,0.7594351570415401,0.0389443679165293
Titanic,1,mean+yeojohnson+zscore,0.4956505596637726,0.0099374197322394,0.3744313008793899,0.4953490952598793,0.7786259541984732,0.7605420737472424,0.0273785880048766
Titanic,1,mean+winsor+yeojohnson,0.4860757887363434,0.0094927731726865,0.3804998632438505,0.4991586889188508,0.7862595419847328,0.7654731457800512,0.0345646975604632
Titanic,1,mean+winsor+yeojohnson+zscore,0.4864767491817474,0.0094927731726865,0.3804998632438505,0.4991586889188508,0.7900763358778626,0.7702304073985491,0.0430199747322169
Titanic,1,mean+quantile,0.4991748631000519,0.0098738868610583,0.3749169253264249,0.4950026839942627,0.7862595419847328,0.7677304964539007,0.0423364832656074
Titanic,1,mean+quantile+zscore,0.5000322461128235,0.0098738868610583,0.3749169253264249,0.4950026839942627,0.7862595419847328,0.7687992436180271,0.0406516471891912
Titanic,1,mean+winsor+quantile,0.4885407388210296,0.0130272876646977,0.4450556701106447,0.4949138438957978,0.7824427480916031,0.763023849950015,0.0289894178623461
Titanic,1,mean+winsor+quantile+zscore,0.4874106645584106,0.0130272876646976,0.4450556701106447,0.4949138438957978,0.7900763358778626,0.7702304073985491,0.028100959444774
Titanic,1,median,0.4923961162567138,0.0279873141943091,0.5185407695541847,0.4823658265202746,0.7633587786259542,0.7376614987080103,0.0239570174963419
Titanic,1,median+zscore,0.4918713867664337,0.027987314194309,0.5185407695541847,0.4823658265202746,0.7633587786259542,0.7362473209066702,0.0193327747228491
Titanic,1,median+winsor,0.4879382848739624,0.0161048500200772,0.488871583457649,0.4827133913117769,0.7633587786259542,0.7362473209066702,0.0218609862655173
Titanic,1,median+winsor+zscore,0.4885465204715729,0.0161048500200774,0.488871583457649,0.4827133913117769,0.7633587786259542,0.7347831765935214,0.0281773682769018
Titanic,1,median+yeojohnson,0.4874175190925598,0.0126070822509707,0.476254670428468,0.4836017550859142,0.7633587786259542,0.7332676518883415,0.0345248557229078
Titanic,1,median+yeojohnson+zscore,0.4883142113685608,0.0126070822509707,0.4762546704284681,0.4836017550859142,0.767175572519084,0.7383217355710192,0.0223732809074052
Titanic,1,median+winsor+yeojohnson,0.483522891998291,0.0120167763625412,0.4746392930816573,0.4841575126945523,0.7633587786259542,0.7332676518883415,0.029601656298601
Titanic,1,median+winsor+yeojohnson+zscore,0.4852465093135834,0.0120167763625412,0.4746392930816573,0.4841575126945523,0.767175572519084,0.736804835070731,0.0220069910278757
Titanic,1,median+quantile,0.4898622930049896,0.0133080825046355,0.4407181845077523,0.4829430918051065,0.7748091603053435,0.7483189241114313,0.0369532981901678
Titanic,1,median+quantile+zscore,0.4905735552310943,0.0133080825046354,0.4407181845077524,0.4829430918051065,0.7748091603053435,0.7483189241114313,0.0286537038005945
Titanic,1,median+winsor+quantile,0.4989961683750152,0.0242596723082304,0.5420586829192912,0.4894092741843958,0.7557251908396947,0.7277391699681757,0.0343401668635943
Titanic,1,median+winsor+quantile+zscore,0.4972285032272339,0.0242596723082304,0.5420586829192913,0.4894092741843958,0.7595419847328244,0.7312558003223758,0.0386283686597838
Titanic,1,knn,0.4681323170661926,0.025944897472325,0.4371533770459049,0.4795009519565399,0.7862595419847328,0.7666221289050074,0.0255698188570619
Titanic,1,knn+zscore,0.4701331555843353,0.025944897472325,0.4371533770459049,0.4795009519565399,0.7900763358778626,0.7702304073985491,0.0203473722661724
Titanic,1,knn+winsor,0.4605180323123932,0.0184512763445623,0.4073644874550906,0.4859623713902361,0.7824427480916031,0.7606845824719966,0.042422127860193
Titanic,1,knn+winsor+zscore,0.4635123312473297,0.0184512763445624,0.4073644874550906,0.4859623713902361,0.7938931297709924,0.7715116279069767,0.0379356914804182
Titanic,1,knn+yeojohnson,0.4628418087959289,0.0136691718447556,0.3791466411528531,0.4894543733254804,0.7977099236641222,0.7763316850023356,0.0257244062332706
Titanic,1,knn+yeojohnson+zscore,0.4632278978824615,0.0136691718447556,0.3791466411528533,0.4894543733254804,0.7977099236641222,0.7763316850023356,0.0241646332140187
Titanic,1,knn+winsor+yeojohnson,0.4612425863742828,0.0139395517660262,0.3863803731807581,0.4920366898629559,0.7977099236641222,0.7763316850023356,0.0219037776229945
Titanic,1,knn+winsor+yeojohnson+zscore,0.4589735865592956,0.0139395517660263,0.3863803731807582,0.4920366898629559,0.7862595419847328,0.7654731457800512,0.0210440952814262
Titanic,1,knn+quantile,0.4639949202537536,0.0138497861072733,0.3777948252617817,0.4905119891154785,0.7938931297709924,0.773849104859335,0.0276517488119256
Titanic,1,knn+quantile+zscore,0.4652517735958099,0.0138497861072733,0.3777948252617817,0.4905119891154785,0.7900763358778626,0.7690816146659616,0.0243709524169222
Titanic,1,knn+winsor+quantile,0.4716683328151703,0.0164661096421404,0.42422409456832,0.4950588904733125,0.7900763358778626,0.7713388025833479,0.0278702125749515
Titanic,1,knn+winsor+quantile+zscore,0.4727408289909363,0.0164661096421404,0.42422409456832,0.4950588904733125,0.7977099236641222,0.778585665311329,0.0296554840703046
Titanic,2,mean,0.5088992118835449,0.0324367256777,0.4559768176931777,0.4744931797968053,0.7480916030534351,0.7249475090666158,0.0511874836364775
Titanic,2,mean+zscore,0.5090292096138,0.0324367256777,0.4559768176931776,0.4744931797968053,0.7595419847328244,0.7368093757474289,0.0506254935082588
Titanic,2,mean+winsor,0.5180586576461792,0.0198871234356294,0.4111006688718024,0.4733062388708008,0.7519083969465649,0.7297640394166839,0.0547175286835386
Titanic,2,mean+winsor+zscore,0.5209519863128662,0.0198871234356294,0.4111006688718023,0.4733062388708008,0.7557251908396947,0.7345491388044579,0.0605570175720535
Titanic,2,mean+yeojohnson,0.5176966190338135,0.0127586841520598,0.3738348948892593,0.4679189194841164,0.7519083969465649,0.7270964536961364,0.0518663703030302
Titanic,2,mean+yeojohnson+zscore,0.5172989368438721,0.0127586841520599,0.3738348948892593,0.4679189194841164,0.7442748091603053,0.7186994215021714,0.0440860126764719
Titanic,2,mean+winsor+yeojohnson,0.5232701897621155,0.0120767315247241,0.3815309010401773,0.4683605710563387,0.7557251908396947,0.7332824330342941,0.069538377396023
Titanic,2,mean+winsor+yeojohnson+zscore,0.5239782929420471,0.0120767315247241,0.3815309010401772,0.4683605710563387,0.7442748091603053,0.7214490867833511,0.0631309804570584
Titanic,2,mean+quantile,0.5142849087715149,0.0122482467527719,0.3683108004561948,0.466105576791595,0.7442748091603053,0.7200988599218687,0.0407477221416153
Titanic,2,mean+quantile+zscore,0.516615629196167,0.0122482467527719,0.3683108004561948,0.466105576791595,0.7404580152671756,0.7166125850989374,0.0535815321762143
Titanic,2,mean+winsor+quantile,0.5210204124450684,0.0177123241321097,0.4445668714083396,0.4712768519430175,0.7519083969465649,0.7310274026691936,0.0657100181543189
Titanic,2,mean+winsor+quantile+zscore,0.5185266137123108,0.0177123241321098,0.4445668714083396,0.4712768519430175,0.7557251908396947,0.7345491388044579,0.0662763177893543
Titanic,2,median,0.528020977973938,0.0357746952870868,0.5213149555544677,0.4734030792294417,0.7442748091603053,0.7200988599218687,0.0424729935995495
Titanic,2,median+zscore,0.5289860963821411,0.0357746952870868,0.5213149555544677,0.4734030792294417,0.7404580152671756,0.7166125850989374,0.0473282733036361
Titanic,2,median+winsor,0.5306711792945862,0.0229717808944606,0.4959962782686206,0.4731770253663319,0.7480916030534351,0.7249475090666158,0.0371305189514887
Titanic,2,median+winsor+zscore,0.5337795615196228,0.0229717808944606,0.4959962782686206,0.4731770253663319,0.7366412213740458,0.7144752428334518,0.0507871940845751
Titanic,2,median+yeojohnson,0.5294633507728577,0.0177532083548882,0.48149303488181,0.4693681945228656,0.7366412213740458,0.7131341341500183,0.0449805546352881
Titanic,2,median+yeojohnson+zscore,0.5314795970916748,0.0177532083548882,0.4814930348818101,0.4693681945228656,0.7519083969465649,0.7284541178346489,0.0350006377423992
Titanic,2,median+winsor+yeojohnson,0.531805694103241,0.0170065693795358,0.4814046174935419,0.4695996253050238,0.7480916030534351,0.7249475090666158,0.0405456148486101
Titanic,2,median+winsor+yeojohnson+zscore,0.5345032811164856,0.0170065693795357,0.4814046174935419,0.4695996253050238,0.7442748091603053,0.7214490867833511,0.0421637399051025
Titanic,2,median+quantile,0.5303951501846313,0.0185888156559438,0.4413591963623092,0.4697998178619837,0.7480916030534351,0.7235933503836317,0.0345610332398013
Titanic,2,median+quantile+zscore,0.5306264162063599,0.0185888156559439,0.4413591963623092,0.4697998178619837,0.7480916030534351,0.7221900906111431,0.0408463548612958
Titanic,2,median+winsor+quantile,0.5185844898223877,0.0294369599423955,0.5475516591603252,0.4855981548944141,0.7519083969465649,0.7256898023613549,0.0296707064595841
Titanic,2,median+winsor+quantile+zscore,0.5208070874214172,0.0294369599423954,0.5475516591603252,0.4855981548944141,0.7366412213740458,0.7072625698324022,0.0503353485624298
Titanic,2,knn,0.5199968218803406,0.0318065924350453,0.448765426227971,0.4745332927292221,0.7442748091603053,0.7227513227513227,0.0502174141752811
Titanic,2,knn+zscore,0.5172304511070251,0.0318065924350452,0.448765426227971,0.4745332927292221,0.7442748091603053,0.7227513227513227,0.0462133888979904
Titanic,2,knn+winsor,0.5241639614105225,0.024174394235218,0.4244108411174056,0.4777635931304333,0.7442748091603053,0.7214490867833511,0.047776918374855
Titanic,2,knn+winsor+zscore,0.5248177647590637,0.024174394235218,0.4244108411174056,0.4777635931304333,0.7480916030534351,0.7249475090666158,0.0462356498678221
Titanic,2,knn+yeojohnson,0.5298016667366028,0.0173817828883263,0.3840785288093484,0.4729352872722261,0.7480916030534351,0.7262537993920972,0.0569688054441495
Titanic,2,knn+yeojohnson+zscore,0.5265136957168579,0.0173817828883265,0.3840785288093484,0.4729352872722261,0.7442748091603053,0.7214490867833511,0.0510565456543259
Titanic,2,knn+winsor+yeojohnson,0.5278059244155884,0.0174378326110509,0.3926366864986466,0.4735491304907924,0.7480916030534351,0.7262537993920972,0.0606882701848299
Titanic,2,knn+winsor+yeojohnson+zscore,0.5270872712135315,0.0174378326110509,0.3926366864986467,0.4735491304907924,0.7404580152671756,0.7166125850989374,0.0508948678278741
Titanic,2,knn+quantile,0.5234419703483582,0.0166997880959817,0.3723273826253285,0.4704454202529227,0.7404580152671756,0.7166125850989374,0.0526731303174987
Titanic,2,knn+quantile+zscore,0.5189852118492126,0.0166997880959818,0.3723273826253285,0.4704454202529227,0.7442748091603053,0.7214490867833511,0.05568186881888
Titanic,2,knn+winsor+quantile,0.5282676815986633,0.0216076217911705,0.4501904027540551,0.4779163794945369,0.7366412213740458,0.7117436020090888,0.0574562397166972
Titanic,2,knn+winsor+quantile+zscore,0.5246628522872925,0.0216076217911705,0.4501904027540551,0.4779163794945369,0.7442748091603053,0.7214490867833511,0.0488752825114563
Titanic,3,mean,0.4384949207305908,0.0238764085835643,0.4506766052750336,0.4630287883594801,0.8244274809160306,0.8043125284146262,0.0454054336056454
Titanic,3,mean+zscore,0.4409625828266144,0.0238764085835643,0.4506766052750336,0.4630287883594801,0.8320610687022901,0.8117816091954023,0.0555677518589806
Titanic,3,mean+winsor,0.4439920783042907,0.0124972555388047,0.4115218508360035,0.4691212655622735,0.8282442748091603,0.8100929400963226,0.0519525611218605
Titanic,3,mean+winsor+zscore,0.4448358118534088,0.0124972555388045,0.4115218508360035,0.4691212655622735,0.8206106870229007,0.8005991417698972,0.041107588824425
Titanic,3,mean+yeojohnson,0.4408827424049377,0.0079801860499005,0.3752468764224094,0.4672208316653721,0.8206106870229007,0.8016526263228259,0.0489815969503562
Titanic,3,mean+yeojohnson+zscore,0.442526251077652,0.0079801860499005,0.3752468764224094,0.4672208316653721,0.8282442748091603,0.8090842846733057,0.042861559008824
Titanic,3,mean+winsor+yeojohnson,0.4479729235172272,0.0074022923904395,0.3814285444359017,0.4637510816165704,0.816793893129771,0.7979564295353769,0.0515006293777291
Titanic,3,mean+winsor+yeojohnson+zscore,0.4468168914318084,0.0074022923904395,0.3814285444359017,0.4637510816165704,0.8244274809160306,0.8053617571059432,0.059063455075708
Titanic,3,mean+quantile,0.4517070949077606,0.007363603999642,0.3741794348327413,0.4699680093782398,0.8320610687022901,0.8117816091954023,0.0705245262338915
Titanic,3,mean+quantile+zscore,0.4493115842342376,0.007363603999642,0.3741794348327413,0.4699680093782398,0.8244274809160306,0.8043125284146262,0.0499896373002583
Titanic,3,mean+winsor+quantile,0.446851372718811,0.0110671264971508,0.4462183191676181,0.472605025369011,0.8206106870229007,0.8016526263228259,0.0609431200810061
Titanic,3,mean+winsor+quantile+zscore,0.4478632509708404,0.0110671264971508,0.4462183191676181,0.472605025369011,0.8244274809160306,0.8053617571059432,0.0656914513074714
Titanic,3,median,0.4405177533626556,0.0268868398398753,0.5158808211458166,0.4666012022121203,0.8053435114503816,0.77728144012001,0.0186782351886952
Titanic,3,median+zscore,0.4425002932548523,0.0268868398398752,0.5158808211458166,0.4666012022121203,0.8053435114503816,0.77728144012001,0.0214744107868835
Titanic,3,median+winsor,0.4396193325519562,0.0145458610323927,0.4920440115607944,0.4718235673971313,0.816793893129771,0.7910269192422732,0.0243161409410811
Titanic,3,median+winsor+zscore,0.4397839307785034,0.0145458610323927,0.4920440115607944,0.4718235673971313,0.8091603053435115,0.7848932676518883,0.0309812617665938
Titanic,3,median+yeojohnson,0.4443756639957428,0.011427602794541,0.48025818048891,0.4762707817921223,0.8053435114503816,0.7786392326425128,0.027414700457158
Titanic,3,median+yeojohnson+zscore,0.4438289105892181,0.011427602794541,0.48025818048891,0.4762707817921223,0.8053435114503816,0.7786392326425128,0.0217022242891879
Titanic,3,median+winsor+yeojohnson,0.4429158568382263,0.0109104566555304,0.4781202530152085,0.4708911277710017,0.8129770992366412,0.7860155012917742,0.0227070143659606
Titanic,3,median+winsor+yeojohnson+zscore,0.4437471032142639,0.0109104566555305,0.4781202530152085,0.4708911277710017,0.8129770992366412,0.7873200470486887,0.0243947997347999
Titanic,3,median+quantile,0.4475389122962951,0.0114572949328851,0.4432119384269389,0.4766861441373014,0.7977099236641222,0.7670876733927103,0.0301637326488057
Titanic,3,median+quantile+zscore,0.4477006196975708,0.0114572949328851,0.443211938426939,0.4766861441373014,0.8053435114503816,0.77728144012001,0.0105618613821859
Titanic,3,median+winsor+quantile,0.4488968551158905,0.0233925604277176,0.5443223406610932,0.5032793810671276,0.8053435114503816,0.7786392326425128,0.0096977644294272
Titanic,3,median+winsor+quantile+zscore,0.4490571022033691,0.0233925604277176,0.5443223406610933,0.5032793810671276,0.8053435114503816,0.7786392326425128,0.0118357671126154
Titanic,3,knn,0.4514389336109161,0.0230933368040436,0.4424597609161942,0.4629683584872676,0.8244274809160306,0.8073529411764706,0.0495831158779959
Titanic,3,knn+zscore,0.4530422389507293,0.0230933368040436,0.4424597609161942,0.4629683584872676,0.8244274809160306,0.8082967487433989,0.0604485159611883
Titanic,3,knn+winsor,0.4495837092399597,0.0146778435129517,0.4232093011615285,0.4657957248544567,0.8129770992366412,0.795296181136889,0.0484147463136046
Titanic,3,knn+winsor+zscore,0.4494220018386841,0.0146778435129517,0.4232093011615285,0.4657957248544567,0.8091603053435115,0.7906010230179028,0.0465599949123295
Titanic,3,knn+yeojohnson,0.4607355892658233,0.0113774852126206,0.3856322871417176,0.4659003422101987,0.8129770992366412,0.795296181136889,0.0551413281728293
Titanic,3,knn+yeojohnson+zscore,0.4592550694942474,0.0113774852126206,0.3856322871417174,0.4659003422101987,0.8129770992366412,0.795296181136889,0.0544325063246807
Titanic,3,knn+winsor+yeojohnson,0.4528574347496032,0.0113435461677484,0.3940597358479359,0.4639681677461808,0.816793893129771,0.7999618247757205,0.0570550165103592
Titanic,3,knn+winsor+yeojohnson+zscore,0.4526146948337555,0.0113435461677484,0.3940597358479359,0.4639681677461808,0.8206106870229007,0.8036514390496692,0.056357015635221
Titanic,3,knn+quantile,0.4612577557563782,0.0112186794397735,0.3772099857113612,0.4685332650446009,0.8091603053435115,0.7895379474326842,0.0791353298962571
Titanic,3,knn+quantile+zscore,0.4638924598693847,0.0112186794397735,0.3772099857113612,0.4685332650446009,0.8129770992366412,0.7932123125493291,0.0770771235000086
Titanic,3,knn+winsor+quantile,0.4702717065811157,0.0225746415660543,0.4734845827979043,0.4968168639233141,0.8053435114503816,0.7889599620942904,0.05426452928827
Titanic,3,knn+winsor+quantile+zscore,0.4695809185504913,0.0225746415660543,0.4734845827979043,0.4968168639233141,0.8129770992366412,0.7962836604833463,0.0624785564327968
Titanic,4,mean,0.4481273889541626,0.0290589889119441,0.4532060143349383,0.468060784562817,0.8053435114503816,0.789915570020282,0.0472191164966758
Titanic,4,mean+zscore,0.4450046718120575,0.029058988911944,0.4532060143349383,0.468060784562817,0.816793893129771,0.801827923101166,0.0508990098956887
Titanic,4,mean+winsor,0.4499619007110595,0.0178797057470141,0.4070735524481778,0.4706375753391943,0.8091603053435115,0.7916269008080423,0.0525361588438048
Titanic,4,mean+winsor+zscore,0.4472853243350982,0.0178797057470141,0.4070735524481778,0.4706375753391943,0.8091603053435115,0.7916269008080423,0.0303752952404604
Titanic,4,mean+yeojohnson,0.4526338577270508,0.012004424730261,0.369438153086099,0.4679292640065764,0.8053435114503816,0.7889599620942904,0.0293571860280655
Titanic,4,mean+yeojohnson+zscore,0.4517167210578918,0.0120044247302609,0.369438153086099,0.4679292640065764,0.8053435114503816,0.7889599620942904,0.0507402818166572
Titanic,4,mean+winsor+yeojohnson,0.4504860937595367,0.0115339926654653,0.377295440601889,0.470887816035394,0.8091603053435115,0.7906010230179028,0.0315467724363312
Titanic,4,mean+winsor+yeojohnson+zscore,0.4487412869930267,0.0115339926654652,0.3772954406018891,0.470887816035394,0.8129770992366412,0.7942727112478567,0.0451301058740106
Titanic,4,mean+quantile,0.4514900147914886,0.0106455281959001,0.3675045567106432,0.4657989063532708,0.8053435114503816,0.7889599620942904,0.0487602528269964
Titanic,4,mean+quantile+zscore,0.4510820209980011,0.0106455281959001,0.3675045567106433,0.4657989063532708,0.8091603053435115,0.7935707532303813,0.029478627534313
Titanic,4,mean+winsor+quantile,0.4484522640705108,0.0152470938432561,0.4413220863136357,0.47098458197301,0.7977099236641222,0.7806838821764195,0.0313657588176144
Titanic,4,mean+winsor+quantile+zscore,0.4502078294754028,0.0152470938432561,0.4413220863136357,0.47098458197301,0.7977099236641222,0.7806838821764195,0.0555473445481016
Titanic,4,median,0.4654243588447571,0.0323519887511321,0.516707507180675,0.4720924691653228,0.816793893129771,0.8009118541033434,0.0557560857015711
Titanic,4,median+zscore,0.4664159119129181,0.0323519887511321,0.516707507180675,0.4720924691653228,0.8206106870229007,0.8036514390496692,0.0558566248598899
Titanic,4,median+winsor,0.467758297920227,0.0202246369520398,0.4886663878997378,0.4801132881493523,0.8091603053435115,0.7926165146909827,0.067153166951114
Titanic,4,median+winsor+zscore,0.4667200446128845,0.0202246369520398,0.4886663878997377,0.4801132881493523,0.816793893129771,0.7999618247757205,0.0869744486026181
Titanic,4,median+yeojohnson,0.4699896574020386,0.0156661022417091,0.4746178271209886,0.4786974467560358,0.8091603053435115,0.7906010230179028,0.0673067148860174
Titanic,4,median+yeojohnson+zscore,0.4703696668148041,0.0156661022417091,0.4746178271209886,0.4786974467560358,0.8129770992366412,0.795296181136889,0.0713390546445628
Titanic,4,median+winsor+yeojohnson,0.4667030572891235,0.0150814585119675,0.4740444087316145,0.4829080022918699,0.8206106870229007,0.8036514390496692,0.0808611832957231
Titanic,4,median+winsor+yeojohnson+zscore,0.4687304496765136,0.0150814585119675,0.4740444087316145,0.4829080022918699,0.8206106870229007,0.8026697434418217,0.0814425726883284
Titanic,4,median+quantile,0.472656786441803,0.0156195399488172,0.4369307651253585,0.4761248793728213,0.8091603053435115,0.7895379474326842,0.0553689341963702
Titanic,4,median+quantile+zscore,0.4738328456878662,0.0156195399488171,0.4369307651253585,0.4761248793728213,0.8129770992366412,0.795296181136889,0.0665648493147988
Titanic,4,median+winsor+quantile,0.4692771434783935,0.0272679308338522,0.5444736329882776,0.4773470772593683,0.8091603053435115,0.7906010230179028,0.0503474419353572
Titanic,4,median+winsor+quantile+zscore,0.4680361747741699,0.0272679308338522,0.5444736329882776,0.4773470772593683,0.8091603053435115,0.7895379474326842,0.0538893633216392
Titanic,4,knn,0.4520175755023956,0.0263849075837139,0.4336315204133009,0.4682855360579912,0.8053435114503816,0.7889599620942904,0.0263325685763177
Titanic,4,knn+zscore,0.4502906501293182,0.0263849075837139,0.4336315204133009,0.4682855360579912,0.7977099236641222,0.7816769649230382,0.028777643924451
Titanic,4,knn+winsor,0.4563223719596863,0.0192381010747939,0.411210710484879,0.4736346402483935,0.7977099236641222,0.7816769649230382,0.0279184611699053
Titanic,4,knn+winsor+zscore,0.4551535248756408,0.0192381010747939,0.411210710484879,0.4736346402483935,0.7977099236641222,0.7816769649230382,0.0410010541668375
Titanic,4,knn+yeojohnson,0.4544184803962707,0.01514718701072,0.3750207928462625,0.4740177782897944,0.8015267175572519,0.7843211752786221,0.0438436886281457
Titanic,4,knn+yeojohnson+zscore,0.4555477797985077,0.01514718701072,0.3750207928462625,0.4740177782897944,0.8015267175572519,0.7843211752786221,0.0509984591080032
Titanic,4,knn+winsor+yeojohnson,0.4555301368236542,0.0152207100859964,0.3836094799944871,0.476722312755399,0.8015267175572519,0.7843211752786221,0.0349063279519554
Titanic,4,knn+winsor+yeojohnson+zscore,0.4565227627754211,0.0152207100859964,0.3836094799944871,0.476722312755399,0.8015267175572519,0.7843211752786221,0.0510976703567359
Titanic,4,knn+quantile,0.4516028463840484,0.0143996043791716,0.3690987770332549,0.4728446238586512,0.7900763358778626,0.7734383598257943,0.0421546922840234
Titanic,4,knn+quantile+zscore,0.4509789645671844,0.0143996043791716,0.3690987770332549,0.4728446238586512,0.7938931297709924,0.7780496987951807,0.0309370792549074
Titanic,4,knn+winsor+quantile,0.4571476578712463,0.0184332440290728,0.4338863272055476,0.4701538944931641,0.7938931297709924,0.7770564134888118,0.0255965804325715
Titanic,4,knn+winsor+quantile+zscore,0.4564670324325561,0.0184332440290728,0.4338863272055476,0.4701538944931641,0.7938931297709924,0.7780496987951807,0.018871396780014
Titanic,5,mean,0.4658624827861786,0.0305270292611001,0.4595092168021412,0.5022890976994004,0.7824427480916031,0.7651997547285505,0.0252735655726367
Titanic,5,mean+zscore,0.4647253453731537,0.0305270292611,0.4595092168021412,0.5022890976994004,0.7748091603053435,0.7558556424228066,0.012999674973597
Titanic,5,mean+winsor,0.4671819806098938,0.0174124155314433,0.4150226741890516,0.5016391602837614,0.7862595419847328,0.7687992436180271,0.0161767752115963
Titanic,5,mean+winsor+zscore,0.4676524996757507,0.0174124155314433,0.4150226741890516,0.5016391602837614,0.7824427480916031,0.7651997547285505,0.0352332196162857
Titanic,5,mean+yeojohnson,0.4708933234214782,0.011135777622081,0.3764853906855014,0.4958477719424252,0.7786259541984732,0.7605420737472424,0.0177141976265506
Titanic,5,mean+yeojohnson+zscore,0.4697419703006744,0.0111357776220808,0.3764853906855015,0.4958477719424252,0.7824427480916031,0.7651997547285505,0.0211691574285958
Titanic,5,mean+winsor+yeojohnson,0.4681057035923004,0.0107552941578383,0.3816341757315825,0.4978101055267807,0.7862595419847328,0.7677304964539007,0.0407881395507405
Titanic,5,mean+winsor+yeojohnson+zscore,0.4698677361011505,0.0107552941578383,0.3816341757315826,0.4978101055267807,0.7977099236641222,0.7796537552166807,0.0368435851490224
Titanic,5,mean+quantile,0.4719218909740448,0.0107700018171881,0.3796468334539359,0.4996860735117488,0.7862595419847328,0.7677304964539007,0.0193341510896464
Titanic,5,mean+quantile+zscore,0.4715699553489685,0.0107700018171881,0.3796468334539361,0.4996860735117488,0.7938931297709924,0.7760258358662614,0.0289815584666856
Titanic,5,mean+winsor+quantile,0.4646462202072143,0.0141478615805449,0.4478224672016936,0.4987094277968333,0.7938931297709924,0.7760258358662614,0.0345025424283879
Titanic,5,mean+winsor+quantile+zscore,0.4643586874008178,0.014147861580545,0.4478224672016936,0.4987094277968333,0.7862595419847328,0.7677304964539007,0.0296175206890542
Titanic,5,median,0.4891124367713928,0.0337014281534051,0.524626226388095,0.5047784437715296,0.767175572519084,0.7498238968113582,0.0275789210359559
Titanic,5,median+zscore,0.4911997616291046,0.0337014281534051,0.524626226388095,0.5047784437715296,0.7633587786259542,0.7451681726907631,0.0207348381744996
Titanic,5,median+winsor,0.4914074242115021,0.0197921290556777,0.4993799863777896,0.5032539476818706,0.7709923664122137,0.7533885542168675,0.0242010006922801
Titanic,5,median+winsor+zscore,0.4901197552680969,0.0197921290556777,0.4993799863777896,0.5032539476818706,0.767175572519084,0.7487225445340628,0.007664353110408
Titanic,5,median+yeojohnson,0.4934227764606476,0.0151043989522939,0.4899672596367153,0.5023284106057998,0.7633587786259542,0.7440277340056729,0.0196486979950475
Titanic,5,median+yeojohnson+zscore,0.4952141046524048,0.0151043989522939,0.4899672596367153,0.5023284106057998,0.7519083969465649,0.7284541178346489,0.030470818053675
Titanic,5,median+winsor+yeojohnson,0.4932874143123626,0.0148909368064844,0.487263406340173,0.5040702905091685,0.7748091603053435,0.7547088973166822,0.0358150387538298
Titanic,5,median+winsor+yeojohnson+zscore,0.4925016462802887,0.0148909368064844,0.4872634063401729,0.5040702905091685,0.7748091603053435,0.7558556424228066,0.0239268357062158
Titanic,5,median+quantile,0.4980517625808716,0.0157875777020676,0.4540809632402162,0.5049477516031592,0.7480916030534351,0.7249475090666158,0.0289144857239177
Titanic,5,median+quantile+zscore,0.5007657408714294,0.0157875777020675,0.4540809632402162,0.5049477516031592,0.7519083969465649,0.7297640394166839,0.0460335787471014
Titanic,5,median+winsor+quantile,0.4886290431022644,0.0256789953869428,0.5488871429664893,0.5020009580962745,0.7633587786259542,0.7416173570019724,0.0292743767490823
Titanic,5,median+winsor+quantile+zscore,0.4891749918460846,0.0256789953869428,0.5488871429664893,0.5020009580962745,0.767175572519084,0.7475795625049356,0.0300232770333763
Titanic,5,knn,0.447461873292923,0.0319632309041769,0.459016807461217,0.5005249659095891,0.7900763358778626,0.7690816146659616,0.0277494521996447
Titanic,5,knn+zscore,0.4452311396598816,0.031963230904177,0.459016807461217,0.5005249659095891,0.7900763358778626,0.7678913712288389,0.029714613697911
Titanic,5,knn+winsor,0.4465679228305816,0.022411838953527,0.4360726428579354,0.4974434331371372,0.8015267175572519,0.7811194653299917,0.0234387148427599
Titanic,5,knn+winsor+zscore,0.445603996515274,0.022411838953527,0.4360726428579354,0.4974434331371372,0.8015267175572519,0.7799741602067183,0.0246933773728727
Titanic,5,knn+yeojohnson,0.4487709403038025,0.0167071660717724,0.4006538001378862,0.4962428545583213,0.7977099236641222,0.7774786468599266,0.0201803857588586
Titanic,5,knn+yeojohnson+zscore,0.4489639401435852,0.0167071660717723,0.4006538001378863,0.4962428545583213,0.7900763358778626,0.7702304073985491,0.0409963076351253
Titanic,5,knn+winsor+yeojohnson,0.4451178014278412,0.0168910151119416,0.4071571899130832,0.4966800780795624,0.7977099236641222,0.778585665311329,0.0331208619452614
Titanic,5,knn+winsor+yeojohnson+zscore,0.4466572403907776,0.0168910151119418,0.4071571899130832,0.4966800780795624,0.7977099236641222,0.7774786468599266,0.0260643590497606
Titanic,5,knn+quantile,0.4516843855381012,0.0162110863514658,0.3875419589064062,0.4995194262317592,0.7938931297709924,0.773849104859335,0.026270100406108
Titanic,5,knn+quantile+zscore,0.4505559802055359,0.0162110863514657,0.3875419589064062,0.4995194262317592,0.7977099236641222,0.7774786468599266,0.0310332092620034
Titanic,5,knn+winsor+quantile,0.4466956555843353,0.0192312497365044,0.4574634772406726,0.4995509807463134,0.7938931297709924,0.7749570528726857,0.0304222739379824
Titanic,5,knn+winsor+quantile+zscore,0.4477400481700897,0.0192312497365045,0.4574634772406726,0.4995509807463134,0.7938931297709924,0.7749570528726857,0.0415948754503526
Titanic,6,mean,0.4127100110054016,0.0261273665908422,0.45279805763895,0.4841014178470399,0.8282442748091603,0.8069586573884568,0.0419039510133612
Titanic,6,mean+zscore,0.4154780209064483,0.0261273665908422,0.45279805763895,0.4841014178470399,0.8244274809160306,0.8021018062397373,0.0506434069790003
Titanic,6,mean+winsor,0.4185238778591156,0.0144491694253576,0.4082935908084219,0.4750431325655018,0.816793893129771,0.7946708463949843,0.053863255577233
Titanic,6,mean+winsor+zscore,0.4220078885555267,0.0144491694253576,0.4082935908084218,0.4750431325655018,0.8206106870229007,0.7983790421612771,0.0590481203020984
Titanic,6,mean+yeojohnson,0.4164083003997803,0.0089413299421807,0.3685282443287465,0.4769377430172055,0.8206106870229007,0.7995082954785978,0.049080568415518
Titanic,6,mean+yeojohnson+zscore,0.4168414175510406,0.0089413299421807,0.3685282443287465,0.4769377430172055,0.8244274809160306,0.8032262277951934,0.0440978430609666
Titanic,6,mean+winsor+yeojohnson,0.419737845659256,0.0085058304607165,0.3758481564768897,0.4731860117050877,0.8129770992366412,0.7897994269340973,0.0512831013166267
Titanic,6,mean+winsor+yeojohnson+zscore,0.4193216860294342,0.0085058304607165,0.3758481564768897,0.4731860117050877,0.8091603053435115,0.7848932676518883,0.0677203081036341
Titanic,6,mean+quantile,0.4190851747989654,0.0084355237524736,0.3697348516125582,0.4741257631969128,0.8206106870229007,0.7983790421612771,0.0443157537747885
Titanic,6,mean+quantile+zscore,0.4208089709281921,0.0084355237524735,0.3697348516125582,0.4741257631969128,0.816793893129771,0.7934975369458128,0.0596941252246158
Titanic,6,mean+winsor+quantile,0.4145199656486511,0.0119049492053934,0.439895621883732,0.4797942080051273,0.8244274809160306,0.8021018062397373,0.047406232539024
Titanic,6,mean+winsor+quantile+zscore,0.415160059928894,0.0119049492053935,0.439895621883732,0.4797942080051273,0.8244274809160306,0.8021018062397373,0.0407008756208056
Titanic,6,median,0.4487330019474029,0.0287803615276169,0.5182450848560268,0.4824148885809347,0.8015267175572519,0.7811194653299917,0.0419275128204403
Titanic,6,median+zscore,0.4503633081912994,0.028780361527617,0.518245084856027,0.4824148885809347,0.7786259541984732,0.7518939393939394,0.0450802265687753
Titanic,6,median+winsor,0.4468861222267151,0.0165917166487928,0.4918077765296835,0.4767965849382414,0.8053435114503816,0.7858756790538917,0.0487696947032258
Titanic,6,median+winsor+zscore,0.4527685642242431,0.0165917166487927,0.4918077765296835,0.4767965849382414,0.7862595419847328,0.7642825011246064,0.0483612527374093
Titanic,6,median+yeojohnson,0.4540717303752899,0.0126922690898501,0.4803760830038809,0.4762743167908046,0.8015267175572519,0.7811194653299917,0.0490952618704497
Titanic,6,median+yeojohnson+zscore,0.454061210155487,0.0126922690898501,0.4803760830038809,0.4762743167908046,0.7900763358778626,0.7678913712288389,0.0437157113133496
Titanic,6,median+winsor+yeojohnson,0.4504443407058716,0.0122492171228092,0.4788648358652778,0.4731889513355709,0.8015267175572519,0.7822250639386189,0.0333593954111783
Titanic,6,median+winsor+yeojohnson+zscore,0.4505576491355896,0.0122492171228093,0.4788648358652779,0.4731889513355709,0.8015267175572519,0.7822250639386189,0.0298600060339192
Titanic,6,median+quantile,0.4508485198020935,0.0131331908333632,0.4422107914854824,0.4766481708093502,0.7938931297709924,0.7749570528726857,0.0432163258545271
Titanic,6,median+quantile+zscore,0.4505105018615722,0.0131331908333632,0.4422107914854825,0.4766481708093502,0.7938931297709924,0.7749570528726857,0.0375541819415929
Titanic,6,median+winsor+quantile,0.4521635770797729,0.0234754593937804,0.5462608091179024,0.483791435673108,0.8015267175572519,0.7811194653299917,0.0334365458888862
Titanic,6,median+winsor+quantile+zscore,0.4539064764976501,0.0234754593937804,0.5462608091179025,0.483791435673108,0.7900763358778626,0.7666585701562627,0.0359002331285986
Titanic,6,knn,0.4067575335502624,0.0268079547658075,0.4488541817065755,0.4799262309032859,0.8244274809160306,0.8009381606765327,0.045625701205421
Titanic,6,knn+zscore,0.4070243537425995,0.0268079547658074,0.4488541817065755,0.4799262309032859,0.8244274809160306,0.7997341309405117,0.0416197970168281
Titanic,6,knn+winsor,0.4103718400001526,0.0189717544702571,0.4257753017283236,0.4772868892554869,0.8206106870229007,0.7947495624635386,0.0438211296350901
Titanic,6,knn+winsor+zscore,0.4102902114391327,0.0189717544702572,0.4257753017283236,0.4772868892554869,0.8206106870229007,0.7934551065935356,0.0420272607384747
Titanic,6,knn+yeojohnson,0.4093987345695495,0.01428768513683,0.3855589168023056,0.4749195006378998,0.8282442748091603,0.8046816758610407,0.0427782235254768
Titanic,6,knn+yeojohnson+zscore,0.4094246327877044,0.0142876851368302,0.3855589168023056,0.4749195006378998,0.8206106870229007,0.7947495624635386,0.0405176718726413
Titanic,6,knn+winsor+yeojohnson,0.4113359153270721,0.0142989638970931,0.3957550411254084,0.4738740898959839,0.8206106870229007,0.7947495624635386,0.0452872997021856
Titanic,6,knn+winsor+yeojohnson+zscore,0.4101403355598449,0.0142989638970931,0.3957550411254084,0.4738740898959839,0.8206106870229007,0.7947495624635386,0.0384798832522093
Titanic,6,knn+quantile,0.4122928977012634,0.0132576664806738,0.3761586369539354,0.4716511896982249,0.816793893129771,0.7883825806017366,0.0504040683953816
Titanic,6,knn+quantile+zscore,0.4117251336574554,0.0132576664806738,0.3761586369539354,0.4716511896982249,0.8206106870229007,0.7934551065935356,0.0542226947900902
Titanic,6,knn+winsor+quantile,0.4098659753799438,0.0169083673395079,0.4464942093952819,0.4872107654775452,0.8244274809160306,0.7984884965222043,0.0471266005330413
Titanic,6,knn+winsor+quantile+zscore,0.4103344678878784,0.0169083673395079,0.4464942093952819,0.4872107654775452,0.8206106870229007,0.7934551065935356,0.0482591119886354
Titanic,7,mean,0.5070265531539917,0.0312462084162592,0.4552397789147596,0.4644768540565747,0.7633587786259542,0.7347831765935214,0.0496071647596723
Titanic,7,mean+zscore,0.5116466283798218,0.0312462084162592,0.4552397789147596,0.4644768540565747,0.7557251908396947,0.7262277951933125,0.0567958648423202
Titanic,7,mean+winsor,0.5148404240608215,0.0163328871166638,0.4073829098899187,0.4672438277620638,0.7709923664122137,0.7403541226215645,0.0451923990977629
Titanic,7,mean+winsor+zscore,0.5139676928520203,0.0163328871166636,0.4073829098899187,0.4672438277620638,0.7786259541984732,0.7490089852008457,0.0497349703129921
Titanic,7,mean+yeojohnson,0.5140710473060608,0.0099258189868559,0.3694968723336855,0.4677148198233498,0.767175572519084,0.7383217355710192,0.041294104042854
Titanic,7,mean+yeojohnson+zscore,0.509389340877533,0.0099258189868559,0.3694968723336855,0.4677148198233498,0.7709923664122137,0.741871921182266,0.037338369675265
Titanic,7,mean+winsor+yeojohnson,0.516893208026886,0.0091690074530192,0.3766438562649629,0.4727463695005374,0.767175572519084,0.736804835070731,0.0372045349528771
Titanic,7,mean+winsor+yeojohnson+zscore,0.5146325826644897,0.0091690074530192,0.3766438562649629,0.4727463695005374,0.7709923664122137,0.7403541226215645,0.0412447896167522
Titanic,7,mean+quantile,0.512549638748169,0.0096586618972257,0.3775603836504806,0.4660457422875817,0.7595419847328244,0.7312558003223758,0.0466491520859812
Titanic,7,mean+quantile+zscore,0.5124409794807434,0.0096586618972256,0.3775603836504806,0.4660457422875817,0.7595419847328244,0.7297421203438396,0.0506219415719272
Titanic,7,mean+winsor+quantile,0.5119817852973938,0.0140117730143807,0.4436692014150686,0.4601648440585565,0.767175572519084,0.7383217355710192,0.0456364762237053
Titanic,7,mean+winsor+quantile+zscore,0.5137138366699219,0.0140117730143807,0.4436692014150686,0.4601648440585565,0.767175572519084,0.7383217355710192,0.0381007799665436
Titanic,7,median,0.5115090012550354,0.0352547776534752,0.5210677242756488,0.4600065877491235,0.767175572519084,0.7397873622169036,0.034712808732768
Titanic,7,median+zscore,0.5091874003410339,0.0352547776534751,0.5210677242756488,0.4600065877491235,0.7709923664122137,0.7447554718451646,0.0278981225636169
Titanic,7,median+winsor,0.5155562162399292,0.019442750659419,0.4942375480240193,0.4621486481085934,0.7633587786259542,0.7332676518883415,0.03171998831152
Titanic,7,median+winsor+zscore,0.5172690153121948,0.019442750659419,0.4942375480240193,0.4621486481085934,0.767175572519084,0.7383217355710192,0.0308977556592635
Titanic,7,median+yeojohnson,0.5147602558135986,0.0144115225969739,0.4807315275141476,0.4570471612732634,0.767175572519084,0.736804835070731,0.024126588160755
Titanic,7,median+yeojohnson+zscore,0.5143531560897827,0.0144115225969738,0.4807315275141476,0.4570471612732634,0.7633587786259542,0.7347831765935214,0.0292889255148763
Titanic,7,median+winsor+yeojohnson,0.5193917155265808,0.0136882603549621,0.4803230347424704,0.4618093812613664,0.767175572519084,0.7383217355710192,0.0287218218996324
Titanic,7,median+winsor+yeojohnson+zscore,0.5159170627593994,0.0136882603549621,0.4803230347424704,0.4618093812613664,0.7748091603053435,0.7454341847405431,0.0389673880493368
Titanic,7,median+quantile,0.5123454332351685,0.0147508399824303,0.4510043685389041,0.4534900037307259,0.767175572519084,0.7383217355710192,0.0295646013194368
Titanic,7,median+quantile+zscore,0.5157795548439026,0.0147508399824303,0.4510043685389041,0.4534900037307259,0.7709923664122137,0.7447554718451646,0.0283130662131855
Titanic,7,median+winsor+quantile,0.515816867351532,0.0276628565456676,0.5446384452119384,0.4651095071891826,0.767175572519084,0.736804835070731,0.0250432532252246
Titanic,7,median+winsor+quantile+zscore,0.5161924958229065,0.0276628565456676,0.5446384452119384,0.4651095071891826,0.7709923664122137,0.741871921182266,0.0291948650629465
Titanic,7,knn,0.5099830031394958,0.0337440850830786,0.449735083298528,0.4684274755577167,0.767175572519084,0.736804835070731,0.0423263989332067
Titanic,7,knn+zscore,0.5090300440788269,0.0337440850830785,0.449735083298528,0.4684274755577167,0.7709923664122137,0.7403541226215645,0.0407804332616675
Titanic,7,knn+winsor,0.5164062976837158,0.0221017511441788,0.4225310105460384,0.4702941223093171,0.7633587786259542,0.7332676518883415,0.0442930999147982
Titanic,7,knn+winsor+zscore,0.5139999985694885,0.022101751144179,0.4225310105460384,0.4702941223093171,0.7709923664122137,0.7403541226215645,0.040369406911253
Titanic,7,knn+yeojohnson,0.5150132775306702,0.0159986208600253,0.3844247939252715,0.4674710351510594,0.7595419847328244,0.7297421203438396,0.0478843345896888
Titanic,7,knn+yeojohnson+zscore,0.5137583017349243,0.0159986208600253,0.3844247939252715,0.4674710351510594,0.7633587786259542,0.7332676518883415,0.0442916496109416
Titanic,7,knn+winsor+yeojohnson,0.5170987844467163,0.0159456100347655,0.3932685341893217,0.4687777567166277,0.7709923664122137,0.741871921182266,0.0407783084243308
Titanic,7,knn+winsor+yeojohnson+zscore,0.5163862705230713,0.0159456100347658,0.3932685341893217,0.4687777567166277,0.7633587786259542,0.7347831765935214,0.0498445725622977
Titanic,7,knn+quantile,0.5140376687049866,0.0152146457117744,0.3856115235457816,0.4601673743734029,0.767175572519084,0.736804835070731,0.046868976518398
Titanic,7,knn+quantile+zscore,0.5144279599189758,0.0152146457117743,0.3856115235457816,0.4601673743734029,0.7633587786259542,0.7332676518883415,0.0435718384407858
Titanic,7,knn+winsor+quantile,0.5147958993911743,0.0200659631238721,0.4505985368907505,0.4575184696239052,0.7709923664122137,0.7403541226215645,0.0451948795154804
Titanic,7,knn+winsor+quantile+zscore,0.5155625939369202,0.0200659631238721,0.4505985368907505,0.4575184696239052,0.7709923664122137,0.7403541226215645,0.039126718544778
hepatitis,42,mean,0.4571974575519562,0.0144955424476268,0.4965126817728191,0.4439819632327437,0.8387096774193549,0.7237076648841354,0.0887601625534795
hepatitis,42,mean+zscore,0.4538262486457824,0.0144955424403162,0.4965126826519573,0.4439819632327437,0.8387096774193549,0.7237076648841354,0.0892110524639006
hepatitis,42,mean+winsor,0.4379214644432068,0.0154948878512388,0.4406518237971152,0.4533472077696843,0.8387096774193549,0.7237076648841354,0.0544929619758359
hepatitis,42,mean+winsor+zscore,0.4415842592716217,0.0154948878512388,0.4406518237971152,0.4533472077696843,0.8387096774193549,0.7237076648841354,0.0808342291462805
hepatitis,42,mean+yeojohnson,0.4528265595436096,0.0115495623908303,0.4006055491669995,0.4349635796045786,0.8064516129032258,0.69,0.0610505169437777
hepatitis,42,mean+yeojohnson+zscore,0.4574691355228424,0.0115495623168648,0.4006055500305219,0.4349635796045786,0.8064516129032258,0.69,0.0599240256894019
hepatitis,42,mean+winsor+yeojohnson,0.448391705751419,0.0138297547001269,0.4285264195602059,0.4432882414151924,0.8387096774193549,0.7237076648841354,0.0779347035192674
hepatitis,42,mean+winsor+yeojohnson+zscore,0.4493624269962311,0.013829754700127,0.428526419560206,0.4432882414151924,0.8387096774193549,0.7237076648841354,0.1048993852830702
hepatitis,42,mean+quantile,0.4640552103519439,0.0118065188551556,0.3957405433789082,0.4391259105098855,0.8387096774193549,0.7237076648841354,0.0945746398741199
hepatitis,42,mean+quantile+zscore,0.4598656296730041,0.0118065189173662,0.3957405425320778,0.4391259105098855,0.8064516129032258,0.69,0.064381226416557
hepatitis,42,mean+winsor+quantile,0.4563553631305694,0.0151745579275327,0.4655979721410443,0.4398196323274367,0.8387096774193549,0.7237076648841354,0.1064887873588069
hepatitis,42,mean+winsor+quantile+zscore,0.4502959847450256,0.0151745579275329,0.4655979721410443,0.4398196323274367,0.8064516129032258,0.6423076923076922,0.0770620415287633
hepatitis,42,median,0.4741835296154022,0.0145254965342003,0.5684189844734707,0.4557752341311135,0.8387096774193549,0.7237076648841354,0.0978880601544533
hepatitis,42,median+zscore,0.472062200307846,0.0145254964485981,0.5684189850695224,0.4557752341311135,0.8387096774193549,0.7237076648841354,0.0981101124517379
hepatitis,42,median+winsor,0.5472757816314697,0.0436841072855178,0.5807890978404475,0.5352063822407215,0.7419354838709677,0.5230769230769231,0.1596510006535437
hepatitis,42,median+winsor+zscore,0.540068507194519,0.0436841072855178,0.5807890978404475,0.5352063822407215,0.7419354838709677,0.5230769230769231,0.1122719683954792
hepatitis,42,median+yeojohnson,0.4764249920845032,0.012958625933119,0.529834218643392,0.4592438432188692,0.8387096774193549,0.7237076648841354,0.1105301783930871
hepatitis,42,median+yeojohnson+zscore,0.474492996931076,0.0129586259870825,0.5298342182269874,0.4592438432188692,0.8387096774193549,0.7237076648841354,0.0944839408320765
hepatitis,42,median+winsor+yeojohnson,0.5362377762794495,0.0430522922658201,0.570297218069225,0.5341657995143948,0.7419354838709677,0.5230769230769231,0.1123074562318863
hepatitis,42,median+winsor+yeojohnson+zscore,0.5392136573791504,0.0430522922658201,0.570297218069225,0.5341657995143948,0.7419354838709677,0.5230769230769231,0.1120033417978594
hepatitis,42,median+quantile,0.4842700660228729,0.0133060581709153,0.5223530607119151,0.462712452306625,0.8064516129032258,0.69,0.1206832566568928
hepatitis,42,median+quantile+zscore,0.479802519083023,0.013306058152754,0.5223530613584697,0.462712452306625,0.8064516129032258,0.69,0.12179482752277
hepatitis,42,median+winsor+quantile,0.5437952280044556,0.0458127600862732,0.6108548316026654,0.5275754422476586,0.7741935483870968,0.5450733752620545,0.1658825028327203
hepatitis,42,median+winsor+quantile+zscore,0.5555549263954163,0.0458127600862732,0.6108548316026654,0.5275754422476586,0.7741935483870968,0.5450733752620545,0.1684211184901575
hepatitis,42,knn,0.4417459964752197,0.0144455883215005,0.4924589698282252,0.447797433229275,0.8709677419354839,0.7933333333333333,0.137022816365765
hepatitis,42,knn+zscore,0.4452245831489563,0.0144455882312062,0.4924589695672784,0.447797433229275,0.8709677419354839,0.7933333333333333,0.1738114779995333
hepatitis,42,knn+winsor,0.5096942782402039,0.0300130287405001,0.4946229640195659,0.5469996531390912,0.7419354838709677,0.6309523809523809,0.167171630167192
hepatitis,42,knn+winsor+zscore,0.5135107636451721,0.0300130287405001,0.4946229640195659,0.5469996531390912,0.7419354838709677,0.6309523809523809,0.1969919127802694
hepatitis,42,knn+yeojohnson,0.4506618976593017,0.0119760987070691,0.4331553394815388,0.4384321886923343,0.8387096774193549,0.7566718995290425,0.1376662850379943
hepatitis,42,knn+yeojohnson+zscore,0.4523258209228515,0.011976098673162,0.4331553391607393,0.4384321886923343,0.8387096774193549,0.7566718995290425,0.1566614374037711
hepatitis,42,knn+winsor+yeojohnson,0.4892234206199646,0.0290755980051332,0.4655814182057686,0.543877904960111,0.7096774193548387,0.6042553191489362,0.1029115011615137
hepatitis,42,knn+winsor+yeojohnson+zscore,0.4894471764564514,0.0290755980051333,0.4655814182057685,0.543877904960111,0.7096774193548387,0.6042553191489362,0.1025451440964975
hepatitis,42,knn+quantile,0.4542997479438782,0.0121694196913242,0.429629986179156,0.4439819632327437,0.8709677419354839,0.7933333333333333,0.1306525584190122
hepatitis,42,knn+quantile+zscore,0.4518626034259796,0.0121694196799674,0.4296299856129859,0.4439819632327437,0.8709677419354839,0.7933333333333333,0.1613913139989299
hepatitis,42,knn+winsor+quantile,0.4874001741409302,0.0302661960290941,0.5125273336935848,0.5400624349635795,0.7096774193548387,0.6042553191489362,0.1747626700708943
hepatitis,42,knn+winsor+quantile+zscore,0.4950247406959533,0.030266196029094,0.5125273336935848,0.5400624349635795,0.7096774193548387,0.6042553191489362,0.08853078849854
hepatitis,1,mean,0.3602789640426636,0.0173810776719093,0.4713344910718142,0.4169268123482483,0.8387096774193549,0.6750524109014675,0.0547756168150132
hepatitis,1,mean+zscore,0.3546580672264099,0.017381077715464,0.4713344905622829,0.4169268123482483,0.8387096774193549,0.6750524109014675,0.0995604145911432
hepatitis,1,mean+winsor,0.3925329744815826,0.0170876264152258,0.4130323056394496,0.4422476586888657,0.8387096774193549,0.6750524109014675,0.1402805159168858
hepatitis,1,mean+winsor+zscore,0.3797915279865265,0.0170876264152257,0.4130323056394496,0.4422476586888657,0.8387096774193549,0.6750524109014675,0.0629997022690311
hepatitis,1,mean+yeojohnson,0.395328938961029,0.0156687761338363,0.3865427100167293,0.4408602150537634,0.8064516129032258,0.6423076923076922,0.1193888879591418
hepatitis,1,mean+yeojohnson+zscore,0.3938509821891784,0.0156687759923531,0.3865427093763535,0.4408602150537634,0.8387096774193549,0.6750524109014675,0.1010669815924859
hepatitis,1,mean+winsor+yeojohnson,0.3887404501438141,0.0158654915618938,0.4012565011753196,0.437044745057232,0.8064516129032258,0.6423076923076922,0.1146616724229628
hepatitis,1,mean+winsor+yeojohnson+zscore,0.389044314622879,0.0158654915618938,0.4012565011753195,0.437044745057232,0.8064516129032258,0.6423076923076922,0.1069198231543264
hepatitis,1,mean+quantile,0.4026765525341034,0.0158600790033055,0.3864991925136396,0.4422476586888657,0.8064516129032258,0.6423076923076922,0.0732974237011324
hepatitis,1,mean+quantile+zscore,0.3908158540725708,0.0158600789110028,0.3864991929695165,0.4422476586888657,0.8064516129032258,0.6423076923076922,0.1121811116895367
hepatitis,1,mean+winsor+quantile,0.3726736009120941,0.0163057319802099,0.437302975115165,0.4408602150537634,0.8387096774193549,0.6750524109014675,0.0711871174073988
hepatitis,1,mean+winsor+quantile+zscore,0.3546802103519439,0.0163057319802099,0.437302975115165,0.4408602150537634,0.8387096774193549,0.6750524109014675,0.0793147029415253
hepatitis,1,median,0.3749996423721313,0.0178007169333241,0.5528388111139378,0.4058272632674297,0.8064516129032258,0.5694444444444444,0.1159379232314325
hepatitis,1,median+zscore,0.3761534094810486,0.0178007168353413,0.5528388104699631,0.4058272632674297,0.8064516129032258,0.5694444444444444,0.0788272177019426
hepatitis,1,median+winsor,0.4507169425487518,0.0497427161838441,0.5799716084055233,0.42386403052376,0.7096774193548387,0.5026737967914439,0.1625281130113909
hepatitis,1,median+winsor+zscore,0.4668182730674743,0.0497427161838441,0.5799716084055233,0.42386403052376,0.7096774193548387,0.5026737967914439,0.1694133031752802
hepatitis,1,median+yeojohnson,0.3816801011562347,0.0163328485742886,0.510126971420814,0.4138050641692681,0.8064516129032258,0.5694444444444444,0.0757542887041645
hepatitis,1,median+yeojohnson+zscore,0.3813885450363159,0.0163328486386891,0.5101269712480091,0.4138050641692681,0.8064516129032258,0.5694444444444444,0.0797466135794116
hepatitis,1,median+winsor+yeojohnson,0.4438669979572296,0.0493550742144065,0.5667670848141502,0.4266389177939646,0.7096774193548387,0.5026737967914439,0.1571995058367329
hepatitis,1,median+winsor+yeojohnson+zscore,0.4549415111541748,0.0493550742144065,0.5667670848141502,0.4266389177939646,0.7096774193548387,0.5026737967914439,0.1610633961616024
hepatitis,1,median+quantile,0.3905149400234222,0.0162156496447228,0.501516551673508,0.4110301768990634,0.8064516129032258,0.5694444444444444,0.0592873134920674
hepatitis,1,median+quantile+zscore,0.387900173664093,0.0162156497736857,0.5015165528972831,0.4110301768990634,0.8064516129032258,0.5694444444444444,0.0630759500688122
hepatitis,1,median+winsor+quantile,0.394963800907135,0.0517242657585512,0.6049892759729146,0.4360041623309053,0.7741935483870968,0.5450733752620545,0.0997963105478594
hepatitis,1,median+winsor+quantile+zscore,0.3988327085971832,0.0517242657585513,0.6049892759729146,0.4360041623309053,0.7741935483870968,0.5450733752620545,0.1142882627825583
hepatitis,1,knn,0.3003908693790436,0.0181559261433227,0.4695607392032651,0.4148456468955948,0.8064516129032258,0.5694444444444444,0.1711665949513835
hepatitis,1,knn+zscore,0.2962244153022766,0.0181559260685536,0.4695607384887309,0.4148456468955948,0.8064516129032258,0.5694444444444444,0.1691021092476383
hepatitis,1,knn+winsor,0.3350987732410431,0.0252755385379516,0.4701353265222336,0.4727714186611169,0.7741935483870968,0.6131907308377897,0.1405100841676035
hepatitis,1,knn+winsor+zscore,0.3323502242565155,0.0252755385379515,0.4701353265222336,0.4727714186611169,0.7741935483870968,0.6131907308377897,0.1147112846374511
hepatitis,1,knn+yeojohnson,0.3189725577831268,0.0168380883277714,0.40757308011835,0.4366978841484565,0.8387096774193549,0.5974025974025974,0.1799838792893194
hepatitis,1,knn+yeojohnson+zscore,0.322575956583023,0.0168380882987054,0.4075730800080401,0.4366978841484565,0.8387096774193549,0.5974025974025974,0.0805925765345173
hepatitis,1,knn+winsor+yeojohnson,0.3547780811786651,0.0245133939592208,0.4378223039412436,0.4724245577523413,0.7741935483870968,0.6131907308377897,0.1403660851140176
hepatitis,1,knn+winsor+yeojohnson+zscore,0.3491543531417846,0.0245133939592208,0.4378223039412436,0.4724245577523413,0.7741935483870968,0.6131907308377897,0.1145397309334047
hepatitis,1,knn+quantile,0.3237539529800415,0.0165465346260925,0.4055320991505365,0.4283732223378425,0.8387096774193549,0.5974025974025974,0.1088112535015229
hepatitis,1,knn+quantile+zscore,0.3236891627311706,0.0165465346142641,0.4055320996629423,0.4283732223378425,0.8387096774193549,0.5974025974025974,0.1238315816848508
hepatitis,1,knn+winsor+quantile,0.3434979915618896,0.0249705959965182,0.4799219334303971,0.4751994450225459,0.8064516129032258,0.6423076923076922,0.1125640119275739
hepatitis,1,knn+winsor+quantile+zscore,0.3478593826293945,0.0249705959965181,0.4799219334303971,0.4751994450225459,0.8064516129032258,0.69,0.1139568609576071
hepatitis,2,mean,0.4099104404449463,0.0147451604861478,0.4867245402518265,0.4321886923343739,0.8709677419354839,0.7615384615384615,0.1310868436290372
hepatitis,2,mean+zscore,0.4066056907176971,0.0147451605323644,0.4867245392504025,0.4321886923343739,0.8387096774193549,0.7237076648841354,0.0995338770651048
hepatitis,2,mean+winsor,0.4377475678920746,0.0146022022785075,0.4334852331581066,0.4308012486992716,0.8709677419354839,0.7615384615384615,0.0843989714499443
hepatitis,2,mean+winsor+zscore,0.4380192160606384,0.0146022022785075,0.4334852331581066,0.4308012486992716,0.8387096774193549,0.7237076648841354,0.0953867608501065
hepatitis,2,mean+yeojohnson,0.4044006168842315,0.0126777681240173,0.3956579427266497,0.4429413805064169,0.8387096774193549,0.7237076648841354,0.0792023712588894
hepatitis,2,mean+yeojohnson+zscore,0.4051177501678467,0.0126777681141748,0.3956579418161865,0.4429413805064169,0.8387096774193549,0.7237076648841354,0.0494248444034207
hepatitis,2,mean+winsor+yeojohnson,0.4399382472038269,0.0136404722173035,0.4212091821162762,0.4425945195976413,0.8387096774193549,0.7237076648841354,0.0956830401574411
hepatitis,2,mean+winsor+yeojohnson+zscore,0.4330943822860718,0.0136404722173035,0.4212091821162763,0.4425945195976413,0.8387096774193549,0.7237076648841354,0.0594036771405127
hepatitis,2,mean+quantile,0.4100672304630279,0.0127519178338666,0.391693009188959,0.4425945195976413,0.8064516129032258,0.69,0.1038528180891467
hepatitis,2,mean+quantile+zscore,0.405327171087265,0.0127519179754517,0.3916930085901471,0.4425945195976413,0.8064516129032258,0.69,0.1112551304601854
hepatitis,2,mean+winsor+quantile,0.4240235090255737,0.0140209203392891,0.4570510137754746,0.4464099895941727,0.8387096774193549,0.6750524109014675,0.0986833399341952
hepatitis,2,mean+winsor+quantile+zscore,0.416176438331604,0.0140209203392892,0.4570510137754747,0.4464099895941727,0.8709677419354839,0.7615384615384615,0.1289602691127407
hepatitis,2,median,0.4445388615131378,0.0145776617026085,0.5576837704794394,0.42386403052376,0.7741935483870968,0.4363636363636363,0.0598218498691435
hepatitis,2,median+zscore,0.444220632314682,0.0145776617015193,0.5576837704979042,0.42386403052376,0.7741935483870968,0.4363636363636363,0.059538104841786
hepatitis,2,median+winsor,0.4458288848400116,0.037587298600572,0.5636171819493679,0.441207075962539,0.7419354838709677,0.4259259259259259,0.0956849205878473
hepatitis,2,median+winsor+zscore,0.4434975087642669,0.037587298600572,0.5636171819493679,0.441207075962539,0.7419354838709677,0.4259259259259259,0.0983656491002728
hepatitis,2,median+yeojohnson,0.4355778098106384,0.0136930011276429,0.5136711477684628,0.4242108914325356,0.7741935483870968,0.4363636363636363,0.0671914181401652
hepatitis,2,median+yeojohnson+zscore,0.4382036924362182,0.0136930010499795,0.5136711472839794,0.4242108914325356,0.7741935483870968,0.4363636363636363,0.0651500321203662
hepatitis,2,median+winsor+yeojohnson,0.4485940039157867,0.0377583785971352,0.5425241806034476,0.4380853277835588,0.7741935483870968,0.5450733752620545,0.0574077040918412
hepatitis,2,median+winsor+yeojohnson+zscore,0.4396053552627563,0.0377583785971351,0.5425241806034475,0.4380853277835588,0.7419354838709677,0.4259259259259259,0.1036394488426946
hepatitis,2,median+quantile,0.4352540075778961,0.0138068822693229,0.5098596701141307,0.4210891432535553,0.8387096774193549,0.6750524109014675,0.1182329250920203
hepatitis,2,median+quantile+zscore,0.4381685554981231,0.0138068820498614,0.5098596700453896,0.4210891432535553,0.8387096774193549,0.6750524109014675,0.1244796303010755
hepatitis,2,median+winsor+quantile,0.4352604746818542,0.0386199992954893,0.5866477935245965,0.4477974332292751,0.7741935483870968,0.4363636363636363,0.0616859063025443
hepatitis,2,median+winsor+quantile+zscore,0.4335114955902099,0.0386199992954892,0.5866477935245965,0.4477974332292751,0.7741935483870968,0.4363636363636363,0.0605914650424834
hepatitis,2,knn,0.4397036731243133,0.0160691440563915,0.48117559986635,0.4419007977800901,0.8709677419354839,0.7615384615384615,0.1205099744181479
hepatitis,2,knn+zscore,0.4418146312236786,0.0160691440341922,0.4811755998157001,0.4419007977800901,0.8709677419354839,0.7615384615384615,0.0965175282570623
hepatitis,2,knn+winsor,0.4501282274723053,0.0294329587392127,0.4847087045789741,0.4502254595907041,0.8064516129032258,0.6423076923076922,0.1238120198249816
hepatitis,2,knn+winsor+zscore,0.4455951154232025,0.0294329587392127,0.4847087045789741,0.4502254595907041,0.8064516129032258,0.6423076923076922,0.0602554467416578
hepatitis,2,knn+yeojohnson,0.4347655177116394,0.0147018364499703,0.4280979985639223,0.4588969823100936,0.8709677419354839,0.7615384615384615,0.1013695116966001
hepatitis,2,knn+yeojohnson+zscore,0.432891309261322,0.0147018362318784,0.4280979991748396,0.4588969823100936,0.8709677419354839,0.7615384615384615,0.0965408144458647
hepatitis,2,knn+winsor+yeojohnson,0.4421520233154297,0.028913848637409,0.460256553367391,0.456122095039889,0.8064516129032258,0.6423076923076922,0.0640148693515408
hepatitis,2,knn+winsor+yeojohnson+zscore,0.4464682340621948,0.0289138486374092,0.460256553367391,0.456122095039889,0.8064516129032258,0.6423076923076922,0.1022984020171626
hepatitis,2,knn+quantile,0.439057856798172,0.014320906366449,0.4226704153616468,0.4498785986819285,0.8709677419354839,0.7615384615384615,0.0963557997057514
hepatitis,2,knn+quantile+zscore,0.4364842474460602,0.0143209066171906,0.422670415860963,0.4498785986819285,0.8709677419354839,0.7615384615384615,0.0945797601053791
hepatitis,2,knn+winsor+quantile,0.4435554146766662,0.0288526180569715,0.5086525154103942,0.4450225459590704,0.8064516129032258,0.5694444444444444,0.1020596681102629
hepatitis,2,knn+winsor+quantile+zscore,0.4441893994808197,0.0288526180569715,0.5086525154103942,0.4450225459590704,0.8064516129032258,0.5694444444444444,0.1050807314534341
hepatitis,3,mean,0.3521336913108825,0.0209636490785477,0.4857964917979421,0.3267429760665972,0.8064516129032258,0.5694444444444444,0.1007905314045567
hepatitis,3,mean+zscore,0.3434089720249176,0.0209636492021406,0.485796492035094,0.3267429760665972,0.8387096774193549,0.6750524109014675,0.1295861640284138
hepatitis,3,mean+winsor,0.3635438084602356,0.0186929375533089,0.4180671057507435,0.3350676378772112,0.7741935483870968,0.4363636363636363,0.1243231757994621
hepatitis,3,mean+winsor+zscore,0.3518093824386596,0.0186929375533089,0.4180671057507436,0.3350676378772112,0.7741935483870968,0.4363636363636363,0.1250443977694357
hepatitis,3,mean+yeojohnson,0.3380760848522186,0.0163341068193463,0.3841663921182665,0.3066250433576135,0.8064516129032258,0.5694444444444444,0.088748280079134
hepatitis,3,mean+yeojohnson+zscore,0.3422890901565552,0.0163341067351013,0.3841663920437984,0.3066250433576135,0.8064516129032258,0.5694444444444444,0.1150368009844133
hepatitis,3,mean+winsor+yeojohnson,0.3638306260108948,0.0182233272913765,0.4285981472696017,0.3423517169614984,0.7741935483870968,0.4363636363636363,0.1214759196004559
hepatitis,3,mean+winsor+yeojohnson+zscore,0.3636533915996551,0.01675888401456,0.4073468135181673,0.3357613596947624,0.7741935483870968,0.4363636363636363,0.1225650329743661
hepatitis,3,mean+quantile,0.3458001315593719,0.0166401848903323,0.3788610821895433,0.3083593479014915,0.8064516129032258,0.5694444444444444,0.1268269669625067
hepatitis,3,mean+quantile+zscore,0.3444684445858001,0.0166401849194882,0.3788610819546192,0.3083593479014915,0.8064516129032258,0.5694444444444444,0.1068758445401345
hepatitis,3,mean+winsor+quantile,0.3871113359928131,0.0178671184191929,0.4433581869548236,0.3347207769684356,0.7741935483870968,0.4363636363636363,0.1378288211361054
hepatitis,3,mean+winsor+quantile+zscore,0.3824624121189117,0.0178671184191928,0.4433581869548236,0.3347207769684356,0.7741935483870968,0.4363636363636363,0.1347600202406606
hepatitis,3,median,0.3428417146205902,0.0212051504510054,0.5662543223838482,0.3406174124176205,0.8064516129032258,0.5694444444444444,0.1253273929319074
hepatitis,3,median+zscore,0.3459476828575134,0.0212051504156837,0.5662543225783075,0.3406174124176205,0.8064516129032258,0.5694444444444444,0.1200356964142091
hepatitis,3,median+winsor,0.3521215617656708,0.0448150537849511,0.5787174372606954,0.3673257023933403,0.8064516129032258,0.5694444444444444,0.1234918352096311
hepatitis,3,median+winsor+zscore,0.3451451361179352,0.0448150537849511,0.5787174372606954,0.3673257023933403,0.8064516129032258,0.5694444444444444,0.1012243128591968
hepatitis,3,median+yeojohnson,0.3352061510086059,0.0194311462076417,0.5228686870622198,0.34928893513701,0.8387096774193549,0.6750524109014675,0.1068639043838747
hepatitis,3,median+yeojohnson+zscore,0.3372159898281097,0.0194311458156378,0.5228686866920542,0.34928893513701,0.8064516129032258,0.5694444444444444,0.1144874691963195
hepatitis,3,median+winsor+yeojohnson,0.3420384228229522,0.0440561812016777,0.5657444675065789,0.3697537287547693,0.8064516129032258,0.5694444444444444,0.1149663598306717
hepatitis,3,median+winsor+yeojohnson+zscore,0.3440688252449035,0.0440561812016777,0.5657444675065789,0.3697537287547693,0.8064516129032258,0.5694444444444444,0.1202320456504821
hepatitis,3,median+quantile,0.3263073265552521,0.0192087915224533,0.5120177850133159,0.3485952133194589,0.8387096774193549,0.6750524109014675,0.1315715236048544
hepatitis,3,median+quantile+zscore,0.3279234170913696,0.019208791191362,0.5120177839176687,0.3485952133194589,0.8387096774193549,0.6750524109014675,0.1051750990652268
hepatitis,3,median+winsor+quantile,0.3706870377063751,0.0453647173112359,0.6043831466956199,0.368366285119667,0.7741935483870968,0.4363636363636363,0.1505745783928902
hepatitis,3,median+winsor+quantile+zscore,0.3764505982398987,0.0453647173112358,0.6043831466956199,0.368366285119667,0.8064516129032258,0.5694444444444444,0.1110578371632483
hepatitis,3,knn,0.345940500497818,0.0221456468759625,0.4888817151820108,0.3475546305931321,0.8064516129032258,0.5694444444444444,0.0831154181111243
hepatitis,3,knn+zscore,0.3410265147686004,0.0221456467269175,0.4888817161973174,0.3475546305931321,0.8064516129032258,0.5694444444444444,0.0843317008787585
hepatitis,3,knn+winsor,0.3462211787700653,0.0319969439928401,0.4940101806500065,0.365938258758238,0.8064516129032258,0.5694444444444444,0.1152067261357461
hepatitis,3,knn+winsor+zscore,0.3367334306240082,0.0319969439928402,0.4940101806500066,0.365938258758238,0.8064516129032258,0.5694444444444444,0.0718722670309005
hepatitis,3,knn+yeojohnson,0.3386783599853515,0.0189973193754188,0.4196048272139994,0.3527575442247659,0.8064516129032258,0.5694444444444444,0.0816669041110623
hepatitis,3,knn+yeojohnson+zscore,0.3360660970211029,0.0189973191432085,0.4196048259599543,0.3527575442247659,0.8064516129032258,0.5694444444444444,0.1319192109569426
hepatitis,3,knn+winsor+yeojohnson,0.3423703610897064,0.0314010029605759,0.4635892806548481,0.3645508151231356,0.8064516129032258,0.5694444444444444,0.0708989366408317
hepatitis,3,knn+winsor+yeojohnson+zscore,0.3417702913284302,0.0314010029605761,0.4635892806548481,0.3645508151231356,0.8064516129032258,0.5694444444444444,0.0711911397595559
hepatitis,3,knn+quantile,0.3403327465057373,0.0190307689151675,0.4112839133245474,0.3479014915019077,0.8387096774193549,0.6750524109014675,0.0729712863122263
hepatitis,3,knn+quantile+zscore,0.3312651515007019,0.0190307689222658,0.4112839129077478,0.3479014915019077,0.8387096774193549,0.6750524109014675,0.0763939753655464
hepatitis,3,knn+winsor+quantile,0.3453797698020935,0.032056252184813,0.512746733702824,0.3531044051335414,0.8064516129032258,0.5694444444444444,0.0842510730989517
hepatitis,3,knn+winsor+quantile+zscore,0.3558917641639709,0.032056252184813,0.5127467337028239,0.3531044051335414,0.7741935483870968,0.5450733752620545,0.1234135589291972
hepatitis,4,mean,0.3076182305812835,0.0159910793006078,0.4808890951184719,0.4169268123482483,0.8387096774193549,0.7566718995290425,0.0870666965361564
hepatitis,4,mean+zscore,0.3045881986618042,0.0159910792438447,0.4808890948507486,0.4169268123482483,0.8387096774193549,0.7566718995290425,0.0736828619433987
hepatitis,4,mean+winsor,0.3912188410758972,0.0171531430173044,0.4337177175054675,0.415539368713146,0.7096774193548387,0.5026737967914439,0.1877965504123318
hepatitis,4,mean+winsor+zscore,0.3860357403755188,0.0171531329622456,0.4337177196363988,0.415539368713146,0.7096774193548387,0.5026737967914439,0.1870078079162105
hepatitis,4,mean+yeojohnson,0.3267666697502136,0.0142020971593576,0.3894780173677471,0.4245577523413111,0.8064516129032258,0.7232142857142857,0.0876189085745042
hepatitis,4,mean+yeojohnson+zscore,0.325146347284317,0.0142020971268023,0.3894780183784528,0.4245577523413111,0.8387096774193549,0.7566718995290425,0.1345488544433347
hepatitis,4,mean+winsor+yeojohnson,0.3996337056159973,0.0160304699154028,0.4190705231657733,0.4321886923343739,0.7096774193548387,0.5026737967914439,0.1904025173956348
hepatitis,4,mean+winsor+yeojohnson+zscore,0.3963837921619415,0.0160307428218761,0.4190703767616331,0.4318418314255983,0.7096774193548387,0.5026737967914439,0.1894878610487907
hepatitis,4,mean+quantile,0.3191768229007721,0.014396865542715,0.3844483802687972,0.4186611168921262,0.8064516129032258,0.69,0.1107446032185708
hepatitis,4,mean+quantile+zscore,0.3108453154563904,0.0143968654545602,0.3844483778426061,0.4186611168921262,0.8064516129032258,0.69,0.1836310048257151
hepatitis,4,mean+winsor+quantile,0.36146280169487,0.0185630270646413,0.4767137181453915,0.4377384668747832,0.7419354838709677,0.5230769230769231,0.1472093539853249
hepatitis,4,mean+winsor+quantile+zscore,0.366934061050415,0.018563027064641,0.4767137181453915,0.4377384668747832,0.7419354838709677,0.5230769230769231,0.1475595447324937
hepatitis,4,median,0.2786194086074829,0.0159443537456153,0.5627927170951477,0.4047866805411029,0.8387096774193549,0.7566718995290425,0.1326240320359507
hepatitis,4,median+zscore,0.277457058429718,0.0159443538096309,0.5627927172323296,0.4047866805411029,0.8387096774193549,0.7566718995290425,0.1128717064857482
hepatitis,4,median+winsor,0.3919970691204071,0.0441884657873035,0.589645984529763,0.4623655913978494,0.7419354838709677,0.5230769230769231,0.1947414163620241
hepatitis,4,median+winsor+zscore,0.3843854367733001,0.0441884657873032,0.5896459845297631,0.4623655913978494,0.7096774193548387,0.5026737967914439,0.2019802716470534
hepatitis,4,median+yeojohnson,0.2805476784706116,0.0157125325540913,0.5222863665494625,0.4020117932708983,0.8387096774193549,0.7566718995290425,0.132307804399921
hepatitis,4,median+yeojohnson+zscore,0.2878139317035675,0.0157125325237904,0.5222863657137029,0.4020117932708983,0.8387096774193549,0.7566718995290425,0.0882908817260496
hepatitis,4,median+winsor+yeojohnson,0.3814186155796051,0.0444631814080823,0.5709855471563302,0.4665279223031564,0.7419354838709677,0.5230769230769231,0.1796235153751988
hepatitis,4,median+winsor+yeojohnson+zscore,0.384899765253067,0.0444631814080822,0.5709855471563301,0.4665279223031564,0.7419354838709677,0.5230769230769231,0.1785449020324215
hepatitis,4,median+quantile,0.2711576521396637,0.0154811063736953,0.5159234569991866,0.3964620187304891,0.8709677419354839,0.7933333333333333,0.0793513578753317
hepatitis,4,median+quantile+zscore,0.2707272469997406,0.0154811064363464,0.5159234566633364,0.3964620187304891,0.8709677419354839,0.7933333333333333,0.0780994699847313
hepatitis,4,median+winsor+quantile,0.3698046207427978,0.0445912367804536,0.6081439968489013,0.4807492195629553,0.7096774193548387,0.4150943396226415,0.2024121476757911
hepatitis,4,median+winsor+quantile+zscore,0.364319235086441,0.0445912367804535,0.6081439968489013,0.4807492195629553,0.7096774193548387,0.4150943396226415,0.2010950907584159
hepatitis,4,knn,0.2987315654754638,0.0166239233664826,0.4625489770420211,0.413111342351717,0.8709677419354839,0.7933333333333333,0.0834361795456178
hepatitis,4,knn+zscore,0.2966338992118835,0.016623923396825,0.4625489777516184,0.413111342351717,0.8709677419354839,0.7933333333333333,0.1020967960357666
hepatitis,4,knn+winsor,0.355303019285202,0.0225146638598391,0.4643249774312103,0.4457162677766215,0.7741935483870968,0.6593406593406593,0.1273818900508265
hepatitis,4,knn+winsor+zscore,0.3484007716178894,0.0225146638598391,0.4643249774312103,0.4457162677766215,0.7741935483870968,0.6593406593406593,0.1242651362572946
hepatitis,4,knn+yeojohnson,0.3218974471092224,0.0153130084981794,0.4085083025413578,0.4255983350676378,0.8064516129032258,0.7232142857142857,0.0990300543846622
hepatitis,4,knn+yeojohnson+zscore,0.3217338025569916,0.0153130084721577,0.4085083023285264,0.4255983350676378,0.7741935483870968,0.6593406593406593,0.1176240578774482
hepatitis,4,knn+winsor+yeojohnson,0.3504136204719543,0.0219388259362417,0.4311539462068608,0.4588969823100937,0.7419354838709677,0.5866666666666667,0.1585556307146626
hepatitis,4,knn+winsor+yeojohnson+zscore,0.3530463278293609,0.0219388259362417,0.4311539462068608,0.4588969823100937,0.7419354838709677,0.5866666666666667,0.1263411410393253
hepatitis,4,knn+quantile,0.3053148686885834,0.0151314074342826,0.4047676232436528,0.4183142559833507,0.7741935483870968,0.6593406593406593,0.116033088776373
hepatitis,4,knn+quantile+zscore,0.3073172867298126,0.0151314074697862,0.4047676229942088,0.4183142559833507,0.7741935483870968,0.6593406593406593,0.1191884798388327
hepatitis,4,knn+winsor+quantile,0.3360288441181183,0.0213620213651632,0.4722312166222164,0.4571626777662157,0.8064516129032258,0.69,0.1058735655200096
hepatitis,4,knn+winsor+quantile+zscore,0.3356734812259674,0.0213620213651632,0.4722312166222165,0.4571626777662157,0.8064516129032258,0.69,0.1047657189830656
hepatitis,5,mean,0.3308632373809814,0.0157545149813016,0.4782326082198948,0.4224765868886577,0.967741935483871,0.9447415329768272,0.1836375421093356
hepatitis,5,mean+zscore,0.3307675421237945,0.0157545145380239,0.478232608023108,0.4224765868886577,0.967741935483871,0.9447415329768272,0.1826027824032691
hepatitis,5,mean+winsor,0.3661640286445617,0.0148725882836304,0.421045984916411,0.4172736732570239,0.8387096774193549,0.7237076648841354,0.0845484368262752
hepatitis,5,mean+winsor+zscore,0.3663303554058075,0.0148725882836304,0.421045984916411,0.4172736732570239,0.8387096774193549,0.7237076648841354,0.0576675534248351
hepatitis,5,mean+yeojohnson,0.3287061154842376,0.0133161144721458,0.3877065123682169,0.4044398196323275,0.967741935483871,0.9447415329768272,0.1798480268447629
hepatitis,5,mean+yeojohnson+zscore,0.3310198187828064,0.013316114458225,0.387706514251162,0.4044398196323275,0.967741935483871,0.9447415329768272,0.1817520568447728
hepatitis,5,mean+winsor+yeojohnson,0.3682185411453247,0.0147144048289735,0.4301603413567587,0.4068678459937564,0.8387096774193549,0.7237076648841354,0.0921433125772783
hepatitis,5,mean+winsor+yeojohnson+zscore,0.3755306899547577,0.013748590825642,0.4083379736854738,0.4027055150884495,0.8709677419354839,0.7615384615384615,0.0991882047345561
hepatitis,5,mean+quantile,0.3145551979541778,0.0133065326504352,0.3845847783267797,0.4092958723551855,0.935483870967742,0.8966666666666667,0.1433320660744944
hepatitis,5,mean+quantile+zscore,0.3138754963874817,0.0133065327112007,0.3845847779993237,0.4092958723551855,0.9032258064516128,0.8540031397174255,0.112016983570591
hepatitis,5,mean+winsor+quantile,0.3271820247173309,0.0144735060079537,0.4431264897880885,0.4058272632674297,0.8709677419354839,0.7615384615384615,0.0709502485490614
hepatitis,5,mean+winsor+quantile+zscore,0.3319317102432251,0.0144735060079537,0.4431264897880885,0.4058272632674297,0.8709677419354839,0.7615384615384615,0.067104322295035
hepatitis,5,median,0.3209983706474304,0.0162326159002844,0.5521746346927664,0.434616718695803,0.8709677419354839,0.7615384615384615,0.0919297222168215
hepatitis,5,median+zscore,0.327728122472763,0.0162326159200272,0.5521746345166453,0.434616718695803,0.8709677419354839,0.7615384615384615,0.0875514937985328
hepatitis,5,median+winsor,0.3775495290756225,0.0516958476597839,0.5868541387360312,0.5084980922650016,0.8064516129032258,0.6423076923076922,0.0439989432211845
hepatitis,5,median+winsor+zscore,0.3693858981132507,0.0516958476597837,0.5868541387360312,0.5084980922650016,0.8387096774193549,0.7237076648841354,0.0480430126190185
hepatitis,5,median+yeojohnson,0.3161618113517761,0.0149671980426696,0.5116490626035523,0.4186611168921262,0.9032258064516128,0.8050314465408805,0.1044648443498919
hepatitis,5,median+yeojohnson+zscore,0.3138989806175232,0.014967198082584,0.5116490633955524,0.4186611168921262,0.935483870967742,0.8807692307692307,0.1360342194957118
hepatitis,5,median+winsor+yeojohnson,0.3640591204166412,0.0511468289040902,0.5769255039895934,0.5001734304543878,0.8387096774193549,0.7237076648841354,0.0496665200879497
hepatitis,5,median+winsor+yeojohnson+zscore,0.3737958073616028,0.0511468289040902,0.5769255039895934,0.5001734304543878,0.8064516129032258,0.6423076923076922,0.0429710188219624
hepatitis,5,median+quantile,0.3075352311134338,0.0147751404156806,0.5047197687095298,0.4203954214360041,0.9032258064516128,0.8050314465408805,0.1385403660035902
hepatitis,5,median+quantile+zscore,0.3076952397823334,0.0147751403396818,0.5047197695482117,0.4203954214360041,0.9032258064516128,0.8050314465408805,0.1113309110364606
hepatitis,5,median+winsor+quantile,0.3889734148979187,0.052827060129279,0.6121771658436509,0.4994797086368366,0.7741935483870968,0.6131907308377897,0.1231359339529468
hepatitis,5,median+winsor+quantile+zscore,0.3917520344257355,0.052827060129279,0.6121771658436508,0.4994797086368366,0.7741935483870968,0.6131907308377897,0.1234372719641654
hepatitis,5,knn,0.2996461093425751,0.0168456252172132,0.4734741756452922,0.4224765868886577,0.935483870967742,0.8966666666666667,0.1350404793216336
hepatitis,5,knn+zscore,0.3010994791984558,0.0168456254485013,0.4734741742384867,0.4224765868886577,0.935483870967742,0.8966666666666667,0.1349129561455019
hepatitis,5,knn+winsor,0.3381460905075073,0.018113345302176,0.4565715654723029,0.430454387790496,0.8709677419354839,0.7933333333333333,0.103323382716025
hepatitis,5,knn+winsor+zscore,0.3431883752346039,0.018113345302176,0.456571565472303,0.430454387790496,0.9032258064516128,0.8342245989304813,0.1116648354837971
hepatitis,5,knn+yeojohnson,0.3086588084697723,0.0161843027845826,0.4170568803341508,0.4106833159902878,0.967741935483871,0.9447415329768272,0.173329685964892
hepatitis,5,knn+yeojohnson+zscore,0.3083899915218353,0.0161843027248596,0.417056880486784,0.4106833159902878,0.935483870967742,0.8966666666666667,0.1389738532804673
hepatitis,5,knn+winsor+yeojohnson,0.3358664810657501,0.0178524908295744,0.4281040495621095,0.4124176205341658,0.9032258064516128,0.8540031397174255,0.1215419538559452
hepatitis,5,knn+winsor+yeojohnson+zscore,0.3411799967288971,0.0178524908295744,0.4281040495621095,0.4124176205341658,0.8709677419354839,0.7933333333333333,0.1035701786318133
hepatitis,5,knn+quantile,0.2977819740772247,0.0157610228718461,0.4132385042576611,0.4193548387096774,0.967741935483871,0.9447415329768272,0.1685570036211321
hepatitis,5,knn+quantile+zscore,0.3101964592933655,0.0157610229553906,0.4132385039462572,0.4193548387096774,0.935483870967742,0.8966666666666667,0.1404960770760813
hepatitis,5,knn+winsor+quantile,0.3406319320201874,0.0171240715300353,0.4680668694837779,0.4117238987166146,0.8709677419354839,0.7933333333333333,0.1349470961478448
hepatitis,5,knn+winsor+quantile+zscore,0.3397492468357086,0.0171240715300352,0.4680668694837779,0.4117238987166146,0.8709677419354839,0.7933333333333333,0.1092403434938
hepatitis,6,mean,0.4504123330116272,0.0151008846849067,0.4908209416754296,0.471037114117239,0.7419354838709677,0.5866666666666667,0.1037718788270027
hepatitis,6,mean+zscore,0.4498651921749115,0.0151008849322897,0.4908209420534289,0.471037114117239,0.7419354838709677,0.5866666666666667,0.1111820974657612
hepatitis,6,mean+winsor,0.4612511992454529,0.013514263822368,0.4370322446955407,0.4682622268470343,0.7741935483870968,0.6131907308377897,0.1095180761429571
hepatitis,6,mean+winsor+zscore,0.4539140164852142,0.0135142821695483,0.4370322447804973,0.4682622268470343,0.7419354838709677,0.5866666666666667,0.1470135181180892
hepatitis,6,mean+yeojohnson,0.4487445950508117,0.0115875438831911,0.3989690868852896,0.4592438432188692,0.7741935483870968,0.6131907308377897,0.0616050997088032
hepatitis,6,mean+yeojohnson+zscore,0.4421911239624023,0.0115875439978786,0.3989690873506262,0.4592438432188692,0.7741935483870968,0.6131907308377897,0.059001664961538
hepatitis,6,mean+winsor+yeojohnson,0.4574559926986694,0.0136198688046693,0.4451568182931277,0.4564689559486646,0.7741935483870968,0.6131907308377897,0.0679330652759921
hepatitis,6,mean+winsor+yeojohnson+zscore,0.4593240618705749,0.0121346770562543,0.4238303137863839,0.4578563995837669,0.7741935483870968,0.6131907308377897,0.0547184425015603
hepatitis,6,mean+quantile,0.4350059032440185,0.0118068116145688,0.39342718429432,0.458550121401318,0.8064516129032258,0.6423076923076922,0.0654267207268745
hepatitis,6,mean+quantile+zscore,0.4332279562950134,0.011806811542282,0.3934271835356827,0.458550121401318,0.8064516129032258,0.6423076923076922,0.0813596883127766
hepatitis,6,mean+winsor+quantile,0.4652990102767944,0.0152256781645906,0.4857102315219352,0.4679153659382587,0.7741935483870968,0.6131907308377897,0.064054291094503
hepatitis,6,mean+winsor+quantile+zscore,0.4707566201686859,0.0152256781645905,0.4857102315219353,0.4679153659382587,0.7741935483870968,0.6131907308377897,0.0800833740542012
hepatitis,6,median,0.5042806267738342,0.0159078784363808,0.5631488850742488,0.4727714186611169,0.7419354838709677,0.5866666666666667,0.1319938205903576
hepatitis,6,median+zscore,0.5126456022262573,0.0159078784664207,0.5631488849784927,0.4727714186611169,0.7419354838709677,0.5866666666666667,0.1444882808193084
hepatitis,6,median+winsor,0.4732968807220459,0.0451110111727087,0.5870781253372542,0.5320846340617412,0.7741935483870968,0.6593406593406593,0.0665002253747755
hepatitis,6,median+winsor+zscore,0.4645514786243438,0.0451110111727085,0.5870781253372541,0.5320846340617412,0.7741935483870968,0.6593406593406593,0.0610197205697336
hepatitis,6,median+yeojohnson,0.4923143982887268,0.013362637416728,0.5159720697643835,0.458550121401318,0.7419354838709677,0.5866666666666667,0.2119820579405754
hepatitis,6,median+yeojohnson+zscore,0.4950891733169555,0.0133626374581041,0.5159720695486493,0.458550121401318,0.7419354838709677,0.5866666666666667,0.1494286771743528
hepatitis,6,median+winsor+yeojohnson,0.4833800196647644,0.0436917479550023,0.5714736135344082,0.5244536940686785,0.7741935483870968,0.6593406593406593,0.093205863429654
hepatitis,6,median+winsor+yeojohnson+zscore,0.4655739963054657,0.0436917479550024,0.5714736135344082,0.5244536940686785,0.7741935483870968,0.6593406593406593,0.0647563011415543
hepatitis,6,median+quantile,0.4738377630710602,0.0134513272001167,0.5079542360030412,0.4578563995837669,0.7419354838709677,0.5866666666666667,0.1490041075214263
hepatitis,6,median+quantile+zscore,0.4817546904087066,0.0134513271870588,0.5079542373593137,0.4578563995837669,0.7419354838709677,0.5866666666666667,0.1269337765632137
hepatitis,6,median+winsor+quantile,0.4356488287448883,0.0456856486899152,0.6150637505267954,0.5334720776968436,0.7741935483870968,0.6593406593406593,0.0697540487012555
hepatitis,6,median+winsor+quantile+zscore,0.4431745707988739,0.0456856486899152,0.6150637505267954,0.5334720776968436,0.7419354838709677,0.5866666666666667,0.0895738447866132
hepatitis,6,knn,0.4283034205436706,0.0152618487695638,0.4950200954806901,0.4644467568505029,0.7741935483870968,0.6131907308377897,0.1441118236510984
hepatitis,6,knn+zscore,0.4245776832103729,0.0152618486942754,0.4950200944565727,0.4644467568505029,0.7741935483870968,0.6131907308377897,0.1429400405576152
hepatitis,6,knn+winsor,0.4246952831745147,0.0311194338583974,0.5079213734521544,0.5303503295178634,0.8064516129032258,0.6423076923076922,0.0977224130784311
hepatitis,6,knn+winsor+zscore,0.4296680092811584,0.0311194338583974,0.5079213734521544,0.5303503295178634,0.7741935483870968,0.6131907308377897,0.0646801860101761
hepatitis,6,knn+yeojohnson,0.4310072660446167,0.0128193929447046,0.4306527602283183,0.4557752341311134,0.7741935483870968,0.6131907308377897,0.0973880117939364
hepatitis,6,knn+yeojohnson+zscore,0.426945149898529,0.0128193929663594,0.4306527617773723,0.4557752341311134,0.8064516129032258,0.6423076923076922,0.0535611529504098
hepatitis,6,knn+winsor+yeojohnson,0.4182872772216797,0.0294472026934615,0.4693745155169949,0.5230662504335762,0.7741935483870968,0.5450733752620545,0.0897266441775906
hepatitis,6,knn+winsor+yeojohnson+zscore,0.4203993678092956,0.0294472026934614,0.4693745155169949,0.5230662504335762,0.7741935483870968,0.5450733752620545,0.0682572203297768
hepatitis,6,knn+quantile,0.436627447605133,0.0128077115816804,0.4292076703691,0.4516129032258064,0.8064516129032258,0.6423076923076922,0.0923346684825035
hepatitis,6,knn+quantile+zscore,0.4329840242862701,0.0128077115411294,0.4292076715191575,0.4516129032258064,0.8064516129032258,0.6423076923076922,0.0761379484207399
hepatitis,6,knn+winsor+quantile,0.4394063055515289,0.0311560386374873,0.5323851630033706,0.5261879986125564,0.8064516129032258,0.6423076923076922,0.0986542990130763
hepatitis,6,knn+winsor+quantile+zscore,0.4220819771289825,0.0311560386374873,0.5323851630033706,0.5261879986125564,0.8064516129032258,0.6423076923076922,0.0898452824161898
hepatitis,7,mean,0.2866992354393005,0.0139850751320883,0.47498321420555,0.3929934096427332,0.9032258064516128,0.8050314465408805,0.0689959083834002
hepatitis,7,mean+zscore,0.2829613089561462,0.0139850750126739,0.4749832136868782,0.3929934096427332,0.9032258064516128,0.8050314465408805,0.0752158472614903
hepatitis,7,mean+winsor,0.3091284036636352,0.0149425804845181,0.4205226848706084,0.413111342351717,0.9032258064516128,0.8050314465408805,0.087755387829196
hepatitis,7,mean+winsor+zscore,0.2977252304553985,0.0149425804845181,0.4205226848706084,0.413111342351717,0.9032258064516128,0.8050314465408805,0.1029904677021888
hepatitis,7,mean+yeojohnson,0.2841642498970032,0.0127830811248556,0.3855306209981579,0.4023586541796739,0.9032258064516128,0.8050314465408805,0.082973055301174
hepatitis,7,mean+yeojohnson+zscore,0.2888937294483185,0.0127830810662866,0.385530621496276,0.4023586541796739,0.935483870967742,0.8807692307692307,0.1066699797107327
hepatitis,7,mean+winsor+yeojohnson,0.3026162683963775,0.0134740117241018,0.408976257019437,0.3988900450919181,0.935483870967742,0.8807692307692307,0.1166555439272234
hepatitis,7,mean+winsor+yeojohnson+zscore,0.2999476492404938,0.0134740117241017,0.408976257019437,0.3988900450919181,0.935483870967742,0.8807692307692307,0.1172746362224702
hepatitis,7,mean+quantile,0.2872179746627807,0.0130131757266245,0.3824671342353716,0.3988900450919181,0.935483870967742,0.8807692307692307,0.1096865380963971
hepatitis,7,mean+quantile+zscore,0.2915033102035522,0.0130131757638179,0.3824671342053085,0.3988900450919181,0.935483870967742,0.8807692307692307,0.1120890898089255
hepatitis,7,mean+winsor+quantile,0.2876594662666321,0.0138650791308373,0.4508542355563514,0.3978494623655914,0.9032258064516128,0.8050314465408805,0.0931327650623936
hepatitis,7,mean+winsor+quantile+zscore,0.2891874015331268,0.0138650791308373,0.4508542355563515,0.3978494623655914,0.9032258064516128,0.8050314465408805,0.0988804178853189
hepatitis,7,median,0.2922100126743316,0.0142848258404861,0.553519491695544,0.3891779396462018,0.8709677419354839,0.712962962962963,0.1102612018585205
hepatitis,7,median+zscore,0.2919134795665741,0.0142848257984568,0.5535194921919541,0.3891779396462018,0.8709677419354839,0.712962962962963,0.1096817005065179
hepatitis,7,median+winsor,0.3074120879173279,0.0367491646965139,0.5602773590803446,0.3697537287547693,0.8709677419354839,0.712962962962963,0.0926571757562699
hepatitis,7,median+winsor+zscore,0.3038864433765411,0.036749164696514,0.5602773590803446,0.3697537287547693,0.8709677419354839,0.712962962962963,0.1029024220282031
hepatitis,7,median+yeojohnson,0.2981772720813751,0.0141986561225981,0.5098473377670514,0.4054804023586542,0.8709677419354839,0.712962962962963,0.0787383625584264
hepatitis,7,median+yeojohnson+zscore,0.2963728308677673,0.0141986561436526,0.5098473374874014,0.4054804023586542,0.8709677419354839,0.712962962962963,0.0757110830276243
hepatitis,7,median+winsor+yeojohnson,0.3099946975708008,0.0365360994265533,0.5456073531242958,0.3732223378425252,0.9032258064516128,0.8050314465408805,0.1243630032385549
hepatitis,7,median+winsor+yeojohnson+zscore,0.3080738186836242,0.0365361145045655,0.5456073528183668,0.3732223378425252,0.8387096774193549,0.6750524109014675,0.080115916267518
hepatitis,7,median+quantile,0.3033435344696045,0.01423390776149,0.5015348048266164,0.4058272632674297,0.8709677419354839,0.712962962962963,0.0412593637743303
hepatitis,7,median+quantile+zscore,0.2968105375766754,0.0142339076981424,0.5015348064846004,0.4058272632674297,0.8709677419354839,0.712962962962963,0.0561572755536725
hepatitis,7,median+winsor+quantile,0.3005310297012329,0.0457515982935127,0.6084928034012537,0.3926465487339576,0.8709677419354839,0.712962962962963,0.0886899809683522
hepatitis,7,median+winsor+quantile+zscore,0.3043589890003204,0.0457515982935126,0.6084928034012537,0.3926465487339576,0.8387096774193549,0.5974025974025974,0.1050058930150924
hepatitis,7,knn,0.3121049106121063,0.014602029975248,0.4828183136303676,0.3694068678459938,0.8709677419354839,0.712962962962963,0.0637686541003565
hepatitis,7,knn+zscore,0.3110933899879455,0.0146020299788,0.4828183146813923,0.3694068678459938,0.8709677419354839,0.712962962962963,0.045541851751266
hepatitis,7,knn+winsor,0.3128634989261627,0.0224522199754512,0.4743932132310793,0.3940339923690599,0.8387096774193549,0.5974025974025974,0.1374511641840781
hepatitis,7,knn+winsor+zscore,0.3090370893478393,0.0224522199754512,0.4743932132310793,0.3940339923690599,0.8387096774193549,0.5974025974025974,0.1248132336524225
hepatitis,7,knn+yeojohnson,0.3197354078292846,0.0143113943121461,0.4160407162879364,0.4058272632674298,0.8709677419354839,0.712962962962963,0.0680553778525321
hepatitis,7,knn+yeojohnson+zscore,0.3229056596755981,0.0143113942731661,0.4160407163677824,0.4058272632674298,0.8709677419354839,0.712962962962963,0.064465251661116
hepatitis,7,knn+winsor+yeojohnson,0.323712557554245,0.0219294573846852,0.4445201349933017,0.3881373569198751,0.8387096774193549,0.5974025974025974,0.0595136400192014
hepatitis,7,knn+winsor+yeojohnson+zscore,0.3181613683700561,0.0219294573846852,0.4445201349933018,0.3881373569198751,0.8387096774193549,0.5974025974025974,0.1052181663051728
hepatitis,7,knn+quantile,0.3179599940776825,0.0141410681928015,0.4086019826434658,0.3947277141866112,0.8709677419354839,0.7615384615384615,0.0559860237183109
hepatitis,7,knn+quantile+zscore,0.3217758238315582,0.0141410680040194,0.4086019832402947,0.3947277141866112,0.8387096774193549,0.6750524109014675,0.0918879009062244
hepatitis,7,knn+winsor+quantile,0.3043969571590423,0.0213079229995983,0.4859243639522599,0.376690946930281,0.8387096774193549,0.5974025974025974,0.1418591564701449
hepatitis,7,knn+winsor+quantile+zscore,0.3028803765773773,0.0213079229995982,0.4859243639522598,0.376690946930281,0.8387096774193549,0.5974025974025974,0.1414878868287609
heart_statlog,42,mean,0.3159196972846985,0.0087538989321621,0.3428687287594713,0.465363511659808,0.925925925925926,0.9232954545454546,0.1094141315530847
heart_statlog,42,mean+zscore,0.3256940543651581,0.0087538989322362,0.3428687295431252,0.465363511659808,0.9074074074074074,0.9033989266547406,0.0957565406958261
heart_statlog,42,mean+winsor,0.3168806433677673,0.0112419240142664,0.3426199806514153,0.4892546867855509,0.9074074074074074,0.9033989266547406,0.0916111712102537
heart_statlog,42,mean+winsor+zscore,0.3265607059001922,0.0112419240142664,0.3426199806514153,0.4892546867855509,0.925925925925926,0.9232954545454546,0.1149804746663128
heart_statlog,42,mean+yeojohnson,0.3294335007667541,0.0091688873473199,0.3147809011612642,0.4711934156378601,0.9074074074074074,0.9033989266547406,0.0971661077605353
heart_statlog,42,mean+yeojohnson+zscore,0.3298588097095489,0.0091688874645228,0.3147809010525549,0.4711934156378601,0.9074074074074074,0.9033989266547406,0.0973808942017732
heart_statlog,42,mean+winsor+yeojohnson,0.3286296725273132,0.011531289046922,0.3305747413664417,0.4890260631001372,0.9074074074074074,0.9033989266547406,0.0950516131189134
heart_statlog,42,mean+winsor+yeojohnson+zscore,0.3310657441616058,0.011531289046922,0.3305747413664417,0.4890260631001372,0.9074074074074074,0.9033989266547406,0.0968753066327836
heart_statlog,42,mean+quantile,0.3311389982700348,0.0081054454017029,0.3518401503780239,0.4627343392775491,0.8888888888888888,0.8831168831168831,0.0761636396249135
heart_statlog,42,mean+quantile+zscore,0.339034765958786,0.0081054454068071,0.3518401507302303,0.4627343392775491,0.8888888888888888,0.8831168831168831,0.0779113681228072
heart_statlog,42,mean+winsor+quantile,0.3487609326839447,0.0114081532250853,0.3813625378381913,0.4687928669410151,0.8518518518518519,0.8441558441558441,0.0722534700676247
heart_statlog,42,mean+winsor+quantile+zscore,0.3464999794960022,0.0114081532250854,0.3813625378381913,0.4687928669410151,0.8703703703703703,0.8647584973166369,0.0785972111754947
heart_statlog,42,median,0.3473817408084869,0.0086013245235765,0.3998491685998422,0.4525605852766346,0.925925925925926,0.9232954545454546,0.1211433322341353
heart_statlog,42,median+zscore,0.3579645156860351,0.0086013247775063,0.3998491675010812,0.4525605852766346,0.9074074074074074,0.9047619047619048,0.0939667688475714
heart_statlog,42,median+winsor,0.3474955260753631,0.0110701806764154,0.3975354273026408,0.4829675354366712,0.925925925925926,0.9232954545454546,0.1232277022467718
heart_statlog,42,median+winsor+zscore,0.3590637445449829,0.0110701806764152,0.3975354273026407,0.4829675354366712,0.9074074074074074,0.9047619047619048,0.1035326575791394
heart_statlog,42,median+yeojohnson,0.3513591587543487,0.009072275261954,0.3883240717472101,0.4494741655235482,0.925925925925926,0.9232954545454546,0.1453662757520322
heart_statlog,42,median+yeojohnson+zscore,0.3589057624340057,0.0090722752089531,0.3883240711007835,0.4494741655235482,0.9074074074074074,0.9047619047619048,0.1323350977014612
heart_statlog,42,median+winsor+yeojohnson,0.352891743183136,0.0113895744922846,0.3919978465779331,0.4815957933241883,0.9074074074074074,0.9047619047619048,0.0996377479147027
heart_statlog,42,median+winsor+yeojohnson+zscore,0.3573794066905975,0.0113895744922846,0.3919978465779331,0.4815957933241883,0.9074074074074074,0.9047619047619048,0.0988317937762649
heart_statlog,42,median+quantile,0.3622805178165436,0.0078993477909099,0.4139436137379049,0.4490169181527206,0.8888888888888888,0.8849431818181819,0.1131715134338096
heart_statlog,42,median+quantile+zscore,0.362287700176239,0.0078993478449513,0.4139436133564056,0.4490169181527206,0.8888888888888888,0.8849431818181819,0.1133202976650662
heart_statlog,42,median+winsor+quantile,0.3713322281837463,0.0113460930413212,0.4334164812666973,0.464106081390032,0.8888888888888888,0.8849431818181819,0.1308826208114624
heart_statlog,42,median+winsor+quantile+zscore,0.3687847554683685,0.0113460930413213,0.4334164812666973,0.464106081390032,0.8888888888888888,0.8849431818181819,0.1299570622267546
heart_statlog,42,knn,0.3557344079017639,0.0095796885687649,0.339109359803647,0.4551897576588934,0.9074074074074074,0.9033989266547406,0.1275755619561231
heart_statlog,42,knn+zscore,0.3681272268295288,0.0095796884638448,0.339109357737898,0.4551897576588934,0.9074074074074074,0.9033989266547406,0.1314605783533167
heart_statlog,42,knn+winsor,0.3566906452178955,0.0121154971815058,0.3372691112345769,0.4853680841335162,0.9074074074074074,0.9033989266547406,0.1186028476114626
heart_statlog,42,knn+winsor+zscore,0.3691209256649017,0.012115497181506,0.3372691112345769,0.4853680841335162,0.9074074074074074,0.9033989266547406,0.1247622083734582
heart_statlog,42,knn+yeojohnson,0.3679685890674591,0.0100748906810089,0.3259382731713293,0.4564471879286694,0.8888888888888888,0.8831168831168831,0.1513904686327334
heart_statlog,42,knn+yeojohnson+zscore,0.3698271512985229,0.010074890594064,0.3259382722772131,0.4564471879286694,0.9074074074074074,0.9033989266547406,0.145506539830455
heart_statlog,42,knn+winsor+yeojohnson,0.3620366752147674,0.0124390538151742,0.3300415166256708,0.4812528577960677,0.9074074074074074,0.9033989266547406,0.1329675813515981
heart_statlog,42,knn+winsor+yeojohnson+zscore,0.3762513399124145,0.0124390538151741,0.3300415166256709,0.4812528577960677,0.9074074074074074,0.9033989266547406,0.1469328933291965
heart_statlog,42,knn+quantile,0.3778865039348602,0.0085509818692343,0.3612232142562759,0.456904435299497,0.8888888888888888,0.8831168831168831,0.1252511684541349
heart_statlog,42,knn+quantile+zscore,0.3779124617576599,0.008550981864943,0.3612232132883345,0.456904435299497,0.8888888888888888,0.8831168831168831,0.1180164571161623
heart_statlog,42,knn+winsor+quantile,0.3759578764438629,0.0116804195324158,0.3711469586470104,0.4706218564243256,0.8888888888888888,0.8831168831168831,0.1275459505893565
heart_statlog,42,knn+winsor+quantile+zscore,0.3719527423381805,0.0116804195324158,0.3711469586470104,0.4706218564243256,0.8888888888888888,0.8831168831168831,0.1291623005160579
heart_statlog,1,mean,0.3072072565555572,0.0080354059944833,0.3401139399772172,0.4764517604023777,0.8888888888888888,0.8849431818181819,0.0924527214633093
heart_statlog,1,mean+zscore,0.2972743511199951,0.0080354059085239,0.3401139430236145,0.4764517604023777,0.8888888888888888,0.8849431818181819,0.0590606265597873
heart_statlog,1,mean+winsor,0.3078419268131256,0.0078392666688119,0.3235337197969617,0.4698216735253772,0.8888888888888888,0.8849431818181819,0.0872254625514701
heart_statlog,1,mean+winsor+zscore,0.2988997101783752,0.0078392666688121,0.3235337197969617,0.4698216735253772,0.8888888888888888,0.8849431818181819,0.0552436554873431
heart_statlog,1,mean+yeojohnson,0.2963998019695282,0.0074972544721868,0.3080522374400724,0.4684499314128944,0.8888888888888888,0.8849431818181819,0.0468376157460389
heart_statlog,1,mean+yeojohnson+zscore,0.2945306599140167,0.007497254480747,0.3080522398366314,0.4684499314128944,0.8888888888888888,0.8849431818181819,0.0542480724829214
heart_statlog,1,mean+winsor+yeojohnson,0.2921231389045715,0.0075272966071154,0.314415323392423,0.4668495656149977,0.8888888888888888,0.8849431818181819,0.0961219933297899
heart_statlog,1,mean+winsor+yeojohnson+zscore,0.2881267368793487,0.0075272966071157,0.314415323392423,0.4668495656149977,0.8888888888888888,0.8849431818181819,0.0530144174893697
heart_statlog,1,mean+quantile,0.2904434502124786,0.0072523268575366,0.3522146046793382,0.4773662551440329,0.8888888888888888,0.8849431818181819,0.1008898648950788
heart_statlog,1,mean+quantile+zscore,0.2955185770988464,0.0072523268705749,0.352214604383488,0.4773662551440329,0.8888888888888888,0.8849431818181819,0.0771401932945957
heart_statlog,1,mean+winsor+quantile,0.2928476631641388,0.007278387227774,0.374868909369888,0.4908550525834476,0.8888888888888888,0.8849431818181819,0.0590586143511313
heart_statlog,1,mean+winsor+quantile+zscore,0.2993998229503631,0.007278387227774,0.3748689093698881,0.4908550525834476,0.9074074074074074,0.9047619047619048,0.0805364085568322
heart_statlog,1,median,0.3301685154438019,0.0076490669732535,0.3954404822687688,0.4815957933241883,0.8518518518518519,0.8485273492286115,0.0734358694818284
heart_statlog,1,median+zscore,0.3259483873844147,0.0076490669999214,0.3954404827381385,0.4815957933241883,0.8703703703703703,0.8666666666666667,0.0831423655704215
heart_statlog,1,median+winsor,0.3448497354984283,0.0120969461913975,0.4105439876787671,0.4730224051211706,0.8518518518518519,0.8465909090909092,0.0250432623757256
heart_statlog,1,median+winsor+zscore,0.3325725793838501,0.0120969461913975,0.4105439876787671,0.4730224051211706,0.8703703703703703,0.8666666666666667,0.0470118235658716
heart_statlog,1,median+yeojohnson,0.3280005753040313,0.0073518486309173,0.3804199346910059,0.4699359853680842,0.8518518518518519,0.8485273492286115,0.0663991890571735
heart_statlog,1,median+yeojohnson+zscore,0.3184997141361236,0.0073518486015279,0.3804199345940338,0.4699359853680842,0.8518518518518519,0.8465909090909092,0.0535642030062498
heart_statlog,1,median+winsor+yeojohnson,0.3397596180438995,0.0117547557758038,0.4034170033280145,0.4642203932327389,0.8518518518518519,0.8465909090909092,0.036052742490062
heart_statlog,1,median+winsor+yeojohnson+zscore,0.3306955993175506,0.0117547557758037,0.4034170033280145,0.4642203932327389,0.8888888888888888,0.8849431818181819,0.0658365719848209
heart_statlog,1,median+quantile,0.3247348368167877,0.0071223174767834,0.4110254102955401,0.4698216735253771,0.8703703703703703,0.8666666666666667,0.076112593765612
heart_statlog,1,median+quantile+zscore,0.3189189732074737,0.0071223175537813,0.4110254093635068,0.4698216735253771,0.8703703703703703,0.8666666666666667,0.0672167749316604
heart_statlog,1,median+winsor+quantile,0.3351360559463501,0.0128840332456797,0.4593469208432554,0.4806812985825331,0.8703703703703703,0.8666666666666667,0.042772122003414
heart_statlog,1,median+winsor+quantile+zscore,0.3352963626384735,0.0128840332456799,0.4593469208432554,0.4806812985825331,0.8703703703703703,0.8666666666666667,0.0429785748322804
heart_statlog,1,knn,0.3027004301548004,0.0086786250988754,0.332668767131222,0.4740512117055327,0.8703703703703703,0.8666666666666667,0.0602603731332001
heart_statlog,1,knn+zscore,0.2989692389965057,0.0086786250307373,0.3326687657159391,0.4740512117055327,0.8703703703703703,0.8666666666666667,0.0739208592308892
heart_statlog,1,knn+winsor,0.3071228563785553,0.0085730775933265,0.3253829395923583,0.4659350708733425,0.8703703703703703,0.8666666666666667,0.0686507765893582
heart_statlog,1,knn+winsor+zscore,0.2999863028526306,0.0085730775933264,0.3253829395923585,0.4659350708733425,0.8703703703703703,0.8666666666666667,0.0735586771258601
heart_statlog,1,knn+yeojohnson,0.2925285696983337,0.0083222271120246,0.3069548156454644,0.4639917695473251,0.8703703703703703,0.8666666666666667,0.0694358392998024
heart_statlog,1,knn+yeojohnson+zscore,0.2931728363037109,0.0083222271048731,0.3069548156701076,0.4639917695473251,0.8703703703703703,0.8666666666666667,0.0707372857464684
heart_statlog,1,knn+winsor+yeojohnson,0.2957744002342224,0.0083692243046747,0.3103703518795185,0.4625057155921353,0.8703703703703703,0.8666666666666667,0.0714274015691545
heart_statlog,1,knn+winsor+yeojohnson+zscore,0.2970664501190185,0.0083692243046749,0.3103703518795185,0.4625057155921353,0.8703703703703703,0.8666666666666667,0.0738104338999147
heart_statlog,1,knn+quantile,0.2899172604084015,0.0076026920015465,0.3551064281807398,0.4738225880201188,0.9074074074074074,0.9047619047619048,0.0687624878353542
heart_statlog,1,knn+quantile+zscore,0.2896035015583038,0.0076026920475934,0.3551064281632924,0.4738225880201188,0.8888888888888888,0.8849431818181819,0.0545738471878899
heart_statlog,1,knn+winsor+quantile,0.2903613448143005,0.0077354082808879,0.3695892610618984,0.4805669867398262,0.9074074074074074,0.9047619047619048,0.066425178889875
heart_statlog,1,knn+winsor+quantile+zscore,0.2891052663326263,0.0077354082808879,0.3695892610618984,0.4805669867398262,0.9074074074074074,0.9047619047619048,0.0713834850876419
heart_statlog,2,mean,0.3672138452529907,0.012891225347242,0.3344943147553375,0.4745084590763602,0.8333333333333334,0.8332761578044596,0.0807172291808658
heart_statlog,2,mean+zscore,0.3746466338634491,0.0128912254599085,0.3344943127592154,0.4745084590763602,0.8333333333333334,0.8332761578044596,0.0679105520248413
heart_statlog,2,mean+winsor,0.3619492053985595,0.0129135117733831,0.3212200753055775,0.4765660722450846,0.8333333333333334,0.8332761578044596,0.0386413998074001
heart_statlog,2,mean+winsor+zscore,0.3780487775802612,0.0129135117733832,0.3212200753055775,0.4765660722450846,0.8333333333333334,0.8332761578044596,0.0879802692819524
heart_statlog,2,mean+yeojohnson,0.3741527497768402,0.0126129272692574,0.3063004539903154,0.4753086419753086,0.8148148148148148,0.8148148148148148,0.052359797336437
heart_statlog,2,mean+yeojohnson+zscore,0.3883562684059143,0.0126129274494414,0.3063004540192293,0.4753086419753086,0.8333333333333334,0.8332761578044596,0.1272794648453041
heart_statlog,2,mean+winsor+yeojohnson,0.3674644529819488,0.0126800260548136,0.3109728023003864,0.4707361682670325,0.8333333333333334,0.8332761578044596,0.0340770438865379
heart_statlog,2,mean+winsor+yeojohnson+zscore,0.3789926469326019,0.0126800260548136,0.3109728023003864,0.4707361682670325,0.8333333333333334,0.8332761578044596,0.1094937975759859
heart_statlog,2,mean+quantile,0.3740685880184173,0.0116531951601258,0.3509911967421283,0.4793095564700503,0.8333333333333334,0.8332761578044596,0.0319367603019431
heart_statlog,2,mean+quantile+zscore,0.3717133998870849,0.0116531953085877,0.3509911976202267,0.4793095564700503,0.8333333333333334,0.8332761578044596,0.0706695803889522
heart_statlog,2,mean+winsor+quantile,0.3808063864707947,0.0120799845145376,0.3645879918681517,0.4763374485596707,0.8333333333333334,0.8332761578044596,0.0496679312653011
heart_statlog,2,mean+winsor+quantile+zscore,0.3732931017875671,0.0120799845145376,0.3645879918681516,0.4763374485596707,0.8333333333333334,0.8332761578044596,0.0612461566925048
heart_statlog,2,median,0.4380652606487274,0.0125483542533022,0.3933165104291035,0.4722222222222221,0.7777777777777778,0.7777777777777778,0.0885783511179464
heart_statlog,2,median+zscore,0.427385151386261,0.0125483543111526,0.3933165092629993,0.4722222222222221,0.7592592592592593,0.7591766723842196,0.1082531081305609
heart_statlog,2,median+winsor,0.4404138922691345,0.0149676265418086,0.3952890456863241,0.4804526748971193,0.7592592592592593,0.7591766723842196,0.1107569745293369
heart_statlog,2,median+winsor+zscore,0.4374603033065796,0.0149676265418086,0.3952890456863241,0.4804526748971193,0.7592592592592593,0.7591766723842196,0.1051139191344932
heart_statlog,2,median+yeojohnson,0.4460722208023071,0.012241064285835,0.3803739264923705,0.4770233196159122,0.7592592592592593,0.7591766723842196,0.1411710337356284
heart_statlog,2,median+yeojohnson+zscore,0.4275465011596679,0.0122410641680523,0.3803739255930793,0.4770233196159122,0.7592592592592593,0.7591766723842196,0.1054373626355771
heart_statlog,2,median+winsor+yeojohnson,0.4416335821151733,0.0145626258971046,0.3878153141937325,0.4882258802011889,0.7592592592592593,0.7591766723842196,0.1097571132359681
heart_statlog,2,median+winsor+yeojohnson+zscore,0.4361714124679565,0.0145626258971046,0.3878153141937325,0.4882258802011889,0.7592592592592593,0.7591766723842196,0.1102783050802019
heart_statlog,2,median+quantile,0.4311876893043518,0.011494867648351,0.410656019028209,0.4838820301783265,0.7592592592592593,0.7591766723842196,0.1144390768475002
heart_statlog,2,median+quantile+zscore,0.4273943603038788,0.0114948675181274,0.4106560166781426,0.4838820301783265,0.7592592592592593,0.7591766723842196,0.1158032869851147
heart_statlog,2,median+winsor+quantile,0.4305988252162933,0.0147809485540669,0.4343384273547442,0.491655235482396,0.7592592592592593,0.7591766723842196,0.1036867311707249
heart_statlog,2,median+winsor+quantile+zscore,0.433241993188858,0.0147809485540669,0.4343384273547442,0.491655235482396,0.7592592592592593,0.7591766723842196,0.1057392535386262
heart_statlog,2,knn,0.3839490711688995,0.0133021903784352,0.338122608176849,0.4770233196159122,0.8333333333333334,0.8332761578044596,0.0745723081959618
heart_statlog,2,knn+zscore,0.3847995102405548,0.0133021904747528,0.338122609076679,0.4770233196159122,0.8333333333333334,0.8332761578044596,0.0541555219226413
heart_statlog,2,knn+winsor,0.3782051801681518,0.0158293390574485,0.3436807593106178,0.4819387288523091,0.8333333333333334,0.8332761578044596,0.1023134026262495
heart_statlog,2,knn+winsor+zscore,0.3763045072555542,0.0158293390574485,0.3436807593106178,0.4819387288523091,0.8518518518518519,0.8516483516483516,0.1188811637737132
heart_statlog,2,knn+yeojohnson,0.3832721412181854,0.013143060760083,0.3125728695501154,0.4897119341563786,0.8333333333333334,0.8332761578044596,0.0859541330072615
heart_statlog,2,knn+yeojohnson+zscore,0.3807766735553741,0.0131430605171168,0.3125728678216398,0.4897119341563786,0.8333333333333334,0.8332761578044596,0.0765548447767893
heart_statlog,2,knn+winsor+yeojohnson,0.3896108567714691,0.0156762764643186,0.3277357351917565,0.4894833104709648,0.8333333333333334,0.8332761578044596,0.0800384338255281
heart_statlog,2,knn+winsor+yeojohnson+zscore,0.37342369556427,0.0156762764643184,0.3277357351917565,0.4894833104709648,0.8518518518518519,0.8516483516483516,0.1082318347913247
heart_statlog,2,knn+quantile,0.3749904334545135,0.0118066680069572,0.3563538018862786,0.4898262459990856,0.8333333333333334,0.8332761578044596,0.0469652326018722
heart_statlog,2,knn+quantile+zscore,0.3729376196861267,0.0118066680687273,0.3563538010117914,0.4898262459990856,0.8333333333333334,0.8332761578044596,0.0610564240702876
heart_statlog,2,knn+winsor+quantile,0.3740076720714569,0.0151200291384189,0.3803384902082786,0.4938271604938271,0.8333333333333334,0.8332761578044596,0.0911391454714316
heart_statlog,2,knn+winsor+quantile+zscore,0.3755529522895813,0.0151200291384189,0.3803384902082786,0.4938271604938271,0.8333333333333334,0.8332761578044596,0.092629791409881
heart_statlog,3,mean,0.3431119620800018,0.0104838025000698,0.3304687006460651,0.4647919524462734,0.9074074074074074,0.9058249040809208,0.1132412685288323
heart_statlog,3,mean+zscore,0.3396807909011841,0.0104838024562234,0.3304687010944749,0.4647919524462734,0.8888888888888888,0.8875,0.0979804507008305
heart_statlog,3,mean+winsor,0.3447776138782501,0.0100467677241995,0.3155477114589982,0.4681069958847736,0.9074074074074074,0.9058249040809208,0.1168996150846834
heart_statlog,3,mean+winsor+zscore,0.3398027122020721,0.0100467677241995,0.3155477114589982,0.4681069958847736,0.8888888888888888,0.8875,0.0984564743660114
heart_statlog,3,mean+yeojohnson,0.3408234417438507,0.0094714246380552,0.3006863086856771,0.4755372656607224,0.8888888888888888,0.8875,0.0924457874563005
heart_statlog,3,mean+yeojohnson+zscore,0.3414014875888824,0.0094714246522001,0.3006863077052684,0.4755372656607224,0.8888888888888888,0.8875,0.0967905355824364
heart_statlog,3,mean+winsor+yeojohnson,0.3475158512592315,0.009336469699286,0.3048729479862768,0.4782807498856882,0.8888888888888888,0.8875,0.0935280676241273
heart_statlog,3,mean+winsor+yeojohnson+zscore,0.3378830552101135,0.009336469699286,0.3048729479862768,0.4782807498856882,0.8888888888888888,0.8875,0.0973031057251824
heart_statlog,3,mean+quantile,0.3297239542007446,0.0089834108671376,0.3433290243742734,0.4721079103795153,0.9074074074074074,0.9058249040809208,0.1108044231379473
heart_statlog,3,mean+quantile+zscore,0.3335196077823639,0.0089834109093965,0.3433290215072868,0.4721079103795153,0.8888888888888888,0.8875,0.0929537912209828
heart_statlog,3,mean+winsor+quantile,0.3243530392646789,0.0088940616860341,0.358817941835575,0.4644490169181527,0.8888888888888888,0.8875,0.102429398783931
heart_statlog,3,mean+winsor+quantile+zscore,0.3272443413734436,0.0088940616860341,0.3588179418355751,0.4644490169181527,0.8888888888888888,0.8875,0.1042272525805014
heart_statlog,3,median,0.3942677974700928,0.0103945646627813,0.3960569898416374,0.4606767261088249,0.8333333333333334,0.8285714285714285,0.0832069979773627
heart_statlog,3,median+zscore,0.3784202635288238,0.0103945646048622,0.3960569884451549,0.4606767261088249,0.9074074074074074,0.9058249040809208,0.1442916536772692
heart_statlog,3,median+winsor,0.369135320186615,0.0133892692019712,0.4140434001485606,0.4899405578417923,0.8703703703703703,0.8681548657132891,0.1010125080744425
heart_statlog,3,median+winsor+zscore,0.3645723760128021,0.0133892692019713,0.4140434001485606,0.4899405578417923,0.8703703703703703,0.8681548657132891,0.0885593129528893
heart_statlog,3,median+yeojohnson,0.385011613368988,0.009938969762222,0.3835502142286195,0.4558756287151349,0.8888888888888888,0.8863955119214586,0.1097201395917821
heart_statlog,3,median+yeojohnson+zscore,0.3807266652584076,0.009938969705427,0.3835502152442643,0.4558756287151349,0.9074074074074074,0.9058249040809208,0.176626643648854
heart_statlog,3,median+winsor+yeojohnson,0.3683863282203674,0.0128251209074061,0.4076932055267496,0.4933699131229995,0.8703703703703703,0.8681548657132891,0.0958121683862474
heart_statlog,3,median+winsor+yeojohnson+zscore,0.3659969866275787,0.0128251209074062,0.4076932055267496,0.4933699131229995,0.8703703703703703,0.8681548657132891,0.0874137922569557
heart_statlog,3,median+quantile,0.3817849457263946,0.0093144942345743,0.4137680211629689,0.4589620484682213,0.8888888888888888,0.8863955119214586,0.1095217554657547
heart_statlog,3,median+quantile+zscore,0.3766889274120331,0.0093144942500275,0.413768023862905,0.4589620484682213,0.8888888888888888,0.8863955119214586,0.1073687164871781
heart_statlog,3,median+winsor+quantile,0.3629409968852997,0.0136972222389349,0.457009264765041,0.4889117512574303,0.8703703703703703,0.8681548657132891,0.0911676696053257
heart_statlog,3,median+winsor+quantile+zscore,0.3537940680980682,0.0136972222389349,0.457009264765041,0.4889117512574303,0.8703703703703703,0.8681548657132891,0.0809853849587617
heart_statlog,3,knn,0.3440766036510467,0.0120824991483355,0.3272261287855503,0.4683356195701875,0.8518518518518519,0.8500000000000001,0.127139804539857
heart_statlog,3,knn+zscore,0.3386915922164917,0.0120824991522396,0.3272261274811986,0.4683356195701875,0.8703703703703703,0.8681548657132891,0.1037308485419661
heart_statlog,3,knn+winsor,0.3451478481292724,0.011872152505174,0.3206854255446787,0.4701646090534979,0.8518518518518519,0.8500000000000001,0.1267260202655085
heart_statlog,3,knn+winsor+zscore,0.339926540851593,0.0118721525051741,0.3206854255446786,0.4701646090534979,0.8888888888888888,0.8875,0.0894170900185903
heart_statlog,3,knn+yeojohnson,0.3411015272140503,0.0116574020653985,0.3034763584138406,0.4765660722450846,0.8703703703703703,0.8692493946731235,0.0708787121154643
heart_statlog,3,knn+yeojohnson+zscore,0.3346698880195617,0.0116574020683172,0.3034763570217307,0.4765660722450846,0.8888888888888888,0.8875,0.0894319050841861
heart_statlog,3,knn+winsor+yeojohnson,0.3416837155818939,0.0116188805631555,0.3056254088550935,0.4761088248742569,0.8703703703703703,0.8692493946731235,0.0916872565393094
heart_statlog,3,knn+winsor+yeojohnson+zscore,0.3377115428447723,0.0116188805631555,0.3056254088550935,0.4761088248742569,0.8888888888888888,0.8875,0.0886947026959171
heart_statlog,3,knn+quantile,0.3210048973560333,0.0101067753345664,0.343880394279726,0.4747370827617741,0.9074074074074074,0.9058249040809208,0.1017475680068687
heart_statlog,3,knn+quantile+zscore,0.3220113217830658,0.0101067754395767,0.343880394087746,0.4747370827617741,0.8888888888888888,0.8875,0.092639441843386
heart_statlog,3,knn+winsor+quantile,0.3175135850906372,0.0099076855746201,0.3576837423314439,0.4678783721993598,0.8888888888888888,0.8875,0.1119769944085015
heart_statlog,3,knn+winsor+quantile+zscore,0.3174645602703094,0.0099076855746201,0.3576837423314439,0.4678783721993598,0.8888888888888888,0.8875,0.1259052157402038
heart_statlog,4,mean,0.4407698810100555,0.0133136650759591,0.3374940369622972,0.4706218564243256,0.7222222222222222,0.7142857142857142,0.1571292060392874
heart_statlog,4,mean+zscore,0.437090128660202,0.0133136651799039,0.3374940401863204,0.4706218564243256,0.7222222222222222,0.7142857142857142,0.1606520524731388
heart_statlog,4,mean+winsor,0.4424853026866913,0.0126320261821756,0.3181468697802216,0.4699359853680842,0.7222222222222222,0.7142857142857142,0.1636448325934233
heart_statlog,4,mean+winsor+zscore,0.4322352111339569,0.0126320261821756,0.3181468697802217,0.4699359853680842,0.7407407407407407,0.7349228611500701,0.1485340164767371
heart_statlog,4,mean+yeojohnson,0.4420986473560333,0.0122478580706523,0.3062376116027752,0.4630772748056699,0.7592592592592593,0.7551447506103941,0.1413802670107947
heart_statlog,4,mean+yeojohnson+zscore,0.4352017939090729,0.012247858027921,0.3062376100258263,0.4630772748056699,0.7407407407407407,0.7349228611500701,0.1422471713136743
heart_statlog,4,mean+winsor+yeojohnson,0.4428778886795044,0.0120622098151556,0.3095042778714078,0.4607910379515318,0.7592592592592593,0.7551447506103941,0.1263907927053946
heart_statlog,4,mean+winsor+yeojohnson+zscore,0.4435243606567383,0.0120622098151554,0.3095042778714078,0.4607910379515318,0.7592592592592593,0.7551447506103941,0.1420803621963218
heart_statlog,4,mean+quantile,0.4500857889652252,0.0116468596203227,0.3497713217210094,0.4492455418381344,0.7592592592592593,0.7551447506103941,0.071202779257739
heart_statlog,4,mean+quantile+zscore,0.4445274174213409,0.011646859639755,0.3497713218183809,0.4492455418381344,0.7407407407407407,0.7349228611500701,0.0811488540084273
heart_statlog,4,mean+winsor+quantile,0.4529026448726654,0.0119890883918479,0.3484588162951768,0.4523319615912209,0.7592592592592593,0.7551447506103941,0.0936161820535306
heart_statlog,4,mean+winsor+quantile+zscore,0.4480650126934051,0.011989088391848,0.3484588162951768,0.4523319615912209,0.7592592592592593,0.7551447506103941,0.073836827719653
heart_statlog,4,median,0.4287251830101013,0.013051559299987,0.4028209292939664,0.4791952446273433,0.7962962962962963,0.7904761904761904,0.0789650557217774
heart_statlog,4,median+zscore,0.4323199987411499,0.0130515590387612,0.4028209298115677,0.4791952446273433,0.7777777777777778,0.7727910238429172,0.0661136817049097
heart_statlog,4,median+winsor,0.4431657195091247,0.016404090080215,0.4161020148863296,0.4738225880201188,0.7777777777777778,0.7727910238429172,0.0465029963740596
heart_statlog,4,median+winsor+zscore,0.4515710473060608,0.016404090080215,0.4161020148863296,0.4738225880201188,0.7962962962962963,0.7904761904761904,0.0677831537193722
heart_statlog,4,median+yeojohnson,0.4321832060813904,0.0124897007448289,0.3916441340962334,0.4773662551440329,0.7777777777777778,0.7727910238429172,0.0744037186657941
heart_statlog,4,median+yeojohnson+zscore,0.4285197854042053,0.0124897007795596,0.3916441342237916,0.4773662551440329,0.7777777777777778,0.7727910238429172,0.0631273653772142
heart_statlog,4,median+winsor+yeojohnson,0.4432847499847412,0.0156649422008965,0.4104597279379451,0.4678783721993598,0.7962962962962963,0.7904761904761904,0.0934873223304749
heart_statlog,4,median+winsor+yeojohnson+zscore,0.4521878659725189,0.0156649422008967,0.4104597279379453,0.4678783721993598,0.7777777777777778,0.7727910238429172,0.0643290601394794
heart_statlog,4,median+quantile,0.4396739900112152,0.0122660057926977,0.418752239442353,0.4603337905807041,0.7777777777777778,0.7727910238429172,0.0544110746295363
heart_statlog,4,median+quantile+zscore,0.4391787350177765,0.0122660058057828,0.4187522394413799,0.4603337905807041,0.7777777777777778,0.7727910238429172,0.0576941437191433
heart_statlog,4,median+winsor+quantile,0.4569088518619537,0.0168392765359249,0.4413280576288704,0.4596479195244627,0.7592592592592593,0.7551447506103941,0.0929213243502157
heart_statlog,4,median+winsor+quantile+zscore,0.4556032717227936,0.0168392765359249,0.4413280576288706,0.4596479195244627,0.7777777777777778,0.7727910238429172,0.0688159697585635
heart_statlog,4,knn,0.485355406999588,0.014927596574477,0.3476352786704608,0.4775948788294468,0.7222222222222222,0.7142857142857142,0.1052977464817188
heart_statlog,4,knn+zscore,0.4843383133411407,0.0149275965704427,0.3476352767485021,0.4775948788294468,0.7222222222222222,0.7142857142857142,0.1115304297871059
heart_statlog,4,knn+winsor,0.4698705375194549,0.0161581750941113,0.3502065891562911,0.4875400091449474,0.7407407407407407,0.7315340909090908,0.0945256639409948
heart_statlog,4,knn+winsor+zscore,0.4576821029186249,0.0161581750941113,0.3502065891562912,0.4875400091449474,0.7222222222222222,0.7142857142857142,0.1109960752504843
heart_statlog,4,knn+yeojohnson,0.4818635582923889,0.0146156234631175,0.3268386463537006,0.4749657064471879,0.7407407407407407,0.7315340909090908,0.0850059379030157
heart_statlog,4,knn+yeojohnson+zscore,0.4781132340431213,0.0146156234233222,0.3268386451582385,0.4749657064471879,0.7407407407407407,0.7315340909090908,0.1143215475259003
heart_statlog,4,knn+winsor+yeojohnson,0.4708994328975677,0.0162475579632673,0.3372405600703284,0.4822816643804298,0.7407407407407407,0.7315340909090908,0.0900260143809848
heart_statlog,4,knn+winsor+yeojohnson+zscore,0.4631768763065338,0.016247557963267,0.3372405600703282,0.4822816643804298,0.7222222222222222,0.7142857142857142,0.1059394798896931
heart_statlog,4,knn+quantile,0.4892367720603943,0.0130967816314576,0.363907900858226,0.4550754458161866,0.7407407407407407,0.7349228611500701,0.0941980845398372
heart_statlog,4,knn+quantile+zscore,0.4886865019798279,0.0130967816259203,0.3639078992001368,0.4550754458161866,0.7407407407407407,0.7349228611500701,0.1075794012458235
heart_statlog,4,knn+winsor+quantile,0.4656864404678345,0.0152152990058909,0.3705089933574186,0.469935985368084,0.7222222222222222,0.7142857142857142,0.1169928223998458
heart_statlog,4,knn+winsor+quantile+zscore,0.4686143398284912,0.0152152990058906,0.3705089933574186,0.469935985368084,0.7222222222222222,0.7142857142857142,0.1163222867029684
heart_statlog,5,mean,0.4715839922428131,0.0113595781186685,0.3452337254475799,0.4435299497027891,0.8333333333333334,0.8318920788654445,0.0717912790951905
heart_statlog,5,mean+zscore,0.4525111615657806,0.0113595780966749,0.3452337253933356,0.4435299497027891,0.8333333333333334,0.8318920788654445,0.0807981866377371
heart_statlog,5,mean+winsor,0.46875861287117,0.0128182706266505,0.3445729175639752,0.4474165523548239,0.8333333333333334,0.8318920788654445,0.0771734438560627
heart_statlog,5,mean+winsor+zscore,0.4515583217144012,0.0128182706266504,0.3445729175639752,0.4474165523548239,0.8333333333333334,0.8318920788654445,0.0821765881997567
heart_statlog,5,mean+yeojohnson,0.4713299572467804,0.011663144060576,0.3164073999238455,0.4502743484224965,0.8148148148148148,0.8125,0.0770785907904306
heart_statlog,5,mean+yeojohnson+zscore,0.4538002014160156,0.0116631441822863,0.3164074019108447,0.4502743484224965,0.8148148148148148,0.8125,0.0619113014803992
heart_statlog,5,mean+winsor+yeojohnson,0.4692923128604889,0.0130090985145102,0.334826561986645,0.4498171010516689,0.8148148148148148,0.8125,0.0728892330770139
heart_statlog,5,mean+winsor+yeojohnson+zscore,0.4534185826778412,0.0130090985145101,0.3348265619866449,0.4498171010516689,0.8333333333333334,0.8318920788654445,0.0808420998078805
heart_statlog,5,mean+quantile,0.4553601443767547,0.0114650589478935,0.3501224629463582,0.449702789208962,0.8333333333333334,0.8318920788654445,0.0855709877279069
heart_statlog,5,mean+quantile+zscore,0.460965484380722,0.0114650590188197,0.3501224617737679,0.449702789208962,0.8148148148148148,0.8125,0.0827962204262062
heart_statlog,5,mean+winsor+quantile,0.4520703852176666,0.012172711322101,0.4018101508629934,0.461705532693187,0.8333333333333334,0.8318920788654445,0.0769846019921479
heart_statlog,5,mean+winsor+quantile+zscore,0.4602492153644562,0.012172711322101,0.4018101508629934,0.461705532693187,0.8333333333333334,0.8318920788654445,0.0621407594945695
heart_statlog,5,median,0.4206041097640991,0.010742101146143,0.4049369674177949,0.4307270233196159,0.7962962962962963,0.7956656346749226,0.0691874104517477
heart_statlog,5,median+zscore,0.4156666100025177,0.0107421012263084,0.4049369680529402,0.4307270233196159,0.8148148148148148,0.8137931034482759,0.0425004639007427
heart_statlog,5,median+winsor,0.4391624927520752,0.01481099753929,0.4182475387558467,0.4561042524005487,0.7962962962962963,0.7956656346749226,0.0736754061999144
heart_statlog,5,median+winsor+zscore,0.4279337227344513,0.01481099753929,0.4182475387558467,0.4561042524005487,0.7777777777777778,0.7774725274725275,0.0678165135560212
heart_statlog,5,median+yeojohnson,0.4316805303096771,0.0107351688047202,0.3907615001936925,0.4258116140832189,0.7962962962962963,0.7956656346749226,0.070235545988436
heart_statlog,5,median+yeojohnson+zscore,0.4216020405292511,0.0107351688588981,0.3907615001018697,0.4258116140832189,0.8148148148148148,0.8137931034482759,0.0452649295330047
heart_statlog,5,median+winsor+yeojohnson,0.439393013715744,0.0146638437864644,0.4114111923142243,0.4537037037037037,0.7777777777777778,0.7774725274725275,0.0733834560270662
heart_statlog,5,median+winsor+yeojohnson+zscore,0.4314903616905212,0.0146638437864643,0.4114111923142243,0.4537037037037037,0.7777777777777778,0.7774725274725275,0.0946941673755645
heart_statlog,5,median+quantile,0.4325916469097137,0.0108072036010361,0.4101319796707073,0.4312985825331504,0.8148148148148148,0.8137931034482759,0.0826942081804628
heart_statlog,5,median+quantile+zscore,0.4275625646114349,0.0108072034464096,0.4101319786447802,0.4312985825331504,0.8148148148148148,0.8137931034482759,0.0824159096788477
heart_statlog,5,median+winsor+quantile,0.4393953382968902,0.0149210343719369,0.468724651436065,0.4565614997713763,0.7962962962962963,0.7956656346749226,0.0828684899542066
heart_statlog,5,median+winsor+quantile+zscore,0.4342069327831268,0.0149210343719369,0.468724651436065,0.4565614997713763,0.7962962962962963,0.7956656346749226,0.0711428346457304
heart_statlog,5,knn,0.453700304031372,0.0121705607817841,0.3457750116795894,0.438957475994513,0.8518518518518519,0.8510344827586207,0.0963522747710899
heart_statlog,5,knn+zscore,0.454263836145401,0.012170560810803,0.3457750104611773,0.438957475994513,0.8518518518518519,0.8510344827586207,0.0867155227396223
heart_statlog,5,knn+winsor,0.45517298579216,0.0136197997648889,0.3470095953024467,0.4420438957475994,0.8518518518518519,0.8510344827586207,0.1016550008897428
heart_statlog,5,knn+winsor+zscore,0.4445962905883789,0.013619799764889,0.3470095953024467,0.4420438957475994,0.8518518518518519,0.8510344827586207,0.0999845740971742
heart_statlog,5,knn+yeojohnson,0.4659661948680877,0.0125646708388253,0.3209433774952946,0.4475308641975308,0.8518518518518519,0.8510344827586207,0.1037027350178471
heart_statlog,5,knn+yeojohnson+zscore,0.4589990079402923,0.0125646708536809,0.3209433768331377,0.4475308641975308,0.8518518518518519,0.8510344827586207,0.1008980980625859
heart_statlog,5,knn+winsor+yeojohnson,0.4594667553901672,0.0140343837492503,0.330628486350725,0.446044810242341,0.8518518518518519,0.8510344827586207,0.1025604053779884
heart_statlog,5,knn+winsor+yeojohnson+zscore,0.4463487565517425,0.0140343837492502,0.3306284863507249,0.446044810242341,0.8518518518518519,0.8510344827586207,0.1146036320262485
heart_statlog,5,knn+quantile,0.4634572863578796,0.0116730121065291,0.3551806617737613,0.4441015089163238,0.8518518518518519,0.8510344827586207,0.0906904450169315
heart_statlog,5,knn+quantile+zscore,0.4577030539512634,0.0116730120947016,0.3551806606430023,0.4441015089163238,0.8518518518518519,0.8510344827586207,0.1117725681375574
heart_statlog,5,knn+winsor+quantile,0.4484251141548157,0.0127507824981195,0.3859765422875011,0.4551897576588934,0.8333333333333334,0.8328173374613003,0.0883523667300189
heart_statlog,5,knn+winsor+quantile+zscore,0.4478169083595276,0.0127507824981195,0.3859765422875011,0.4551897576588934,0.8333333333333334,0.8328173374613003,0.0739633021531282
heart_statlog,6,mean,0.2782083451747894,0.0101939825665242,0.3449101353297241,0.4530178326474622,0.925925925925926,0.9242636746143056,0.1237852374712626
heart_statlog,6,mean+zscore,0.2818343341350555,0.0101939825178577,0.3449101341378651,0.4530178326474622,0.925925925925926,0.9242636746143056,0.1303806095211594
heart_statlog,6,mean+winsor,0.2832914888858795,0.0098126471293346,0.3296576810480816,0.4469593049839964,0.9074074074074074,0.9058249040809208,0.1060566758667981
heart_statlog,6,mean+winsor+zscore,0.2829015254974365,0.0098126471293346,0.3296576810480816,0.4469593049839964,0.9074074074074074,0.9058249040809208,0.1125440078753012
heart_statlog,6,mean+yeojohnson,0.2879548668861389,0.0093886473065771,0.3166868066089169,0.4427297668038408,0.925925925925926,0.925,0.1289455382912247
heart_statlog,6,mean+yeojohnson+zscore,0.292075365781784,0.0093886472196423,0.3166868061729868,0.4427297668038408,0.925925925925926,0.9242636746143056,0.1344907835677818
heart_statlog,6,mean+winsor+yeojohnson,0.2880159318447113,0.0093992222781854,0.3189111933047577,0.442615454961134,0.9074074074074074,0.9058249040809208,0.1095302965905931
heart_statlog,6,mean+winsor+yeojohnson+zscore,0.2907054126262665,0.0093992222781854,0.3189111933047577,0.442615454961134,0.8888888888888888,0.8875,0.0967837792855722
heart_statlog,6,mean+quantile,0.2891908884048462,0.0088213730680207,0.3541611560437665,0.4492455418381344,0.9074074074074074,0.9066067104808024,0.1146365514508
heart_statlog,6,mean+quantile+zscore,0.2843250930309295,0.0088213730143725,0.3541611555736442,0.4492455418381344,0.9444444444444444,0.9434949424485524,0.1498197935245655
heart_statlog,6,mean+winsor+quantile,0.2942317724227905,0.0095612444976941,0.3690545867633533,0.4479881115683585,0.925925925925926,0.925,0.1327664134679017
heart_statlog,6,mean+winsor+quantile+zscore,0.2899329960346222,0.0095612444976942,0.3690545867633533,0.4479881115683585,0.925925925925926,0.925,0.1302731666300031
heart_statlog,6,median,0.2604634761810303,0.0099459894087301,0.4008066289877421,0.4598765432098765,0.925925925925926,0.9242636746143056,0.114955930798142
heart_statlog,6,median+zscore,0.2707867324352264,0.0099459894876031,0.4008066303673303,0.4598765432098765,0.8703703703703703,0.8692493946731235,0.1428211110609549
heart_statlog,6,median+winsor,0.2825677692890167,0.0112117136418546,0.399787889463332,0.459419295839049,0.8888888888888888,0.8863955119214586,0.0908105031207755
heart_statlog,6,median+winsor+zscore,0.2938331663608551,0.0112117136418546,0.3997878894633321,0.459419295839049,0.9074074074074074,0.9058249040809208,0.1126634180545806
heart_statlog,6,median+yeojohnson,0.2764290571212768,0.0093391504766107,0.3887263085207109,0.4487882944673068,0.925925925925926,0.925,0.1240336453473126
heart_statlog,6,median+yeojohnson+zscore,0.2792958617210388,0.0093391505084665,0.3887263079306853,0.4487882944673068,0.8888888888888888,0.8882758620689655,0.10943086721279
heart_statlog,6,median+winsor+yeojohnson,0.2916139364242553,0.0109189050509805,0.3953655237447561,0.4507315957933241,0.8888888888888888,0.8863955119214586,0.086840937534968
heart_statlog,6,median+winsor+yeojohnson+zscore,0.2911392450332641,0.0109189050509803,0.3953655237447561,0.4507315957933241,0.9074074074074074,0.9058249040809208,0.1101040784959439
heart_statlog,6,median+quantile,0.2689965069293976,0.0088546954914585,0.4122394589306886,0.4519890260631001,0.9074074074074074,0.9066067104808024,0.1002524119836312
heart_statlog,6,median+quantile+zscore,0.2696022391319275,0.0088546955002702,0.4122394582248599,0.4519890260631001,0.9074074074074074,0.9066067104808024,0.1254203904558111
heart_statlog,6,median+winsor+quantile,0.2822935581207275,0.0114961910305281,0.4378371040235411,0.4590763603109282,0.9074074074074074,0.9066067104808024,0.1128186859466411
heart_statlog,6,median+winsor+quantile+zscore,0.2864488959312439,0.0114961910305281,0.4378371040235411,0.4590763603109282,0.9074074074074074,0.9066067104808024,0.1260275851797174
heart_statlog,6,knn,0.2773177325725555,0.010802335481622,0.3482228971784722,0.4478737997256516,0.925925925925926,0.9242636746143056,0.1259500075269628
heart_statlog,6,knn+zscore,0.2701546251773834,0.0108023356082816,0.3482228983329684,0.4478737997256516,0.9444444444444444,0.9434949424485524,0.1330639797228354
heart_statlog,6,knn+winsor,0.2785688042640686,0.012291813631761,0.3487074546648886,0.4452446273433927,0.925925925925926,0.9242636746143056,0.1179603139559428
heart_statlog,6,knn+winsor+zscore,0.2752963900566101,0.012291813631761,0.3487074546648886,0.4452446273433927,0.9444444444444444,0.9434949424485524,0.1323401751341643
heart_statlog,6,knn+yeojohnson,0.2856514453887939,0.010225121315917,0.3268893799002699,0.4403292181069959,0.9444444444444444,0.9434949424485524,0.159735553794437
heart_statlog,6,knn+yeojohnson+zscore,0.28638356924057,0.0102251213646549,0.3268893789188324,0.4403292181069959,0.9444444444444444,0.9434949424485524,0.1514558527204725
heart_statlog,6,knn+winsor+yeojohnson,0.2900651693344116,0.0120530474891376,0.3380035830325634,0.4396433470507544,0.925925925925926,0.9242636746143056,0.147115221729985
heart_statlog,6,knn+winsor+yeojohnson+zscore,0.2857239246368408,0.0120530474891374,0.3380035830325634,0.4396433470507544,0.9074074074074074,0.9058249040809208,0.1004044932347756
heart_statlog,6,knn+quantile,0.2742687463760376,0.0092378751151718,0.3613615815861586,0.4487882944673068,0.925925925925926,0.925,0.1187184927640137
heart_statlog,6,knn+quantile+zscore,0.2796158790588379,0.0092378750998989,0.3613615816724422,0.4487882944673068,0.9444444444444444,0.9434949424485524,0.1378724354284781
heart_statlog,6,knn+winsor+quantile,0.2724556922912597,0.0118718392383248,0.3832239133265289,0.4546181984453589,0.925925925925926,0.925,0.11658031962536
heart_statlog,6,knn+winsor+quantile+zscore,0.2735423743724823,0.011871839238325,0.3832239133265289,0.4546181984453589,0.925925925925926,0.925,0.1175477736526065
heart_statlog,7,mean,0.4718093276023865,0.009092581766105,0.3413053060830902,0.49039780521262,0.8148148148148148,0.8125,0.1256286082444367
heart_statlog,7,mean+zscore,0.4661913216114044,0.0090925816571414,0.341305305640541,0.49039780521262,0.8148148148148148,0.8125,0.1035710904333326
heart_statlog,7,mean+winsor,0.4715950191020965,0.0090743510214543,0.3319503613872533,0.49039780521262,0.8148148148148148,0.8125,0.124392490696024
heart_statlog,7,mean+winsor+zscore,0.4685724079608917,0.0090743510214545,0.3319503613872533,0.49039780521262,0.8148148148148148,0.8125,0.0864146837481746
heart_statlog,7,mean+yeojohnson,0.4990109205245971,0.0088967324154837,0.3185824468162155,0.478395061728395,0.8148148148148148,0.8125,0.1139068956728334
heart_statlog,7,mean+yeojohnson+zscore,0.4780773222446441,0.0088967325573925,0.3185824465502725,0.478395061728395,0.8148148148148148,0.8125,0.0977931144060911
heart_statlog,7,mean+winsor+yeojohnson,0.4991568028926849,0.0089373924290364,0.3213848397188098,0.4810242341106538,0.8148148148148148,0.8125,0.1139490482983765
heart_statlog,7,mean+winsor+yeojohnson+zscore,0.4795533418655395,0.0089373924290364,0.3213848397188098,0.4810242341106538,0.8148148148148148,0.8125,0.1057201325893402
heart_statlog,7,mean+quantile,0.4947730898857116,0.0081655180787238,0.3518579194245802,0.4725651577503429,0.7962962962962963,0.7945347630577655,0.0832807885275946
heart_statlog,7,mean+quantile+zscore,0.490030288696289,0.0081655181118355,0.3518579207203552,0.4725651577503429,0.8148148148148148,0.8125,0.0732434149141665
heart_statlog,7,mean+winsor+quantile,0.505530834197998,0.0082959479457959,0.3728801499536965,0.4692501143118427,0.7777777777777778,0.776551724137931,0.108971463309394
heart_statlog,7,mean+winsor+quantile+zscore,0.507958710193634,0.0082959479457958,0.3728801499536965,0.4692501143118427,0.7962962962962963,0.7945347630577655,0.0991740458541446
heart_statlog,7,median,0.4148077666759491,0.0087427051611946,0.3973335024132297,0.4927983539094649,0.8518518518518519,0.8485273492286115,0.0952224300967322
heart_statlog,7,median+zscore,0.4177344143390655,0.0087427050436822,0.3973335008031342,0.4927983539094649,0.8333333333333334,0.8285714285714285,0.0470870346934707
heart_statlog,7,median+winsor,0.4188218712806701,0.0108111656199469,0.4026592350383206,0.4980566986739825,0.8333333333333334,0.8285714285714285,0.0590567864753582
heart_statlog,7,median+winsor+zscore,0.4294148981571197,0.0108111656199469,0.4026592350383206,0.4980566986739825,0.8148148148148148,0.8106591865357644,0.0454694264464908
heart_statlog,7,median+yeojohnson,0.424169510602951,0.0085912556887602,0.388001547559039,0.4854823959762231,0.8333333333333334,0.8285714285714285,0.0771854486730363
heart_statlog,7,median+yeojohnson+zscore,0.4315246045589447,0.0085912556729139,0.3880015479555626,0.4854823959762231,0.8333333333333334,0.8285714285714285,0.0588660207059648
heart_statlog,7,median+winsor+yeojohnson,0.4269520938396454,0.0105341860696343,0.3975938198473319,0.4927983539094649,0.8333333333333334,0.8285714285714285,0.0895130137602488
heart_statlog,7,median+winsor+yeojohnson+zscore,0.4323357045650482,0.0105341860696343,0.3975938198473319,0.4927983539094649,0.8148148148148148,0.8106591865357644,0.0426058371861775
heart_statlog,7,median+quantile,0.4364746212959289,0.0079170364620843,0.4070550909474356,0.4850251486053955,0.8148148148148148,0.8106591865357644,0.0245740259135211
heart_statlog,7,median+quantile+zscore,0.4294200539588928,0.0079170364274711,0.4070550925626037,0.4850251486053955,0.8148148148148148,0.8106591865357644,0.0376435131938369
heart_statlog,7,median+winsor+quantile,0.4432636797428131,0.0106619130922338,0.4395825967100763,0.4862825788751714,0.8148148148148148,0.8106591865357644,0.0585135210443426
heart_statlog,7,median+winsor+quantile+zscore,0.4414056539535522,0.0106619130922336,0.4395825967100763,0.4862825788751714,0.7962962962962963,0.7904761904761904,0.1074163052770826
heart_statlog,7,knn,0.4594375491142273,0.0100850488097329,0.33986011463784,0.4961133973479652,0.7962962962962963,0.7928147889780258,0.0986426947293458
heart_statlog,7,knn+zscore,0.4525192975997925,0.0100850488936644,0.3398601157372792,0.4961133973479652,0.7962962962962963,0.7928147889780258,0.1343239258836817
heart_statlog,7,knn+winsor,0.458344042301178,0.0122772330200723,0.3458524140440049,0.498856881572931,0.7962962962962963,0.7928147889780258,0.1259322618996655
heart_statlog,7,knn+winsor+zscore,0.4576386213302612,0.0122772330200722,0.3458524140440049,0.498856881572931,0.7962962962962963,0.7928147889780258,0.1035841891059169
heart_statlog,7,knn+yeojohnson,0.4849076867103576,0.0100610068025408,0.3227969463531221,0.4859396433470507,0.7962962962962963,0.7928147889780258,0.1500219890364894
heart_statlog,7,knn+yeojohnson+zscore,0.4712779521942138,0.0100610066993821,0.3227969451775913,0.4859396433470507,0.7962962962962963,0.7928147889780258,0.1356929684126818
heart_statlog,7,knn+winsor+yeojohnson,0.4781749248504638,0.0121191142076113,0.3352862522477412,0.489140374942844,0.7962962962962963,0.7928147889780258,0.0900007916821374
heart_statlog,7,knn+winsor+yeojohnson+zscore,0.4726614654064178,0.0121191142076115,0.3352862522477411,0.489140374942844,0.7962962962962963,0.7928147889780258,0.0890899576522686
heart_statlog,7,knn+quantile,0.483513593673706,0.0087439410434392,0.3599165514091839,0.4709647919524463,0.7962962962962963,0.7928147889780258,0.1087110285405759
heart_statlog,7,knn+quantile+zscore,0.485544353723526,0.0087439410466506,0.3599165515493788,0.4709647919524463,0.7962962962962963,0.7928147889780258,0.1154546649367721
heart_statlog,7,knn+winsor+quantile,0.5113743543624878,0.0109244399796371,0.3780897073357885,0.4707361682670325,0.7592592592592593,0.7571774472500865,0.1534169095533865
heart_statlog,7,knn+winsor+quantile+zscore,0.5026314854621887,0.0109244399796373,0.3780897073357885,0.4707361682670325,0.7592592592592593,0.7571774472500865,0.1220805876784854
ionosphere,42,mean,0.187864676117897,0.0226719099991394,0.284059880991151,0.4530612244897958,0.9285714285714286,0.9199267902081903,0.0276857197284698
ionosphere,42,mean+zscore,0.1966945379972458,0.0226719100463592,0.2840598810533345,0.4530612244897958,0.9285714285714286,0.9199267902081903,0.0550896159240177
ionosphere,42,mean+winsor,0.1995987147092819,0.0208751394737196,0.2675663898045284,0.4553741496598639,0.9285714285714286,0.9199267902081903,0.0429496450083596
ionosphere,42,mean+winsor+zscore,0.210039347410202,0.0208751394737198,0.2675663898045285,0.4553741496598639,0.9142857142857144,0.9028677150786308,0.0372513694422586
ionosphere,42,mean+yeojohnson,0.1916431784629821,0.0208802677257586,0.2546826067830155,0.4497278911564626,0.9285714285714286,0.9199267902081903,0.0210733882018497
ionosphere,42,mean+yeojohnson+zscore,0.1953073292970657,0.0208802677235602,0.2546826067201918,0.4497278911564626,0.9142857142857144,0.9048913043478262,0.0322278380393981
ionosphere,42,mean+winsor+yeojohnson,0.2072769552469253,0.019783023821312,0.2430180304821131,0.4561224489795918,0.9,0.8878975062914665,0.0567749066012245
ionosphere,42,mean+winsor+yeojohnson+zscore,0.1977071911096573,0.019783023821312,0.2430180304821131,0.4561224489795918,0.9142857142857144,0.9048913043478262,0.0256883527551378
ionosphere,42,mean+quantile,0.2174945026636123,0.0329137600827186,0.3882999643011766,0.4381632653061225,0.9285714285714286,0.9215070643642072,0.0409768342971802
ionosphere,42,mean+quantile+zscore,0.2144928723573684,0.0329137599951415,0.3882999636523537,0.4381632653061225,0.9285714285714286,0.9215070643642072,0.0102512129715511
ionosphere,42,mean+winsor+quantile,0.205994501709938,0.0196220052307403,0.3915409808131427,0.438843537414966,0.9285714285714286,0.9215070643642072,0.0362959027290344
ionosphere,42,mean+winsor+quantile+zscore,0.2040330320596695,0.0196220052307403,0.3915409808131427,0.438843537414966,0.9285714285714286,0.9215070643642072,0.0235510826110839
ionosphere,42,median,0.1759082078933715,0.0229894937278856,0.3087816262664705,0.4553061224489795,0.9285714285714286,0.9215070643642072,0.0290000242846352
ionosphere,42,median+zscore,0.1914755702018737,0.0229894936852038,0.3087816272558395,0.4553061224489795,0.9285714285714286,0.9199267902081903,0.0266832990305764
ionosphere,42,median+winsor,0.2193669229745865,0.0223203633853105,0.3019950819856263,0.4468027210884353,0.9428571428571428,0.9365942028985508,0.0762056606156485
ionosphere,42,median+winsor+zscore,0.2173786908388137,0.0223203633853105,0.3019950819856263,0.4468027210884353,0.9285714285714286,0.9199267902081903,0.056890434878213
ionosphere,42,median+yeojohnson,0.1826099753379821,0.0215328283732865,0.2797776380665663,0.4570748299319727,0.9285714285714286,0.9199267902081903,0.0319876730442047
ionosphere,42,median+yeojohnson+zscore,0.183563157916069,0.021532828158127,0.2797776388355859,0.4570748299319727,0.9285714285714286,0.9215070643642072,0.0278056578976767
ionosphere,42,median+winsor+yeojohnson,0.2149755507707595,0.0213286853834631,0.2707380308884748,0.4493197278911565,0.9285714285714286,0.9215070643642072,0.0477993973663875
ionosphere,42,median+winsor+yeojohnson+zscore,0.212805688381195,0.0213286853834631,0.2707380308884748,0.4493197278911565,0.9,0.8901098901098901,0.0455409577914646
ionosphere,42,median+quantile,0.2154577374458313,0.034827032593952,0.3976413886889905,0.4408163265306122,0.9142857142857144,0.9066666666666668,0.0235545643738338
ionosphere,42,median+quantile+zscore,0.22212815284729,0.0348270327765993,0.3976413894886402,0.4408163265306122,0.9142857142857144,0.9066666666666668,0.0470895724637168
ionosphere,42,median+winsor+quantile,0.2055343836545944,0.0215359272395989,0.4014536268424808,0.4278911564625849,0.9142857142857144,0.9066666666666668,0.0534960865974426
ionosphere,42,median+winsor+quantile+zscore,0.1995838284492492,0.0215359272395989,0.4014536268424808,0.4278911564625849,0.9142857142857144,0.9066666666666668,0.0584073177405766
ionosphere,42,knn,0.1917865574359893,0.0277145213813593,0.2819587133423328,0.4562585034013605,0.9285714285714286,0.9199267902081903,0.0584176029477801
ionosphere,42,knn+zscore,0.1877879798412323,0.0277145212906323,0.2819587119167805,0.4562585034013605,0.9285714285714286,0.9199267902081903,0.057695803471974
ionosphere,42,knn+winsor,0.1981462240219116,0.0283372415104756,0.2777314302425892,0.4480952380952381,0.9142857142857144,0.9028677150786308,0.0593312501907349
ionosphere,42,knn+winsor+zscore,0.2055641859769821,0.0283372415104755,0.2777314302425893,0.4480952380952381,0.9285714285714286,0.9199267902081903,0.0530631107943398
ionosphere,42,knn+yeojohnson,0.1838865876197815,0.0274454962401369,0.2652969035533708,0.452108843537415,0.9428571428571428,0.9365942028985508,0.0316407186644418
ionosphere,42,knn+yeojohnson+zscore,0.1795422136783599,0.0274454959250266,0.2652969028499326,0.452108843537415,0.9428571428571428,0.9365942028985508,0.027063410622733
ionosphere,42,knn+winsor+yeojohnson,0.2003267407417297,0.0281517496113103,0.260336108730875,0.4458503401360544,0.9285714285714286,0.9215070643642072,0.0510072060993739
ionosphere,42,knn+winsor+yeojohnson+zscore,0.1948583126068115,0.0281517496113103,0.260336108730875,0.4458503401360544,0.9428571428571428,0.9377777777777778,0.0496510922908783
ionosphere,42,knn+quantile,0.2213038206100464,0.0356228300836609,0.390763908172347,0.4362585034013606,0.9142857142857144,0.9048913043478262,0.0540710423673902
ionosphere,42,knn+quantile+zscore,0.2279999405145645,0.0356228297213997,0.3907639057717806,0.4362585034013606,0.9142857142857144,0.9048913043478262,0.0601922299180711
ionosphere,42,knn+winsor+quantile,0.2016910016536712,0.0259167618590987,0.3972931196404005,0.424421768707483,0.9285714285714286,0.9215070643642072,0.0291598720209939
ionosphere,42,knn+winsor+quantile+zscore,0.2024461030960083,0.0259167618590987,0.3972931196404005,0.424421768707483,0.9285714285714286,0.9215070643642072,0.0337144953863961
ionosphere,1,mean,0.1862862408161163,0.0213187240662431,0.2877152735825173,0.4257142857142857,0.9428571428571428,0.9377777777777778,0.0225877651146479
ionosphere,1,mean+zscore,0.1813157945871353,0.0213187241814001,0.2877152727441769,0.4257142857142857,0.9428571428571428,0.9377777777777778,0.040933346748352
ionosphere,1,mean+winsor,0.2155996412038803,0.0203157337005678,0.2690296492143479,0.4221768707482993,0.9428571428571428,0.9377777777777778,0.0702453425952366
ionosphere,1,mean+winsor+zscore,0.220099002122879,0.0203157337005678,0.2690296492143479,0.4221768707482993,0.9428571428571428,0.9377777777777778,0.0361807831696101
ionosphere,1,mean+yeojohnson,0.1885770559310913,0.0196570356350744,0.2580849382124376,0.4265986394557823,0.9428571428571428,0.9377777777777778,0.0627377688884735
ionosphere,1,mean+yeojohnson+zscore,0.187904492020607,0.0196570356700128,0.2580849375851212,0.4265986394557823,0.9428571428571428,0.9377777777777778,0.0636033739362444
ionosphere,1,mean+winsor+yeojohnson,0.2133924067020416,0.0187931562225515,0.2457282519931495,0.4229251700680272,0.9428571428571428,0.9377777777777778,0.0478670392717634
ionosphere,1,mean+winsor+yeojohnson+zscore,0.2144607454538345,0.0187931562225515,0.2457282519931495,0.4229251700680272,0.9428571428571428,0.9377777777777778,0.0326963424682617
ionosphere,1,mean+quantile,0.1942460983991623,0.0275101609366344,0.3889262174628144,0.4295238095238096,0.9571428571428572,0.9529042386185244,0.0561088187353951
ionosphere,1,mean+quantile+zscore,0.1926006525754928,0.0275101608036039,0.3889262164750262,0.4295238095238096,0.9428571428571428,0.9377777777777778,0.0515174865722655
ionosphere,1,mean+winsor+quantile,0.193730741739273,0.0169331894041997,0.3924351676821493,0.4251700680272108,0.9571428571428572,0.9529042386185244,0.0458997692380633
ionosphere,1,mean+winsor+quantile+zscore,0.1914357393980026,0.0169331894041997,0.3924351676821493,0.4251700680272108,0.9571428571428572,0.9529042386185244,0.0530205590384347
ionosphere,1,median,0.1858747005462646,0.0215843798831399,0.3112535197012662,0.4216326530612245,0.9428571428571428,0.9377777777777778,0.0169214248657226
ionosphere,1,median+zscore,0.1866230219602584,0.021584379711643,0.3112535185636185,0.4216326530612245,0.9428571428571428,0.9377777777777778,0.0356817305088042
ionosphere,1,median+winsor,0.1881563067436218,0.0212413100722766,0.3017922829764157,0.4204081632653061,0.9428571428571428,0.9377777777777778,0.0394785821437836
ionosphere,1,median+winsor+zscore,0.1953616440296173,0.0212413100722766,0.3017922829764157,0.4204081632653061,0.9428571428571428,0.9377777777777778,0.0373976383890424
ionosphere,1,median+yeojohnson,0.1838818192481994,0.0203884021534387,0.2808735873957756,0.4259183673469387,0.9428571428571428,0.9377777777777778,0.0294526100158691
ionosphere,1,median+yeojohnson+zscore,0.1792718470096588,0.0203884021419855,0.2808735882642914,0.4259183673469387,0.9428571428571428,0.9377777777777778,0.0416921189853123
ionosphere,1,median+winsor+yeojohnson,0.1997081041336059,0.0200824553021529,0.2698641041555745,0.4216326530612244,0.9428571428571428,0.9377777777777778,0.0343656011990138
ionosphere,1,median+winsor+yeojohnson+zscore,0.1876527369022369,0.0200824553021529,0.2698641041555745,0.4216326530612244,0.9428571428571428,0.9377777777777778,0.0428087379251208
ionosphere,1,median+quantile,0.1865936070680618,0.029423692501409,0.397590031441032,0.4314285714285714,0.9571428571428572,0.9529042386185244,0.0452629719461713
ionosphere,1,median+quantile+zscore,0.1865901798009872,0.0294236927284121,0.3975900328735181,0.4314285714285714,0.9571428571428572,0.9529042386185244,0.0414908698626927
ionosphere,1,median+winsor+quantile,0.1707335710525512,0.0183766200779577,0.4010151382072531,0.4263945578231292,0.9571428571428572,0.9529042386185244,0.0111257629735128
ionosphere,1,median+winsor+quantile+zscore,0.1722179353237152,0.0183766200779574,0.4010151382072532,0.4263945578231292,0.9571428571428572,0.9529042386185244,0.03044627564294
ionosphere,1,knn,0.1757670789957046,0.0277983473670738,0.2860382312941062,0.4363945578231292,0.9285714285714286,0.9215070643642072,0.0513813325337001
ionosphere,1,knn+zscore,0.1828400790691375,0.0277983476334064,0.2860382319357703,0.4363945578231292,0.9285714285714286,0.9215070643642072,0.0469807343823568
ionosphere,1,knn+winsor,0.173833891749382,0.0286264293397273,0.2805866901009019,0.428843537414966,0.9428571428571428,0.9377777777777778,0.0377148100308009
ionosphere,1,knn+winsor+zscore,0.1770756393671035,0.0286264293397273,0.2805866901009019,0.428843537414966,0.9428571428571428,0.9377777777777778,0.0374735968453543
ionosphere,1,knn+yeojohnson,0.1766903549432754,0.0278251424404953,0.2706735830701228,0.4418367346938776,0.9285714285714286,0.9215070643642072,0.0523586383887699
ionosphere,1,knn+yeojohnson+zscore,0.1718500554561615,0.0278251425740992,0.2706735820569736,0.4418367346938776,0.9285714285714286,0.9215070643642072,0.0429589084216526
ionosphere,1,knn+winsor+yeojohnson,0.1757526248693466,0.0283729637900904,0.2641736868994587,0.4317006802721088,0.9428571428571428,0.9377777777777778,0.0425659690584454
ionosphere,1,knn+winsor+yeojohnson+zscore,0.1791251450777053,0.0283729637900903,0.2641736868994587,0.4317006802721088,0.9428571428571428,0.9377777777777778,0.0445545545646122
ionosphere,1,knn+quantile,0.1691752821207046,0.0299710014469244,0.3906982099227749,0.4292517006802721,0.9428571428571428,0.9365942028985508,0.0360784573214395
ionosphere,1,knn+quantile+zscore,0.1687239110469818,0.0299710011949362,0.3906982094206127,0.4292517006802721,0.9428571428571428,0.9365942028985508,0.0322520094258445
ionosphere,1,knn+winsor+quantile,0.2004534304141998,0.0222512516834426,0.3974087444315094,0.4285034013605442,0.9285714285714286,0.9215070643642072,0.0431476618562426
ionosphere,1,knn+winsor+quantile+zscore,0.2045458406209945,0.0222512516834426,0.3974087444315094,0.4285034013605442,0.9285714285714286,0.9215070643642072,0.0436727941036224
ionosphere,2,mean,0.1984479129314422,0.023096250736191,0.3011417270528171,0.4074149659863945,0.9571428571428572,0.9529042386185244,0.0502404638699123
ionosphere,2,mean+zscore,0.2064936310052871,0.0230962499480789,0.3011417249860196,0.4074149659863945,0.9285714285714286,0.9215070643642072,0.0164909992899213
ionosphere,2,mean+winsor,0.2137905657291412,0.0228067679385822,0.2801436972611943,0.4002040816326531,0.9285714285714286,0.9199267902081903,0.0356582573481968
ionosphere,2,mean+winsor+zscore,0.214505910873413,0.0228067679385822,0.2801436972611943,0.4002040816326531,0.9142857142857144,0.9066666666666668,0.0775905115263802
ionosphere,2,mean+yeojohnson,0.2072279453277588,0.0214475780322259,0.2722965229594968,0.406938775510204,0.9285714285714286,0.9215070643642072,0.0165575972625187
ionosphere,2,mean+yeojohnson+zscore,0.2129431813955307,0.0214475779215382,0.272296522661398,0.406938775510204,0.9285714285714286,0.9215070643642072,0.0302911145346504
ionosphere,2,mean+winsor+yeojohnson,0.21870057284832,0.02152842251844,0.2560101180907377,0.3910204081632653,0.9142857142857144,0.9048913043478262,0.0444003139223371
ionosphere,2,mean+winsor+yeojohnson+zscore,0.2369913607835769,0.02152842251844,0.2560101180907377,0.3910204081632653,0.8857142857142857,0.8755555555555555,0.0385076940059661
ionosphere,2,mean+quantile,0.2942593991756439,0.0259902732397583,0.3887599262675429,0.4127210884353742,0.9,0.8920467063229787,0.0749375769070216
ionosphere,2,mean+quantile+zscore,0.293863445520401,0.0259902728959182,0.3887599248171441,0.4127210884353742,0.9,0.8920467063229787,0.0759450333459037
ionosphere,2,mean+winsor+quantile,0.2442731261253357,0.0165646177929305,0.3991430514913763,0.3945578231292517,0.9,0.8920467063229787,0.023450390781675
ionosphere,2,mean+winsor+quantile+zscore,0.2463060170412063,0.0165646177929305,0.3991430514913763,0.3945578231292517,0.9,0.8920467063229787,0.0240040055343082
ionosphere,2,median,0.2203082889318466,0.0234700771211041,0.3253133385838319,0.4104761904761904,0.9142857142857144,0.9028677150786308,0.0197056021009172
ionosphere,2,median+zscore,0.2115784883499145,0.023470077053268,0.325313340291766,0.4104761904761904,0.9285714285714286,0.9199267902081903,0.0125432091099875
ionosphere,2,median+winsor,0.2205411344766616,0.0231761799320133,0.3090350941104464,0.4066666666666665,0.9428571428571428,0.9365942028985508,0.0359228747231619
ionosphere,2,median+winsor+zscore,0.221089094877243,0.0231761799320132,0.3090350941104464,0.4066666666666665,0.9142857142857144,0.9066666666666668,0.0290083723408835
ionosphere,2,median+yeojohnson,0.2214438915252685,0.0221059117740565,0.2950966043962623,0.4097278911564626,0.9142857142857144,0.9028677150786308,0.0270798998219626
ionosphere,2,median+yeojohnson+zscore,0.225086897611618,0.0221059117031405,0.2950966048083775,0.4097278911564626,0.9,0.8878975062914665,0.0624427488871983
ionosphere,2,median+winsor+yeojohnson,0.2187026292085647,0.0218881927678687,0.2765341461922421,0.3965306122448979,0.9142857142857144,0.9048913043478262,0.0268907112734658
ionosphere,2,median+winsor+yeojohnson+zscore,0.2204309701919555,0.0218881927678687,0.2765341461922421,0.3965306122448979,0.9285714285714286,0.9215070643642072,0.0473823291914803
ionosphere,2,median+quantile,0.2761247754096985,0.0268907923338923,0.3971316857416631,0.4148299319727891,0.9142857142857144,0.9048913043478262,0.0692218550613948
ionosphere,2,median+quantile+zscore,0.2788895070552826,0.0268907932932022,0.3971316877766596,0.4148299319727891,0.9142857142857144,0.9048913043478262,0.0709079980850219
ionosphere,2,median+winsor+quantile,0.2543430924415588,0.0165995703273074,0.4011622048966212,0.3953741496598639,0.9,0.8901098901098901,0.0298617456640516
ionosphere,2,median+winsor+quantile+zscore,0.2523931264877319,0.0165995703273074,0.4011622048966212,0.3953741496598639,0.9,0.8901098901098901,0.0404901308672768
ionosphere,2,knn,0.180792897939682,0.0298972662870016,0.2961410254102136,0.4187074829931972,0.9428571428571428,0.9365942028985508,0.0303944655827113
ionosphere,2,knn+zscore,0.1943625211715698,0.0298972659860001,0.2961410247640388,0.4187074829931972,0.9285714285714286,0.9199267902081903,0.0387291065284184
ionosphere,2,knn+winsor,0.1953492611646652,0.0313002391095442,0.2896589836715335,0.4153061224489796,0.9142857142857144,0.9048913043478262,0.0324465061937059
ionosphere,2,knn+winsor+zscore,0.2009331881999969,0.0313002391095442,0.2896589836715335,0.4153061224489796,0.9142857142857144,0.9048913043478262,0.0410270248140607
ionosphere,2,knn+yeojohnson,0.1860697716474533,0.030047328233381,0.2832095908649938,0.4165306122448979,0.9571428571428572,0.9519560741249142,0.0471404203346796
ionosphere,2,knn+yeojohnson+zscore,0.1909033358097076,0.0300473282960921,0.2832095905540043,0.4165306122448979,0.9428571428571428,0.935245143385754,0.0143203888620648
ionosphere,2,knn+winsor+yeojohnson,0.2008385062217712,0.0306151568145948,0.2735762426000832,0.4042176870748299,0.9142857142857144,0.9048913043478262,0.0390186250209807
ionosphere,2,knn+winsor+yeojohnson+zscore,0.2077220529317855,0.0306151568145948,0.2735762426000832,0.4042176870748299,0.9142857142857144,0.9048913043478262,0.0336625056607382
ionosphere,2,knn+quantile,0.2384304851293563,0.0279589443720177,0.3892466884438152,0.4191836734693877,0.9,0.8878975062914665,0.0397784556661333
ionosphere,2,knn+quantile+zscore,0.2404230684041977,0.0279589440652885,0.3892466886135604,0.4191836734693877,0.9,0.8878975062914665,0.0395292469433375
ionosphere,2,knn+winsor+quantile,0.2501571774482727,0.0198479458484258,0.3997548700351158,0.3952380952380951,0.9142857142857144,0.9048913043478262,0.0528695387499673
ionosphere,2,knn+winsor+quantile+zscore,0.2480192184448242,0.0198479458484257,0.3997548700351158,0.3952380952380951,0.9285714285714286,0.9199267902081903,0.0436419137886592
ionosphere,3,mean,0.2197805047035217,0.0216030227921426,0.2877848509976995,0.4630612244897958,0.9142857142857144,0.9005681818181819,0.0540059532438005
ionosphere,3,mean+zscore,0.2320946007966995,0.0216030228796763,0.2877848519768906,0.4630612244897958,0.9142857142857144,0.9005681818181819,0.0531454350267137
ionosphere,3,mean+winsor,0.2356216758489608,0.0208278552347855,0.2746416833240049,0.4712925170068027,0.9285714285714286,0.91812865497076,0.0366901738303048
ionosphere,3,mean+winsor+zscore,0.2376352548599243,0.0208278552347854,0.274641683324005,0.4712925170068027,0.9142857142857144,0.9005681818181819,0.058162145103727
ionosphere,3,mean+yeojohnson,0.2274943590164184,0.020211829190353,0.2580495470438119,0.4593877551020408,0.9142857142857144,0.9005681818181819,0.0520641352449144
ionosphere,3,mean+yeojohnson+zscore,0.2287010252475738,0.0202118291475779,0.2580495467622901,0.4593877551020408,0.9142857142857144,0.9005681818181819,0.0525144858019692
ionosphere,3,mean+winsor+yeojohnson,0.2362535744905471,0.0200172270260931,0.2510582370618623,0.4685034013605442,0.9142857142857144,0.9005681818181819,0.0567838881696973
ionosphere,3,mean+winsor+yeojohnson+zscore,0.2401559799909591,0.0200172270260931,0.2510582370618623,0.4685034013605442,0.9142857142857144,0.9005681818181819,0.0520691020148141
ionosphere,3,mean+quantile,0.1969126164913177,0.0324400020822203,0.3905191150989587,0.4782312925170067,0.9285714285714286,0.91812865497076,0.0469690680503844
ionosphere,3,mean+quantile+zscore,0.1988627910614013,0.0324400020129744,0.390519117285159,0.4782312925170067,0.9285714285714286,0.91812865497076,0.0474124755178178
ionosphere,3,mean+winsor+quantile,0.2337481677532196,0.0200173196804132,0.4006008261982801,0.4734013605442177,0.9285714285714286,0.91812865497076,0.061679880959647
ionosphere,3,mean+winsor+quantile+zscore,0.2343134135007858,0.0200173196804132,0.4006008261982801,0.4734013605442177,0.9285714285714286,0.91812865497076,0.0616186984947749
ionosphere,3,median,0.1736327856779098,0.0216910465980632,0.315792798768661,0.4652380952380952,0.9285714285714286,0.91812865497076,0.0400844361100878
ionosphere,3,median+zscore,0.1790405362844467,0.0216910467441872,0.3157928003651157,0.4652380952380952,0.9142857142857144,0.9005681818181819,0.0544330281870705
ionosphere,3,median+winsor,0.2153639793395996,0.0209320903269397,0.3082689935741085,0.4719727891156462,0.9428571428571428,0.935245143385754,0.0482459596225194
ionosphere,3,median+winsor+zscore,0.2239650934934616,0.0209320903269397,0.3082689935741086,0.4719727891156462,0.9285714285714286,0.91812865497076,0.0575449866907936
ionosphere,3,median+yeojohnson,0.1787339299917221,0.0204636600582514,0.2834706358044651,0.4595238095238095,0.9285714285714286,0.91812865497076,0.0451132893562316
ionosphere,3,median+yeojohnson+zscore,0.1895542293787002,0.0204636600352936,0.2834706344335737,0.4595238095238095,0.9142857142857144,0.9005681818181819,0.0598440298012324
ionosphere,3,median+winsor+yeojohnson,0.2177911549806594,0.0200201729667032,0.2749129510145577,0.4692517006802721,0.9285714285714286,0.91812865497076,0.050311700786863
ionosphere,3,median+winsor+yeojohnson+zscore,0.2183111906051635,0.0200201729667032,0.2749129510145576,0.4692517006802721,0.9285714285714286,0.91812865497076,0.0533337746347699
ionosphere,3,median+quantile,0.195083200931549,0.0335801935639819,0.3986044722659243,0.4806802721088435,0.9428571428571428,0.935245143385754,0.045493791784559
ionosphere,3,median+quantile+zscore,0.1931233704090118,0.0335801937864681,0.398604473363279,0.4806802721088435,0.9428571428571428,0.935245143385754,0.0436700446265084
ionosphere,3,median+winsor+quantile,0.2193103581666946,0.0200351462454587,0.4022951227909062,0.4724489795918367,0.9142857142857144,0.9005681818181819,0.0452746212482452
ionosphere,3,median+winsor+quantile+zscore,0.2184245288372039,0.0200351462454587,0.4022951227909062,0.4724489795918367,0.9142857142857144,0.9005681818181819,0.0434444436005183
ionosphere,3,knn,0.1701778918504715,0.0281992650172117,0.2831114540524913,0.4835374149659864,0.9714285714285714,0.9682971014492754,0.0529825329780578
ionosphere,3,knn+zscore,0.1630196720361709,0.0281992649410552,0.2831114523597438,0.4835374149659864,0.9714285714285714,0.9682971014492754,0.0455573371478489
ionosphere,3,knn+winsor,0.1691598445177078,0.0288926665453902,0.2822649779104297,0.4899999999999999,0.9571428571428572,0.9519560741249142,0.0548769661358424
ionosphere,3,knn+winsor+zscore,0.1707473546266555,0.0288926665453903,0.2822649779104297,0.4899999999999999,0.9571428571428572,0.9519560741249142,0.0466775102274758
ionosphere,3,knn+yeojohnson,0.1697971671819687,0.0280105437150762,0.2660873658098666,0.476734693877551,0.9714285714285714,0.9682971014492754,0.0564283234732491
ionosphere,3,knn+yeojohnson+zscore,0.1723361015319824,0.028010543662282,0.2660873650400519,0.476734693877551,0.9714285714285714,0.9682971014492754,0.0561073166983468
ionosphere,3,knn+winsor+yeojohnson,0.1689435243606567,0.0285211270448113,0.264663398778104,0.4827891156462585,0.9571428571428572,0.9519560741249142,0.05254670551845
ionosphere,3,knn+winsor+yeojohnson+zscore,0.1755063831806183,0.0285211270448113,0.2646633987781041,0.4827891156462585,0.9571428571428572,0.9519560741249142,0.0576090259211404
ionosphere,3,knn+quantile,0.1497018188238144,0.0348528102314806,0.3919583238635871,0.4836054421768707,0.9714285714285714,0.9682971014492754,0.0403522797993251
ionosphere,3,knn+quantile+zscore,0.1478026807308197,0.034852809889742,0.391958321717353,0.4836054421768707,0.9714285714285714,0.9682971014492754,0.0343670640672956
ionosphere,3,knn+winsor+quantile,0.1377101242542266,0.0266503135740471,0.3978495926407246,0.4894557823129251,0.9714285714285714,0.9682971014492754,0.0431380314486367
ionosphere,3,knn+winsor+quantile+zscore,0.1384005397558212,0.0266503135740472,0.3978495926407248,0.4894557823129251,0.9714285714285714,0.9682971014492754,0.0381511117730822
ionosphere,4,mean,0.1491125524044037,0.020390016838937,0.2973135433838867,0.452108843537415,0.9428571428571428,0.9377777777777778,0.0357517625604357
ionosphere,4,mean+zscore,0.1518499255180359,0.0203900169703062,0.2973135436034193,0.452108843537415,0.9571428571428572,0.9529042386185244,0.0417537552969796
ionosphere,4,mean+winsor,0.1468827277421951,0.0204949890459998,0.2826686646213646,0.4623809523809523,0.9571428571428572,0.9519560741249142,0.0370458228247505
ionosphere,4,mean+winsor+zscore,0.1455634832382202,0.0204949890459998,0.2826686646213646,0.4623809523809523,0.9428571428571428,0.9365942028985508,0.028858665057591
ionosphere,4,mean+yeojohnson,0.1464817374944687,0.0191069232425773,0.2629976614701566,0.4486394557823129,0.9571428571428572,0.9529042386185244,0.02876312988145
ionosphere,4,mean+yeojohnson+zscore,0.1685902178287506,0.0191069232875632,0.2629976608663055,0.4486394557823129,0.9571428571428572,0.9529042386185244,0.0483625182083674
ionosphere,4,mean+winsor+yeojohnson,0.1565063148736953,0.0196063814641546,0.2541199364706627,0.463061224489796,0.9428571428571428,0.9365942028985508,0.0312958512987409
ionosphere,4,mean+winsor+yeojohnson+zscore,0.1391728371381759,0.0196063814641545,0.2541199364706627,0.463061224489796,0.9428571428571428,0.9365942028985508,0.0457502603530883
ionosphere,4,mean+quantile,0.2075034826993942,0.0293227593763973,0.3955047060335847,0.4439455782312925,0.9,0.8878975062914665,0.0391223677567073
ionosphere,4,mean+quantile+zscore,0.2061882317066192,0.0293227593391561,0.3955047064920379,0.4439455782312925,0.9,0.8878975062914665,0.0379730199064527
ionosphere,4,mean+winsor+quantile,0.1449312418699264,0.0202254232116424,0.3979865818266366,0.4675510204081632,0.9428571428571428,0.9365942028985508,0.0391338637896946
ionosphere,4,mean+winsor+quantile+zscore,0.1451183259487152,0.0202254232116423,0.3979865818266366,0.4675510204081632,0.9428571428571428,0.9365942028985508,0.0377675226756504
ionosphere,4,median,0.1532946079969406,0.0207750881470808,0.3228649238491988,0.4563265306122449,0.9285714285714286,0.9215070643642072,0.017600290264402
ionosphere,4,median+zscore,0.1645593643188476,0.020775088001998,0.3228649221316458,0.4563265306122449,0.9428571428571428,0.9377777777777778,0.0336660725729805
ionosphere,4,median+winsor,0.1455630958080291,0.0209442998307817,0.3119889748129201,0.4609523809523809,0.9285714285714286,0.9199267902081903,0.0769768817084176
ionosphere,4,median+winsor+zscore,0.1396660506725311,0.0209442998307817,0.3119889748129201,0.4609523809523809,0.9571428571428572,0.9529042386185244,0.0499314223017011
ionosphere,4,median+yeojohnson,0.1617467254400253,0.0198628095975857,0.2872664491477427,0.4563945578231292,0.9428571428571428,0.9377777777777778,0.0758310616016388
ionosphere,4,median+yeojohnson+zscore,0.155327558517456,0.0198628095355322,0.2872664491073277,0.4563945578231292,0.9285714285714286,0.9228905045164132,0.0346339336463383
ionosphere,4,median+winsor+yeojohnson,0.1427061259746551,0.0200734147860977,0.2752006313723243,0.4663265306122449,0.9285714285714286,0.9199267902081903,0.0278799865927015
ionosphere,4,median+winsor+yeojohnson+zscore,0.1487353146076202,0.0200734147860977,0.2752006313723243,0.4663265306122449,0.9428571428571428,0.9365942028985508,0.0548990743500845
ionosphere,4,median+quantile,0.1990989744663238,0.0306578259873913,0.4021734649306963,0.4581632653061225,0.9142857142857144,0.9048913043478262,0.0255268607820782
ionosphere,4,median+quantile+zscore,0.1980258673429489,0.0306578257946154,0.40217346437301,0.4581632653061225,0.9142857142857144,0.9048913043478262,0.0498508487428937
ionosphere,4,median+winsor+quantile,0.1735179722309112,0.0204310283860774,0.3990871085522308,0.4736734693877551,0.9,0.8920467063229787,0.0784342604024069
ionosphere,4,median+winsor+quantile+zscore,0.1741096079349517,0.0204310283860773,0.3990871085522308,0.4736734693877551,0.8857142857142857,0.8755555555555555,0.0736719795635768
ionosphere,4,knn,0.1468349248170852,0.0260444341997703,0.297150084920477,0.4610884353741496,0.9571428571428572,0.9529042386185244,0.0209150339875902
ionosphere,4,knn+zscore,0.1542182564735412,0.0260444333923643,0.297150084297521,0.4610884353741496,0.9571428571428572,0.9529042386185244,0.0185972971575601
ionosphere,4,knn+winsor,0.1509361416101455,0.0273221331336073,0.2916416298934003,0.4680272108843537,0.9571428571428572,0.9519560741249142,0.0247270635196141
ionosphere,4,knn+winsor+zscore,0.1625016927719116,0.0273221331336072,0.2916416298934003,0.4680272108843537,0.9571428571428572,0.9519560741249142,0.0530626961163111
ionosphere,4,knn+yeojohnson,0.1554666608572006,0.0260670051800876,0.2737422219497323,0.4635374149659864,0.9428571428571428,0.9377777777777778,0.0265752894537789
ionosphere,4,knn+yeojohnson+zscore,0.1563413739204406,0.026067005250182,0.2737422209609916,0.4635374149659864,0.9428571428571428,0.9377777777777778,0.0293057569435664
ionosphere,4,knn+winsor+yeojohnson,0.1622312813997268,0.0270983534834015,0.2669001212686204,0.4661904761904762,0.9571428571428572,0.9519560741249142,0.0489556908607482
ionosphere,4,knn+winsor+yeojohnson+zscore,0.1637938320636749,0.0270983534834015,0.2669001212686204,0.4661904761904762,0.9571428571428572,0.9519560741249142,0.0480931196893964
ionosphere,4,knn+quantile,0.1991598457098007,0.0312571097414124,0.3965528592351071,0.458843537414966,0.9142857142857144,0.9048913043478262,0.0307558417320251
ionosphere,4,knn+quantile+zscore,0.1959301829338073,0.0312571099744534,0.3965528613501423,0.458843537414966,0.9142857142857144,0.9048913043478262,0.0408507679189954
ionosphere,4,knn+winsor+quantile,0.1683779060840606,0.0259630014013365,0.3988561860541554,0.4636054421768707,0.9428571428571428,0.9365942028985508,0.0256057075091771
ionosphere,4,knn+winsor+quantile+zscore,0.1676085889339447,0.0259630014013364,0.3988561860541554,0.4636054421768707,0.9428571428571428,0.9365942028985508,0.027603451694761
ionosphere,5,mean,0.1933168470859527,0.0217665408133059,0.2867125290984464,0.3972108843537414,0.9142857142857144,0.9066666666666668,0.0521958606583731
ionosphere,5,mean+zscore,0.1954610794782638,0.0217665407561323,0.2867125288007406,0.3972108843537414,0.9285714285714286,0.9228905045164132,0.0242600653852734
ionosphere,5,mean+winsor,0.1713506877422332,0.0214864109636856,0.2739526448201384,0.3915646258503401,0.9714285714285714,0.9682971014492754,0.0705111239637647
ionosphere,5,mean+winsor+zscore,0.1756312698125839,0.0214864109636857,0.2739526448201384,0.3915646258503401,0.9571428571428572,0.9519560741249142,0.0481055123465401
ionosphere,5,mean+yeojohnson,0.1980566978454589,0.0203175092673322,0.2603981188198983,0.3934013605442177,0.9285714285714286,0.9215070643642072,0.0282220355101993
ionosphere,5,mean+yeojohnson+zscore,0.1990797221660614,0.0203175094081687,0.2603981177548067,0.3934013605442177,0.9285714285714286,0.9228905045164132,0.0323868232113974
ionosphere,5,mean+winsor+yeojohnson,0.1747551262378692,0.0204527505929074,0.2513883828267285,0.3866666666666667,0.9428571428571428,0.9365942028985508,0.0355676089014325
ionosphere,5,mean+winsor+yeojohnson+zscore,0.1745505183935165,0.0204527505929076,0.2513883828267285,0.3866666666666667,0.9571428571428572,0.9529042386185244,0.0503753849438258
ionosphere,5,mean+quantile,0.1930897831916809,0.0298369595296854,0.3886062735396599,0.4072108843537415,0.9428571428571428,0.9365942028985508,0.0473947371755327
ionosphere,5,mean+quantile+zscore,0.1904536485671997,0.0298369594778175,0.388606271431281,0.4072108843537415,0.9428571428571428,0.9365942028985508,0.0461995244026183
ionosphere,5,mean+winsor+quantile,0.2169661372900009,0.0190081055885881,0.3987822454686557,0.3998639455782313,0.9142857142857144,0.9028677150786308,0.0528539870466504
ionosphere,5,mean+winsor+quantile+zscore,0.225616917014122,0.019008105588588,0.3987822454686557,0.3998639455782313,0.9285714285714286,0.9199267902081903,0.0427928456238337
ionosphere,5,median,0.2021790742874145,0.0218757667526584,0.3081684802389078,0.3968027210884353,0.9,0.8901098901098901,0.0487461626529693
ionosphere,5,median+zscore,0.2084487825632095,0.0218757668893229,0.3081684800391431,0.3968027210884353,0.8857142857142857,0.8755555555555555,0.064106000321252
ionosphere,5,median+winsor,0.1875900030136108,0.0215046633011225,0.299221408110398,0.3939455782312924,0.9285714285714286,0.9199267902081903,0.0252267122268676
ionosphere,5,median+winsor+zscore,0.1871263086795807,0.0215046633011226,0.299221408110398,0.3939455782312924,0.9285714285714286,0.9199267902081903,0.0332474546773092
ionosphere,5,median+yeojohnson,0.2146358489990234,0.0206268752909742,0.2802137339021752,0.3920408163265305,0.9285714285714286,0.9215070643642072,0.0253329328128269
ionosphere,5,median+yeojohnson+zscore,0.2183908820152282,0.0206268753112864,0.2802137337283926,0.3920408163265305,0.9142857142857144,0.9066666666666668,0.029385722534997
ionosphere,5,median+winsor+yeojohnson,0.192684605717659,0.0203517083263774,0.2690874713730097,0.3872789115646258,0.9285714285714286,0.9199267902081903,0.0422386586666106
ionosphere,5,median+winsor+yeojohnson+zscore,0.2011697143316269,0.0203517083263774,0.2690874713730097,0.3872789115646258,0.9285714285714286,0.9199267902081903,0.026637532881328
ionosphere,5,median+quantile,0.2067367881536483,0.0311322416450918,0.3975536157237569,0.4012925170068027,0.9428571428571428,0.9365942028985508,0.0570457994937896
ionosphere,5,median+quantile+zscore,0.2052701711654663,0.0311322416053473,0.3975536149355607,0.4012925170068027,0.9428571428571428,0.9365942028985508,0.063004891361509
ionosphere,5,median+winsor+quantile,0.2475514262914657,0.0190529833945266,0.4011965482407513,0.398843537414966,0.9285714285714286,0.9199267902081903,0.039307313305991
ionosphere,5,median+winsor+quantile+zscore,0.2507205605506897,0.0190529833945266,0.4011965482407513,0.398843537414966,0.9285714285714286,0.9199267902081903,0.0585210996014731
ionosphere,5,knn,0.2032274454832077,0.0274652986915592,0.2798632351057162,0.4033333333333333,0.9,0.8920467063229787,0.0217695687498364
ionosphere,5,knn+zscore,0.2128107398748397,0.0274652986394997,0.2798632359190081,0.4033333333333333,0.9,0.8920467063229787,0.0275122719151632
ionosphere,5,knn+winsor,0.1865989863872528,0.028460935549992,0.2751050452960971,0.4059183673469388,0.9142857142857144,0.9082167832167832,0.0485227371965135
ionosphere,5,knn+winsor+zscore,0.1899128705263137,0.028460935549992,0.2751050452960971,0.4059183673469388,0.9142857142857144,0.9082167832167832,0.0658823192119598
ionosphere,5,knn+yeojohnson,0.2038617432117462,0.0272847064412206,0.2647943861881928,0.4041496598639456,0.8857142857142857,0.8755555555555555,0.0337828040122985
ionosphere,5,knn+yeojohnson+zscore,0.2082509845495224,0.0272847063871534,0.26479438437244,0.4041496598639456,0.8857142857142857,0.8755555555555555,0.046116213287626
ionosphere,5,knn+winsor+yeojohnson,0.1871374398469925,0.0279405452512748,0.2580990682136616,0.4041496598639456,0.9142857142857144,0.9082167832167832,0.0312534843172345
ionosphere,5,knn+winsor+yeojohnson+zscore,0.190420925617218,0.0279405452512748,0.2580990682136616,0.4041496598639456,0.9142857142857144,0.9082167832167832,0.0276641888277871
ionosphere,5,knn+quantile,0.1942493766546249,0.0320143482599715,0.3904551126353325,0.4128571428571428,0.9142857142857144,0.9066666666666668,0.0268072034631456
ionosphere,5,knn+quantile+zscore,0.1934744268655777,0.0320143481717992,0.3904551119349888,0.4128571428571428,0.9142857142857144,0.9066666666666668,0.025985244342259
ionosphere,5,knn+winsor+quantile,0.2096645981073379,0.0232316291337896,0.3976183105241079,0.419047619047619,0.9142857142857144,0.9066666666666668,0.0397244146892002
ionosphere,5,knn+winsor+quantile+zscore,0.2091139853000641,0.0232316291337896,0.3976183105241079,0.419047619047619,0.9142857142857144,0.9066666666666668,0.0512425329004014
ionosphere,6,mean,0.2092594057321548,0.0196411023624748,0.2834258929504793,0.4586394557823128,0.9285714285714286,0.9199267902081903,0.0456789680889675
ionosphere,6,mean+zscore,0.2049374729394912,0.0196411022665345,0.2834258940540895,0.4586394557823128,0.9285714285714286,0.9199267902081903,0.0608827778271266
ionosphere,6,mean+winsor,0.1789950132369995,0.0196360338512131,0.2731214739682416,0.4253741496598639,0.9428571428571428,0.9365942028985508,0.0487759734903063
ionosphere,6,mean+winsor+zscore,0.1710464507341385,0.0196360338512131,0.2731214739682416,0.4253741496598639,0.9428571428571428,0.9365942028985508,0.0514429245676313
ionosphere,6,mean+yeojohnson,0.2036883234977722,0.0182129168732095,0.2504351429144619,0.4572108843537414,0.9285714285714286,0.9199267902081903,0.0349848602499281
ionosphere,6,mean+yeojohnson+zscore,0.202886700630188,0.0182129168608364,0.2504351431107831,0.4572108843537414,0.9142857142857144,0.9048913043478262,0.0231741249561309
ionosphere,6,mean+winsor+yeojohnson,0.1729282140731811,0.0187034050178708,0.2490890440313349,0.4242857142857142,0.9428571428571428,0.9365942028985508,0.0223806279046194
ionosphere,6,mean+winsor+yeojohnson+zscore,0.1674829870462417,0.0187034050178708,0.2490890440313349,0.4242857142857142,0.9428571428571428,0.9365942028985508,0.0141246318817138
ionosphere,6,mean+quantile,0.1829656213521957,0.0283946722309963,0.3922519350758314,0.4706122448979591,0.9,0.8878975062914665,0.0521503099373408
ionosphere,6,mean+quantile+zscore,0.1816023290157318,0.0283946722157645,0.3922519352952184,0.4706122448979591,0.9,0.8878975062914665,0.0520753111158098
ionosphere,6,mean+winsor+quantile,0.1671155393123626,0.0193714503336041,0.3990496381254938,0.4413605442176871,0.9,0.8853801169590643,0.0584271218095506
ionosphere,6,mean+winsor+quantile+zscore,0.1655140221118927,0.0193714503336041,0.3990496381254939,0.4413605442176871,0.9,0.8878975062914665,0.0606745379311697
ionosphere,6,median,0.1849346607923507,0.0199650825922882,0.3077508930137337,0.4531292517006802,0.9142857142857144,0.9028677150786308,0.0423511113439287
ionosphere,6,median+zscore,0.1899827122688293,0.0199650825998062,0.3077508930913781,0.4531292517006802,0.9142857142857144,0.9028677150786308,0.0149628315653119
ionosphere,6,median+winsor,0.1834068745374679,0.0199675778876924,0.3012117994368152,0.4225850340136054,0.9285714285714286,0.9199267902081903,0.0598378981862749
ionosphere,6,median+winsor+zscore,0.1721678972244262,0.0199675778876922,0.3012117994368152,0.4225850340136054,0.9428571428571428,0.9365942028985508,0.0444326673235212
ionosphere,6,median+yeojohnson,0.1923770457506179,0.0188582816797326,0.2735824213061062,0.4517687074829932,0.9,0.8853801169590643,0.0350443533488682
ionosphere,6,median+yeojohnson+zscore,0.1863174885511398,0.0188582815696715,0.2735824204704126,0.4517687074829932,0.9142857142857144,0.9028677150786308,0.0218263660158429
ionosphere,6,median+winsor+yeojohnson,0.1763817071914672,0.0190283542900548,0.2676690891051974,0.4233333333333333,0.9428571428571428,0.9365942028985508,0.0211262336799076
ionosphere,6,median+winsor+yeojohnson+zscore,0.1686170548200607,0.0190283542900548,0.2676690891051974,0.4233333333333333,0.9428571428571428,0.9365942028985508,0.0391284414700099
ionosphere,6,median+quantile,0.1760733276605606,0.0298900303212279,0.4015833252561525,0.4683673469387755,0.8714285714285714,0.8526315789473684,0.0849923295634133
ionosphere,6,median+quantile+zscore,0.1767925769090652,0.0298900303384649,0.4015833251698424,0.4683673469387755,0.8714285714285714,0.8526315789473684,0.1067736770425524
ionosphere,6,median+winsor+quantile,0.1870292872190475,0.0195061604756602,0.4016012621960867,0.4396598639455782,0.9,0.8825221769359866,0.0600563389914376
ionosphere,6,median+winsor+quantile+zscore,0.1859989613294601,0.0195061604756603,0.4016012621960867,0.4396598639455782,0.9,0.8825221769359866,0.0630148530006408
ionosphere,6,knn,0.1727082282304763,0.0253253045322416,0.2776740768561274,0.4580272108843538,0.9142857142857144,0.9066666666666668,0.0517627801213945
ionosphere,6,knn+zscore,0.172945886850357,0.025325304670936,0.277674077800635,0.4580272108843538,0.9285714285714286,0.9215070643642072,0.0484562286308833
ionosphere,6,knn+winsor,0.1788831949234008,0.0265425991934032,0.2738775111721253,0.4291156462585033,0.9142857142857144,0.9066666666666668,0.0482757023402622
ionosphere,6,knn+winsor+zscore,0.1711784601211547,0.0265425991934032,0.2738775111721253,0.4291156462585033,0.9285714285714286,0.9215070643642072,0.0914506086281367
ionosphere,6,knn+yeojohnson,0.1705154329538345,0.0253932320221499,0.2556531228464134,0.4579591836734694,0.9285714285714286,0.9215070643642072,0.0669942098004477
ionosphere,6,knn+yeojohnson+zscore,0.1727507263422012,0.0253932319294619,0.2556531212479872,0.4579591836734694,0.9285714285714286,0.9215070643642072,0.051055576971599
ionosphere,6,knn+winsor+yeojohnson,0.1751189827919006,0.0264087475591644,0.2527038169444545,0.4286394557823129,0.9285714285714286,0.9215070643642072,0.0733986292566572
ionosphere,6,knn+winsor+yeojohnson+zscore,0.1783857196569442,0.0264087475591644,0.2527038169444545,0.4286394557823129,0.9142857142857144,0.9066666666666668,0.0559049844741821
ionosphere,6,knn+quantile,0.1496687084436416,0.0305482740715246,0.3940069093100402,0.4740816326530612,0.9428571428571428,0.9377777777777778,0.049339279106685
ionosphere,6,knn+quantile+zscore,0.1468669176101684,0.0305482741990713,0.3940069100153811,0.4740816326530612,0.9428571428571428,0.9377777777777778,0.0316785590989249
ionosphere,6,knn+winsor+quantile,0.1335624009370803,0.0255083034646224,0.3995329968608157,0.4480952380952381,0.9571428571428572,0.9529042386185244,0.0460661658218928
ionosphere,6,knn+winsor+quantile+zscore,0.1322100609540939,0.0255083034646224,0.3995329968608156,0.4480952380952381,0.9571428571428572,0.9529042386185244,0.047195770910808
ionosphere,7,mean,0.1365562528371811,0.0208980570907364,0.2849522961895719,0.4126530612244898,0.9428571428571428,0.9377777777777778,0.0206007531711033
ionosphere,7,mean+zscore,0.1335915774106979,0.0208980568292109,0.2849522962832763,0.4126530612244898,0.9428571428571428,0.9377777777777778,0.0280728476388113
ionosphere,7,mean+winsor,0.1322994977235794,0.0213097156996167,0.2758026943311714,0.4129931972789115,0.9571428571428572,0.9529042386185244,0.0344806730747223
ionosphere,7,mean+winsor+zscore,0.1509497463703155,0.0213097156996167,0.2758026943311714,0.4129931972789115,0.9285714285714286,0.9215070643642072,0.0234273621014186
ionosphere,7,mean+yeojohnson,0.1436302810907364,0.0189731862340855,0.2523634826022613,0.4110884353741497,0.9571428571428572,0.9529042386185244,0.035010073014668
ionosphere,7,mean+yeojohnson+zscore,0.1375478208065033,0.0189731864936484,0.2523634821193606,0.4110884353741497,0.9285714285714286,0.9215070643642072,0.0306945042950766
ionosphere,7,mean+winsor+yeojohnson,0.1333813369274139,0.0198096097699117,0.2477199344414243,0.4067346938775509,0.9571428571428572,0.9529042386185244,0.0578348900590624
ionosphere,7,mean+winsor+yeojohnson+zscore,0.1510452330112457,0.0198096097699117,0.2477199344414243,0.4067346938775509,0.9428571428571428,0.9365942028985508,0.0418991437980106
ionosphere,7,mean+quantile,0.1631583571434021,0.0267383013230836,0.3951358259351492,0.4151700680272108,0.9428571428571428,0.9365942028985508,0.0261917616639818
ionosphere,7,mean+quantile+zscore,0.1676214933395385,0.0267383012051395,0.3951358258092289,0.4151700680272108,0.9428571428571428,0.9365942028985508,0.0260291763714381
ionosphere,7,mean+winsor+quantile,0.1683426797389984,0.0191712695823161,0.3995481185095602,0.4093197278911565,0.9142857142857144,0.9028677150786308,0.0377814165183475
ionosphere,7,mean+winsor+quantile+zscore,0.173726350069046,0.0191712695823161,0.3995481185095602,0.4093197278911565,0.9142857142857144,0.9028677150786308,0.0388372787407466
ionosphere,7,median,0.1331545859575271,0.0212183976235145,0.3101386992034021,0.4168707482993197,0.9571428571428572,0.9529042386185244,0.0410509765148163
ionosphere,7,median+zscore,0.1289402991533279,0.0212183981963313,0.3101386985715376,0.4168707482993197,0.9714285714285714,0.9682971014492754,0.0440333417483738
ionosphere,7,median+winsor,0.128736138343811,0.0216572520792346,0.303916317611581,0.4172789115646258,0.9428571428571428,0.9365942028985508,0.0328160158225468
ionosphere,7,median+winsor+zscore,0.1396821588277816,0.0216572520792346,0.303916317611581,0.4172789115646258,0.9428571428571428,0.9365942028985508,0.0349881589412689
ionosphere,7,median+yeojohnson,0.1310303509235382,0.0197093039328238,0.2769167817771428,0.4102721088435374,0.9571428571428572,0.9529042386185244,0.0254470305783408
ionosphere,7,median+yeojohnson+zscore,0.1315112709999084,0.0197093039347195,0.2769167814399116,0.4102721088435374,0.9428571428571428,0.9365942028985508,0.0330092847347259
ionosphere,7,median+winsor+yeojohnson,0.1329812556505203,0.0202252737483383,0.2680672192825046,0.4100680272108843,0.9428571428571428,0.9365942028985508,0.0212796211242676
ionosphere,7,median+winsor+yeojohnson+zscore,0.1395149379968643,0.0202252737483386,0.2680672192825045,0.4100680272108843,0.9285714285714286,0.9199267902081903,0.0318227691309793
ionosphere,7,median+quantile,0.1509016901254654,0.0282680724383199,0.4015721815750084,0.4141496598639456,0.9428571428571428,0.9365942028985508,0.0365240522793361
ionosphere,7,median+quantile+zscore,0.1501076221466064,0.0282680733510387,0.4015721815487341,0.4141496598639456,0.9428571428571428,0.9365942028985508,0.0584370229925428
ionosphere,7,median+winsor+quantile,0.144371673464775,0.0193126975687522,0.4001456661020149,0.4131292517006802,0.9285714285714286,0.9199267902081903,0.0268856423241751
ionosphere,7,median+winsor+quantile+zscore,0.1513185203075409,0.019312697568752,0.400145666102015,0.4131292517006802,0.9285714285714286,0.9199267902081903,0.0393947805677141
ionosphere,7,knn,0.0937171056866645,0.0270758214869797,0.282009569876504,0.4369387755102041,0.9714285714285714,0.9688888888888888,0.0303620474679129
ionosphere,7,knn+zscore,0.1001477837562561,0.0270758213509076,0.2820095689389847,0.4369387755102041,0.9714285714285714,0.9688888888888888,0.0478816390037536
ionosphere,7,knn+winsor,0.1137389466166496,0.0283485905820651,0.2787476002500644,0.4310884353741497,0.9428571428571428,0.9365942028985508,0.0534515576703207
ionosphere,7,knn+winsor+zscore,0.1247603446245193,0.0283485905820651,0.2787476002500644,0.4310884353741497,0.9571428571428572,0.9519560741249142,0.0290883183479309
ionosphere,7,knn+yeojohnson,0.0981699749827385,0.0269090826756295,0.2622180544054076,0.4317687074829932,0.9571428571428572,0.9529042386185244,0.030482998916081
ionosphere,7,knn+yeojohnson+zscore,0.1000941917300224,0.0269090826716191,0.2622180535162753,0.4317687074829932,0.9714285714285714,0.9688888888888888,0.0259721832615988
ionosphere,7,knn+winsor+yeojohnson,0.1213365942239761,0.0277917074406645,0.2575813739781904,0.4278231292517007,0.9428571428571428,0.9365942028985508,0.0552356549671718
ionosphere,7,knn+winsor+yeojohnson+zscore,0.1205086186528205,0.0277917074406645,0.2575813739781904,0.4278231292517007,0.9428571428571428,0.9365942028985508,0.0490192260060992
ionosphere,7,knn+quantile,0.1368882656097412,0.0294185404724234,0.3971303380107049,0.4204081632653061,0.9571428571428572,0.9529042386185244,0.0282530537673404
ionosphere,7,knn+quantile+zscore,0.1367486864328384,0.029418540374262,0.397130338120331,0.4204081632653061,0.9571428571428572,0.9529042386185244,0.0264394615377698
ionosphere,7,knn+winsor+quantile,0.1198267787694931,0.02513487291469,0.3983685389394746,0.4203401360544217,0.9428571428571428,0.9377777777777778,0.0217220510755266
ionosphere,7,knn+winsor+quantile+zscore,0.1210261732339859,0.02513487291469,0.3983685389394746,0.4203401360544217,0.9571428571428572,0.9529042386185244,0.0349344738892146
blood_transfusion,42,mean,0.5040775537490845,0.0517710011819135,0.2866518910241578,0.500101597025159,0.7266666666666667,0.4640522875816993,0.0841958526770273
blood_transfusion,42,mean+zscore,0.5027989745140076,0.051770996483464,0.286651893488207,0.500101597025159,0.7266666666666667,0.4640522875816993,0.0915478161970774
blood_transfusion,42,mean+winsor,0.5060325860977173,0.0297921082372933,0.2262456147367618,0.4941137786586189,0.7266666666666667,0.4640522875816993,0.0579189312458038
blood_transfusion,42,mean+winsor+zscore,0.509612500667572,0.0297921082372933,0.2262456147367618,0.4941137786586189,0.7266666666666667,0.4640522875816993,0.0614406379063924
blood_transfusion,42,mean+yeojohnson,0.4985696971416473,0.0263025974337761,0.1584997613912624,0.4827916660410692,0.7266666666666667,0.4640522875816993,0.0716194637616475
blood_transfusion,42,mean+yeojohnson+zscore,0.5001898407936096,0.0263025975204057,0.1584997609408377,0.4827916660410692,0.7266666666666667,0.4640522875816993,0.0923813958962758
blood_transfusion,42,mean+winsor+yeojohnson,0.5008049607276917,0.026679771742085,0.1649834449649088,0.4810531057159588,0.7266666666666667,0.4640522875816993,0.0653551932175954
blood_transfusion,42,mean+winsor+yeojohnson+zscore,0.5026472210884094,0.026679771742085,0.1649834449649088,0.4810531057159588,0.72,0.4608010955152345,0.0684551008542378
blood_transfusion,42,mean+quantile,0.4975822865962982,0.0348244291295588,0.2372912072914559,0.4751746918306983,0.7266666666666667,0.4640522875816993,0.0856258797645568
blood_transfusion,42,mean+quantile+zscore,0.4962272047996521,0.0348244286834825,0.2372912143923162,0.4751746918306983,0.7266666666666667,0.4640522875816993,0.0661044518152872
blood_transfusion,42,mean+winsor+quantile,0.498675137758255,0.042821445669112,0.3135047618402042,0.490939347076458,0.72,0.4406960227272727,0.1012745889027913
blood_transfusion,42,mean+winsor+quantile+zscore,0.4985348880290985,0.042821445669112,0.3135047618402041,0.490939347076458,0.7266666666666667,0.4640522875816993,0.0634590176741282
blood_transfusion,42,median,0.5027713775634766,0.0562124085565794,0.3116923214982552,0.5027803552392535,0.7333333333333333,0.4673295454545454,0.060170661608378
blood_transfusion,42,median+zscore,0.502565860748291,0.0562124077345781,0.3116923223070443,0.5027803552392535,0.7333333333333333,0.4673295454545454,0.0588425215085347
blood_transfusion,42,median+winsor,0.5036002397537231,0.0338954031575765,0.2541554858186991,0.4988446966853345,0.7266666666666667,0.4640522875816993,0.0824742738405863
blood_transfusion,42,median+winsor+zscore,0.5046627521514893,0.0338954031575765,0.2541554858186992,0.4988446966853345,0.7266666666666667,0.4640522875816993,0.0740037214756011
blood_transfusion,42,median+yeojohnson,0.4996042847633362,0.0268360659604188,0.143657066628224,0.4846807701354794,0.74,0.4706361415256538,0.0845766297976176
blood_transfusion,42,median+yeojohnson+zscore,0.500057578086853,0.0268360655066882,0.1436570673618711,0.4846807701354794,0.7266666666666667,0.4640522875816993,0.0711925077438354
blood_transfusion,42,median+winsor+yeojohnson,0.5021242499351501,0.0271960877682108,0.1578638634108168,0.483033496989625,0.7266666666666667,0.4640522875816993,0.0606201533476511
blood_transfusion,42,median+winsor+yeojohnson+zscore,0.5062975883483887,0.0271960877682106,0.1578638634108167,0.483033496989625,0.7333333333333333,0.4673295454545454,0.0748799280325571
blood_transfusion,42,median+quantile,0.4948384463787079,0.036096921590655,0.2402184548836211,0.4748815118438108,0.7333333333333333,0.4673295454545454,0.0838208667437235
blood_transfusion,42,median+quantile+zscore,0.4948443472385406,0.0360969218684291,0.2402184550063632,0.4748815118438108,0.7333333333333333,0.4673295454545454,0.0822214512030283
blood_transfusion,42,median+winsor+quantile,0.4961652755737304,0.0438471548720371,0.3150010134920331,0.4896993628915614,0.7266666666666667,0.4434892769885078,0.0964971355597178
blood_transfusion,42,median+winsor+quantile+zscore,0.5008713603019714,0.0438471548720371,0.315001013492033,0.4896993628915614,0.72,0.4186046511627907,0.1025048645337422
blood_transfusion,42,knn,0.4857854843139648,0.0555002335918574,0.2868424604881724,0.5014121486019149,0.7533333333333333,0.5332604490791355,0.0761883127689361
blood_transfusion,42,knn+zscore,0.4833511412143707,0.0555002334826187,0.2868424549655097,0.5014121486019149,0.7666666666666667,0.5584896139937768,0.0582406826814015
blood_transfusion,42,knn+winsor,0.4873699843883514,0.0417192690767421,0.2319483596739333,0.4988613125534886,0.76,0.5535714285714286,0.0624909138679504
blood_transfusion,42,knn+winsor+zscore,0.4893359243869781,0.0417192690767421,0.2319483596739333,0.4988613125534886,0.74,0.4901960784313725,0.0975502649943033
blood_transfusion,42,knn+yeojohnson,0.4836273193359375,0.0409803201600473,0.1365455116245648,0.4908863965086658,0.76,0.5535714285714286,0.027711420059204
blood_transfusion,42,knn+yeojohnson+zscore,0.4820126891136169,0.0409803203777467,0.1365455113018954,0.4908863965086658,0.76,0.5535714285714286,0.0450218204657236
blood_transfusion,42,knn+winsor+yeojohnson,0.4821272790431976,0.0420127352976356,0.1498608877957067,0.489507079260694,0.7533333333333333,0.5332604490791355,0.0813278285662332
blood_transfusion,42,knn+winsor+yeojohnson+zscore,0.4835779964923858,0.0420127352976357,0.1498608877957067,0.489507079260694,0.7466666666666667,0.5287698412698413,0.085362575451533
blood_transfusion,42,knn+quantile,0.4819751977920532,0.0454892403890707,0.2302996805077381,0.4792005365123693,0.7333333333333333,0.4864772338240328,0.0986046350002288
blood_transfusion,42,knn+quantile+zscore,0.4821624755859375,0.0454892415630158,0.2302996768265842,0.4792005365123693,0.7333333333333333,0.4864772338240328,0.0981708594163258
blood_transfusion,42,knn+winsor+quantile,0.4888606667518616,0.0555963053182034,0.3008039562130568,0.4908851953615702,0.7533333333333333,0.5163398692810457,0.0846774959564208
blood_transfusion,42,knn+winsor+quantile+zscore,0.4864801466464996,0.0555963053182032,0.3008039562130568,0.4908851953615702,0.7533333333333333,0.5163398692810457,0.079902427593867
blood_transfusion,1,mean,0.5083799958229065,0.0492221900226405,0.2875643475888298,0.5373524716103879,0.7733333333333333,0.5293466223698782,0.0866829899946848
blood_transfusion,1,mean+zscore,0.5095289349555969,0.0492221906647316,0.2875643437612991,0.5373524716103879,0.7733333333333333,0.5293466223698782,0.0687888197104136
blood_transfusion,1,mean+winsor,0.5063065886497498,0.0301367333219134,0.2319808511681094,0.5388672181933747,0.7733333333333333,0.5472301136363636,0.0814629197120666
blood_transfusion,1,mean+winsor+zscore,0.505100667476654,0.0301367333219134,0.2319808511681095,0.5388672181933747,0.7733333333333333,0.5293466223698782,0.0583048419157664
blood_transfusion,1,mean+yeojohnson,0.5082489848136902,0.0245989544289465,0.1719395943096408,0.5444580574448599,0.7733333333333333,0.5293466223698782,0.0523423516750335
blood_transfusion,1,mean+yeojohnson+zscore,0.5085374712944031,0.0245989543984392,0.1719395896303036,0.5444580574448599,0.78,0.5686274509803921,0.0737423582871754
blood_transfusion,1,mean+winsor+yeojohnson,0.5047606229782104,0.025603084823504,0.1819076533051036,0.5441507639796005,0.7733333333333333,0.5472301136363636,0.0541420821348826
blood_transfusion,1,mean+winsor+yeojohnson+zscore,0.5081175565719604,0.025603084823504,0.1819076533051036,0.5441507639796005,0.7733333333333333,0.5472301136363636,0.0539983904361725
blood_transfusion,1,mean+quantile,0.501315176486969,0.0337593488668506,0.2527449388648967,0.546863354503551,0.7666666666666667,0.5056031641397495,0.0390073450406392
blood_transfusion,1,mean+quantile+zscore,0.5004245042800903,0.0337593496149314,0.2527449390653191,0.546863354503551,0.7666666666666667,0.5056031641397495,0.0469649775822957
blood_transfusion,1,mean+winsor+quantile,0.5040177702903748,0.0328696510181776,0.3254211522145969,0.5399262295492195,0.7533333333333333,0.4547597995873858,0.0734441510836283
blood_transfusion,1,mean+winsor+quantile+zscore,0.5018804669380188,0.0328696510181776,0.3254211522145969,0.5399262295492195,0.76,0.4807692307692308,0.0433280928929646
blood_transfusion,1,median,0.4971069395542145,0.0542116249035878,0.3298442432299348,0.5376537593401699,0.7866666666666666,0.5570321151716501,0.0501530893643697
blood_transfusion,1,median+zscore,0.4944470226764679,0.0542116261120448,0.3298442474702225,0.5376537593401699,0.7933333333333333,0.5792235996742376,0.061994856595993
blood_transfusion,1,median+winsor,0.4919739663600921,0.035281996943613,0.2762936119530395,0.5383546286703802,0.7866666666666666,0.5570321151716501,0.0729065982500712
blood_transfusion,1,median+winsor+zscore,0.4933163821697235,0.035281996943613,0.2762936119530395,0.5383546286703802,0.7933333333333333,0.5792235996742376,0.085611347357432
blood_transfusion,1,median+yeojohnson,0.4959862232208252,0.0260185586348172,0.1737882449151727,0.5449747508870971,0.78,0.5338544119031924,0.0719180138905843
blood_transfusion,1,median+yeojohnson+zscore,0.4940118491649627,0.0260185584927326,0.1737882452829769,0.5449747508870971,0.78,0.5338544119031924,0.0634900156656901
blood_transfusion,1,median+winsor+yeojohnson,0.4992067515850067,0.0269532882707311,0.188519576235084,0.5448724531927992,0.78,0.5338544119031924,0.0734349584579468
blood_transfusion,1,median+winsor+yeojohnson+zscore,0.4969769418239593,0.0269532882707312,0.188519576235084,0.5448724531927992,0.7733333333333333,0.5293466223698782,0.0716489617029825
blood_transfusion,1,median+quantile,0.498270571231842,0.0362011226498062,0.2642191570961195,0.5481184531227322,0.7733333333333333,0.5096153846153846,0.0369449198246002
blood_transfusion,1,median+quantile+zscore,0.4974340796470642,0.0362011225915257,0.2642191562730258,0.5481184531227322,0.76,0.4807692307692308,0.0547637458642323
blood_transfusion,1,median+winsor+quantile,0.4928185641765594,0.0341531601582721,0.3360178291443274,0.5410502029438112,0.76,0.4576134993973483,0.0549296144644419
blood_transfusion,1,median+winsor+quantile+zscore,0.4921222925186157,0.0341531601582721,0.3360178291443274,0.5410502029438112,0.76,0.4576134993973483,0.056136136452357
blood_transfusion,1,knn,0.5055258870124817,0.0560585187533233,0.2963004450454245,0.5373965136705553,0.78,0.5338544119031924,0.0525356896718343
blood_transfusion,1,knn+zscore,0.4999659657478332,0.0560585211555652,0.2963004489004052,0.5373965136705553,0.78,0.5338544119031924,0.0528801023960113
blood_transfusion,1,knn+winsor,0.4966920018196106,0.0440662161908327,0.2486728714325472,0.5409630196837981,0.78,0.5338544119031924,0.0472080187002817
blood_transfusion,1,knn+winsor+zscore,0.4995567798614502,0.0440662161908327,0.2486728714325473,0.5409630196837981,0.78,0.5137046861184793,0.0322013668219248
blood_transfusion,1,knn+yeojohnson,0.500991940498352,0.0414430401476609,0.1443649604114161,0.5444012031490072,0.78,0.5338544119031924,0.046277383963267
blood_transfusion,1,knn+yeojohnson+zscore,0.4992886483669281,0.0414430396688113,0.1443649601320902,0.5444012031490072,0.7866666666666666,0.5570321151716501,0.0517315359910329
blood_transfusion,1,knn+winsor+yeojohnson,0.4966034889221191,0.0427058749041464,0.1589367801349634,0.5445235199615633,0.78,0.5338544119031924,0.0446627946694692
blood_transfusion,1,knn+winsor+yeojohnson+zscore,0.5005819797515869,0.0427058749041464,0.1589367801349634,0.5445235199615633,0.7666666666666667,0.5056031641397495,0.0427529462178548
blood_transfusion,1,knn+quantile,0.5021936297416687,0.0464002423194113,0.246337385023379,0.5435407814462813,0.7666666666666667,0.5056031641397495,0.0427712754408518
blood_transfusion,1,knn+quantile+zscore,0.4978428781032562,0.0464002419162938,0.2463373888149359,0.5435407814462813,0.7666666666666667,0.4842322428529325,0.0384275762240092
blood_transfusion,1,knn+winsor+quantile,0.4956822693347931,0.0523352681698401,0.3114626275713312,0.5432482020329416,0.7733333333333333,0.5293466223698782,0.0382545614242553
blood_transfusion,1,knn+winsor+quantile+zscore,0.4970468282699585,0.0523352681698401,0.3114626275713312,0.5432482020329416,0.78,0.5338544119031924,0.0514091670513153
blood_transfusion,2,mean,0.4992067515850067,0.0531537699734192,0.2940323067379337,0.4824158070957764,0.7933333333333333,0.5792235996742376,0.0565264296531677
blood_transfusion,2,mean+zscore,0.5001920461654663,0.0531537686555049,0.2940323039289466,0.4824158070957764,0.8,0.6004971590909091,0.0580208337306976
blood_transfusion,2,mean+winsor,0.4961022436618805,0.0333549547171511,0.2321742257073416,0.4799946949336616,0.78,0.5137046861184793,0.0659731872876485
blood_transfusion,2,mean+winsor+zscore,0.4953891634941101,0.0333549547171513,0.2321742257073417,0.4799946949336616,0.7866666666666666,0.5384615384615384,0.0682672850290934
blood_transfusion,2,mean+yeojohnson,0.4990578293800354,0.0294012278217609,0.1727208298159656,0.4748447767618075,0.8,0.584717607973422,0.0666777046521504
blood_transfusion,2,mean+yeojohnson+zscore,0.499106764793396,0.0294012274861581,0.172720827056116,0.4748447767618075,0.8,0.584717607973422,0.0685623884201049
blood_transfusion,2,mean+winsor+yeojohnson,0.4969720542430877,0.0307169014550283,0.1851847664316072,0.4738883633870346,0.7866666666666666,0.5384615384615384,0.0728105803330739
blood_transfusion,2,mean+winsor+yeojohnson+zscore,0.5003791451454163,0.030716901455028,0.1851847664316072,0.4738883633870346,0.78,0.5137046861184793,0.0617903292179107
blood_transfusion,2,mean+quantile,0.4942362904548645,0.0379743641041685,0.2485919895723984,0.4704756042020129,0.7933333333333333,0.5792235996742376,0.0660985946655273
blood_transfusion,2,mean+quantile+zscore,0.4938617050647735,0.037974365366511,0.2485919832603417,0.4704756042020129,0.8,0.584717607973422,0.0727993547916412
blood_transfusion,2,mean+winsor+quantile,0.501522421836853,0.0376581463499895,0.3100352368789276,0.4830470098944492,0.7733333333333333,0.4877460827641623,0.0731419873237609
blood_transfusion,2,mean+winsor+quantile+zscore,0.4982401430606842,0.0376581463499895,0.3100352368789276,0.4830470098944492,0.78,0.5137046861184793,0.0815220034122467
blood_transfusion,2,median,0.4922256469726562,0.0573858206608234,0.3198083663058084,0.4801335275187804,0.7933333333333333,0.5947712418300654,0.0476510898272196
blood_transfusion,2,median+zscore,0.4938018321990967,0.0573858210818791,0.3198083687862665,0.4801335275187804,0.7866666666666666,0.5738636363636364,0.0432070438067118
blood_transfusion,2,median+winsor,0.4909513294696808,0.0377195626442754,0.2625541007593104,0.4795379587506068,0.78,0.5338544119031924,0.0671511379877726
blood_transfusion,2,median+winsor+zscore,0.4926785230636596,0.0377195626442753,0.2625541007593103,0.4795379587506068,0.78,0.5338544119031924,0.0612905259927114
blood_transfusion,2,median+yeojohnson,0.4945182204246521,0.031037297591016,0.1615832491488547,0.4738751507689844,0.8,0.584717607973422,0.0562932173411051
blood_transfusion,2,median+yeojohnson+zscore,0.4954104721546173,0.031037298108587,0.1615832493051714,0.4738751507689844,0.7866666666666666,0.5738636363636364,0.0474492514133453
blood_transfusion,2,median+winsor+yeojohnson,0.4953154027462005,0.0321448458936408,0.1782744987257704,0.4738601364302909,0.78,0.5137046861184793,0.0511825394630432
blood_transfusion,2,median+winsor+yeojohnson+zscore,0.4944024682044983,0.032144845893641,0.1782744987257704,0.4738601364302909,0.7866666666666666,0.5384615384615384,0.0558449319998423
blood_transfusion,2,median+quantile,0.4912354648113251,0.0401684290422043,0.2526051570296617,0.4695775465569619,0.7933333333333333,0.5947712418300654,0.047528273264567
blood_transfusion,2,median+quantile+zscore,0.493429958820343,0.0401684288382273,0.2526051546162798,0.4695775465569619,0.7933333333333333,0.5792235996742376,0.050716602007548
blood_transfusion,2,median+winsor+quantile,0.5001322627067566,0.0384757815842958,0.3148348758733775,0.4825211076578132,0.76,0.4576134993973483,0.0495040309429168
blood_transfusion,2,median+winsor+quantile+zscore,0.4981662034988403,0.0384757815842962,0.3148348758733775,0.4825211076578132,0.7666666666666667,0.4604871030726544,0.0700173374017079
blood_transfusion,2,knn,0.4815123081207275,0.057331843064037,0.303599925689381,0.4856734181142991,0.7866666666666666,0.5738636363636364,0.0522768032550811
blood_transfusion,2,knn+zscore,0.4825501441955566,0.0573318433232732,0.3035999290302955,0.4856734181142991,0.7933333333333333,0.5792235996742376,0.0479626921812693
blood_transfusion,2,knn+winsor,0.4820820987224579,0.0469012759717921,0.260130143757038,0.4846802696575229,0.78,0.5520767351370917,0.0383935221036275
blood_transfusion,2,knn+winsor+zscore,0.4840761423110962,0.0469012759717921,0.2601301437570381,0.4846802696575229,0.78,0.5520767351370917,0.0568842426935831
blood_transfusion,2,knn+yeojohnson,0.4836978018283844,0.045904538162683,0.1488035880143992,0.4782156959896701,0.8066666666666666,0.6209150326797386,0.0544671789805094
blood_transfusion,2,knn+yeojohnson+zscore,0.4839790761470794,0.0459045378255833,0.1488035873899038,0.4782156959896701,0.8,0.6148579253680246,0.0457466864585876
blood_transfusion,2,knn+winsor+yeojohnson,0.4831532835960388,0.047448798411053,0.1657146938903165,0.4782776551606784,0.8,0.6004971590909091,0.0500898007551829
blood_transfusion,2,knn+winsor+yeojohnson+zscore,0.4852602183818817,0.0474487984110529,0.1657146938903165,0.4782776551606784,0.7933333333333333,0.5792235996742376,0.043876941204071
blood_transfusion,2,knn+quantile,0.4856895506381988,0.0495475475557571,0.241718876430605,0.4769661026280098,0.8,0.6004971590909091,0.0537590086460113
blood_transfusion,2,knn+quantile+zscore,0.4820595383644104,0.049547547119623,0.2417188773654024,0.4769661026280098,0.7933333333333333,0.5947712418300654,0.0390714299678802
blood_transfusion,2,knn+winsor+quantile,0.4890652000904083,0.0501435288008984,0.3065979230180906,0.481200746713111,0.7866666666666666,0.5570321151716501,0.0406983097394307
blood_transfusion,2,knn+winsor+quantile+zscore,0.4897900521755218,0.0501435288008987,0.3065979230180906,0.481200746713111,0.7866666666666666,0.5570321151716501,0.0344514441490173
blood_transfusion,3,mean,0.5835052728652954,0.0601149906216887,0.2875049308059919,0.478678337812611,0.7066666666666667,0.5416666666666666,0.1007425049940745
blood_transfusion,3,mean+zscore,0.5881897807121277,0.0601149899228237,0.2875049277741935,0.478678337812611,0.72,0.5511541749786264,0.0904538444677988
blood_transfusion,3,mean+winsor,0.573955774307251,0.0340027217194571,0.21807573164536,0.485956388350875,0.72,0.5625,0.0952711486816406
blood_transfusion,3,mean+winsor+zscore,0.5751110911369324,0.0340027217194571,0.21807573164536,0.485956388350875,0.7066666666666667,0.5416666666666666,0.0963777673244476
blood_transfusion,3,mean+yeojohnson,0.5738133788108826,0.0245071634478348,0.1720378043519381,0.4956095070792607,0.7266666666666667,0.5674801322174555,0.102418801387151
blood_transfusion,3,mean+yeojohnson+zscore,0.5767683982849121,0.0245071639232027,0.1720378026137491,0.4956095070792607,0.7066666666666667,0.5416666666666666,0.0998608346780141
blood_transfusion,3,mean+winsor+yeojohnson,0.5694876313209534,0.0265092496578376,0.1866508068318652,0.4960470249087878,0.7133333333333334,0.5575828246107415,0.0858158834775288
blood_transfusion,3,mean+winsor+yeojohnson+zscore,0.5680346488952637,0.0265092496578376,0.1866508068318652,0.4960470249087878,0.7133333333333334,0.5463816020817216,0.0845732045173645
blood_transfusion,3,mean+quantile,0.5723792314529419,0.0328340595189113,0.2415783676917292,0.4966293810589112,0.7066666666666667,0.5416666666666666,0.100460422039032
blood_transfusion,3,mean+quantile+zscore,0.5711803436279297,0.0328340600214198,0.2415783684902196,0.4966293810589112,0.7066666666666667,0.5297805642633229,0.0990616424878438
blood_transfusion,3,mean+winsor+quantile,0.5743066072463989,0.0290419893694859,0.3272469068121717,0.4869433308809913,0.6933333333333334,0.4950234192037471,0.1126889117558797
blood_transfusion,3,mean+winsor+quantile+zscore,0.5743894577026367,0.0290419893694858,0.3272469068121716,0.4869433308809913,0.6933333333333334,0.4950234192037471,0.1061476961771647
blood_transfusion,3,median,0.5767636895179749,0.0658454667347931,0.3206879213717964,0.4803473317017752,0.7133333333333334,0.5575828246107415,0.1018710692723592
blood_transfusion,3,median+zscore,0.573651909828186,0.0658454699164039,0.320687921676126,0.4803473317017752,0.7066666666666667,0.5416666666666666,0.0972106266021728
blood_transfusion,3,median+winsor,0.5652206540107727,0.0400610398330044,0.2530740323699383,0.4858369743104664,0.7133333333333334,0.5575828246107415,0.0882081826527913
blood_transfusion,3,median+winsor+zscore,0.5615251660346985,0.0400610398330044,0.2530740323699383,0.4858369743104664,0.72,0.5625,0.077698396841685
blood_transfusion,3,median+yeojohnson,0.5615621209144592,0.0262725391850947,0.1592339938664033,0.4966848340164857,0.7066666666666667,0.5527243155326647,0.112053118944168
blood_transfusion,3,median+yeojohnson+zscore,0.565928041934967,0.026272539281797,0.1592339913644216,0.4966848340164857,0.7,0.5370052815693807,0.1124355427424113
blood_transfusion,3,median+winsor+yeojohnson,0.5582159161567688,0.028108604510989,0.1806310234718678,0.4968499917421137,0.7,0.5252830719459878,0.1107196287314097
blood_transfusion,3,median+winsor+yeojohnson+zscore,0.5604361891746521,0.028108604510989,0.1806310234718678,0.4968499917421137,0.7133333333333334,0.5575828246107415,0.0919631087779999
blood_transfusion,3,median+quantile,0.5606012940406799,0.0341955553233724,0.2460861117206907,0.4937220045143111,0.6933333333333334,0.5208333333333334,0.11011403520902
blood_transfusion,3,median+quantile+zscore,0.5615288019180298,0.0341955553197447,0.2460861071558073,0.4937220045143111,0.6933333333333334,0.5208333333333334,0.1095892071723938
blood_transfusion,3,median+winsor+quantile,0.5727717876434326,0.0293527487852311,0.3332032172459628,0.4858853204810593,0.6866666666666666,0.5164277385280197,0.1186031794548034
blood_transfusion,3,median+winsor+quantile+zscore,0.5716782808303833,0.0293527487852311,0.3332032172459628,0.4858853204810593,0.6866666666666666,0.504184541810254,0.1140825804074605
blood_transfusion,3,knn,0.5659712553024292,0.064384506288987,0.2904489801402167,0.4866767763213869,0.74,0.5658627087198516,0.103628826936086
blood_transfusion,3,knn+zscore,0.5641916394233704,0.0643845058721481,0.2904489775787513,0.4866767763213869,0.7266666666666667,0.555988737275287,0.1074937446912129
blood_transfusion,3,knn+winsor,0.55478435754776,0.0490551508331211,0.2443175096561382,0.4915755546546951,0.72,0.5389344262295082,0.1339476696650187
blood_transfusion,3,knn+winsor+zscore,0.553232729434967,0.0490551508331211,0.2443175096561383,0.4915755546546951,0.7333333333333333,0.5483288166214996,0.0961120327313741
blood_transfusion,3,knn+yeojohnson,0.5495534539222717,0.0398225948774338,0.1400413404198269,0.5005929662828,0.7266666666666667,0.555988737275287,0.0978876920541127
blood_transfusion,3,knn+yeojohnson+zscore,0.5493966341018677,0.0398225945203951,0.1400413393413719,0.5005929662828,0.7266666666666667,0.555988737275287,0.0894269994894663
blood_transfusion,3,knn+winsor+yeojohnson,0.548573911190033,0.0412225691326145,0.1552694661535008,0.5014160523299752,0.7133333333333334,0.5213358070500927,0.1002124353249867
blood_transfusion,3,knn+winsor+yeojohnson+zscore,0.5477668046951294,0.0412225691326144,0.1552694661535008,0.5014160523299752,0.7266666666666667,0.5435992578849722,0.0868977189064025
blood_transfusion,3,knn+quantile,0.550794243812561,0.0425299142015657,0.2375610601504521,0.4908266394406658,0.7333333333333333,0.5483288166214996,0.0852042317390442
blood_transfusion,3,knn+quantile+zscore,0.5510388016700745,0.04252991577503,0.2375610668747249,0.4908266394406658,0.74,0.5658627087198516,0.0650763618946075
blood_transfusion,3,knn+winsor+quantile,0.5495670437812805,0.0480215383898585,0.3151549965151287,0.490297333953926,0.72,0.5389344262295082,0.0979803812503814
blood_transfusion,3,knn+winsor+quantile+zscore,0.5461013913154602,0.0480215383898585,0.3151549965151287,0.490297333953926,0.72,0.5389344262295082,0.1134544722239176
blood_transfusion,4,mean,0.5141205191612244,0.0509777307563752,0.2936801190595972,0.5134739676390954,0.76,0.4576134993973483,0.0816086041927337
blood_transfusion,4,mean+zscore,0.512924313545227,0.0509777306981834,0.2936801146404512,0.5134739676390954,0.7533333333333333,0.4547597995873858,0.0487498191992441
blood_transfusion,4,mean+winsor,0.510413646697998,0.0365086256474783,0.237307733743516,0.5102346741137787,0.7533333333333333,0.4547597995873858,0.050789912144343
blood_transfusion,4,mean+winsor+zscore,0.5128432512283325,0.0365086256474783,0.237307733743516,0.5102346741137787,0.7533333333333333,0.4547597995873858,0.0514796408017476
blood_transfusion,4,mean+yeojohnson,0.5107094049453735,0.0281696824490248,0.1711341170953902,0.5161834551997156,0.7666666666666667,0.4604871030726544,0.0898365684350331
blood_transfusion,4,mean+yeojohnson+zscore,0.5125513672828674,0.0281696824527705,0.1711341176244883,0.5161834551997156,0.76,0.4576134993973483,0.0677851231892903
blood_transfusion,4,mean+winsor+yeojohnson,0.5111756920814514,0.0299390245029546,0.1821915090980003,0.5142124729116305,0.76,0.4576134993973483,0.0671522943178812
blood_transfusion,4,mean+winsor+yeojohnson+zscore,0.5120245218276978,0.0299390245029544,0.1821915090980003,0.5142124729116305,0.76,0.4576134993973483,0.0673859429359436
blood_transfusion,4,mean+quantile,0.5091701149940491,0.0305406276114859,0.2395869304268593,0.5250629351030234,0.76,0.4576134993973483,0.0643525421619415
blood_transfusion,4,mean+quantile+zscore,0.5050221681594849,0.030540629068707,0.2395869324879834,0.5250629351030234,0.7666666666666667,0.4604871030726544,0.0608877078692118
blood_transfusion,4,mean+winsor+quantile,0.5073797106742859,0.0313590632374073,0.3155496171011958,0.5150967173650837,0.76,0.4576134993973483,0.072167816956838
blood_transfusion,4,mean+winsor+quantile+zscore,0.5085309147834778,0.0313590632374073,0.3155496171011958,0.5150967173650837,0.76,0.4576134993973483,0.0617002213001251
blood_transfusion,4,median,0.5127483010292053,0.0549809646538019,0.3171790841852766,0.5126136460319605,0.76,0.4576134993973483,0.0695028555393219
blood_transfusion,4,median+zscore,0.512417197227478,0.0549809637109336,0.3171790846994933,0.5126136460319605,0.74,0.425287356321839,0.0626111054420471
blood_transfusion,4,median+winsor,0.5123292207717896,0.0404933951866011,0.2644093013971756,0.5068099034578023,0.7466666666666667,0.4274809160305343,0.0546501358350117
blood_transfusion,4,median+winsor+zscore,0.5123164653778076,0.040493395186601,0.2644093013971756,0.5068099034578023,0.76,0.4576134993973483,0.077963273525238
blood_transfusion,4,median+yeojohnson,0.5118232369422913,0.0294584924591532,0.1583959004325519,0.5144298805359118,0.76,0.4576134993973483,0.0791493741671244
blood_transfusion,4,median+yeojohnson+zscore,0.5083181858062744,0.0294584926984096,0.15839590079153,0.5144298805359118,0.76,0.4576134993973483,0.0809787352879842
blood_transfusion,4,median+winsor+yeojohnson,0.5078429579734802,0.0310235792356808,0.1745887738924809,0.5121895410116661,0.7533333333333333,0.4296577946768061,0.0622769705454508
blood_transfusion,4,median+winsor+yeojohnson+zscore,0.5102012753486633,0.0310235792356807,0.1745887738924809,0.5121895410116661,0.7533333333333333,0.4547597995873858,0.0742791740099589
blood_transfusion,4,median+quantile,0.5024498701095581,0.0316731750179895,0.2432748361571345,0.5238777032065624,0.76,0.4318181818181818,0.0744864781697591
blood_transfusion,4,median+quantile+zscore,0.5036442279815674,0.0316731759891389,0.2432748354430693,0.5238777032065624,0.76,0.4318181818181818,0.074772431453069
blood_transfusion,4,median+winsor+quantile,0.5047308802604675,0.0318973219912451,0.3178920028087519,0.5149762022731709,0.7533333333333333,0.4296577946768061,0.0667107272148132
blood_transfusion,4,median+winsor+quantile+zscore,0.5058391094207764,0.031897321991245,0.317892002808752,0.5149762022731709,0.7533333333333333,0.4296577946768061,0.0640251421928405
blood_transfusion,4,knn,0.4923821985721588,0.0545582870172011,0.2956273652660997,0.5200220210300838,0.76,0.4807692307692308,0.0578887295722961
blood_transfusion,4,knn+zscore,0.4992218911647796,0.0545582866425349,0.2956273682103553,0.5200220210300838,0.7533333333333333,0.4773519163763066,0.0588488082091013
blood_transfusion,4,knn+winsor,0.4930665194988251,0.0481001297187935,0.2534460930395181,0.5218308484602795,0.76,0.4576134993973483,0.0541110928853352
blood_transfusion,4,knn+winsor+zscore,0.4910885691642761,0.0481001297187932,0.2534460930395181,0.5218308484602795,0.76,0.4576134993973483,0.052521895567576
blood_transfusion,4,knn+yeojohnson,0.491178959608078,0.0429663174182839,0.1523946741875468,0.5256194665905941,0.76,0.4576134993973483,0.0559013779958089
blood_transfusion,4,knn+yeojohnson+zscore,0.4847613573074341,0.0429663182287224,0.1523946755255847,0.5256194665905941,0.7666666666666667,0.4842322428529325,0.0599003469944
blood_transfusion,4,knn+winsor+yeojohnson,0.4939251840114593,0.0450540274270437,0.1706666101975426,0.5262925093464258,0.7533333333333333,0.4773519163763066,0.0593919265270232
blood_transfusion,4,knn+winsor+yeojohnson+zscore,0.4921048581600189,0.0450540274270436,0.1706666101975426,0.5262925093464258,0.7533333333333333,0.4547597995873858,0.0584830502669016
blood_transfusion,4,knn+quantile,0.4909902513027191,0.039554798984019,0.2343988051087011,0.5324810193735017,0.76,0.4576134993973483,0.0585525035858154
blood_transfusion,4,knn+quantile+zscore,0.4887475669384002,0.0395547992825832,0.2343988008588127,0.5324810193735017,0.76,0.4576134993973483,0.0595728576183319
blood_transfusion,4,knn+winsor+quantile,0.4892899096012115,0.0399876640185232,0.2970945769711676,0.5246064992067424,0.76,0.4807692307692308,0.0580682603518168
blood_transfusion,4,knn+winsor+quantile+zscore,0.4898341000080108,0.0399876640185232,0.2970945769711676,0.5246064992067424,0.76,0.4576134993973483,0.0556655025482177
blood_transfusion,5,mean,0.4369732737541199,0.0449239608009204,0.2640534374231814,0.4638637899193729,0.8,0.6004971590909091,0.0465391838550567
blood_transfusion,5,mean+zscore,0.437209278345108,0.0449239607316106,0.2640534401355933,0.4638637899193729,0.8,0.6004971590909091,0.050636488199234
blood_transfusion,5,mean+winsor,0.4522787928581238,0.0343258238229169,0.2299655551759393,0.4633200706674873,0.7866666666666666,0.5570321151716501,0.0364372066656748
blood_transfusion,5,mean+winsor+zscore,0.4525626599788666,0.0343258238229171,0.2299655551759393,0.4633200706674873,0.7866666666666666,0.5570321151716501,0.0403696572780608
blood_transfusion,5,mean+yeojohnson,0.4387851357460022,0.024460530288318,0.1640257906827757,0.4432287834882313,0.8066666666666666,0.6341771087377008,0.0305744524796803
blood_transfusion,5,mean+yeojohnson+zscore,0.4439095556735992,0.0244605303123259,0.1640257885358883,0.4432287834882313,0.8133333333333334,0.6527777777777778,0.040559366941452
blood_transfusion,5,mean+winsor+yeojohnson,0.4506525695323944,0.0261240669713086,0.1788488012814248,0.4461031284877057,0.7866666666666666,0.5738636363636364,0.049834615389506
blood_transfusion,5,mean+winsor+yeojohnson+zscore,0.4515530467033386,0.0261240669713086,0.1788488012814249,0.4461031284877057,0.7933333333333333,0.5947712418300654,0.0376198649406432
blood_transfusion,5,mean+quantile,0.4469019472599029,0.0274729046177021,0.2444412267279714,0.4256190662082288,0.8066666666666666,0.6463127083502724,0.0286708426475524
blood_transfusion,5,mean+quantile+zscore,0.4476740062236786,0.0274729059958047,0.2444412311297232,0.4256190662082288,0.8,0.64,0.0222755459944407
blood_transfusion,5,mean+winsor+quantile,0.4553210437297821,0.0275114139961245,0.3015296284469786,0.43294035804193,0.7933333333333333,0.5947712418300654,0.0234262589613596
blood_transfusion,5,mean+winsor+quantile+zscore,0.4565969705581665,0.0275114139961245,0.3015296284469786,0.43294035804193,0.7866666666666666,0.5891817870592263,0.0278925518194834
blood_transfusion,5,median,0.43675497174263,0.0493499458564308,0.2869028930765411,0.4647364232842364,0.8,0.6004971590909091,0.0551597229639689
blood_transfusion,5,median+zscore,0.4355044066905975,0.0493499462039561,0.2869028964546105,0.4647364232842364,0.8066666666666666,0.6209150326797386,0.0447981695334116
blood_transfusion,5,median+winsor,0.4503184556961059,0.0386280266049232,0.25625621346132,0.4628058796150323,0.78,0.5338544119031924,0.060902980963389
blood_transfusion,5,median+winsor+zscore,0.447990357875824,0.0386280266049233,0.25625621346132,0.4628058796150323,0.78,0.5338544119031924,0.0644255952040354
blood_transfusion,5,median+yeojohnson,0.4383087158203125,0.0255171723309853,0.1642907997826326,0.4414204565359919,0.8,0.6148579253680246,0.0495973662535349
blood_transfusion,5,median+yeojohnson+zscore,0.4392505288124084,0.02551717214106,0.1642907966956869,0.4414204565359919,0.8,0.6148579253680246,0.0427956767876942
blood_transfusion,5,median+winsor+yeojohnson,0.4490650296211242,0.0270053760391381,0.1810229311913079,0.4434582025834672,0.7866666666666666,0.5738636363636364,0.0515046366055806
blood_transfusion,5,median+winsor+yeojohnson+zscore,0.4490562975406647,0.0270053760391382,0.1810229311913079,0.4434582025834672,0.7866666666666666,0.5738636363636364,0.0529542593161265
blood_transfusion,5,median+quantile,0.4487560093402862,0.0288242449486506,0.2495657952137461,0.4241211356845788,0.8,0.64,0.0335880287488301
blood_transfusion,5,median+quantile+zscore,0.4470792114734649,0.0288242458013094,0.2495657979383777,0.4241211356845788,0.8133333333333334,0.6527777777777778,0.0349660412470499
blood_transfusion,5,median+winsor+quantile,0.4549182653427124,0.0281762758754577,0.3054408086775461,0.4304293600388371,0.8,0.6148579253680246,0.0595632553100585
blood_transfusion,5,median+winsor+quantile+zscore,0.4544441699981689,0.0281762758754577,0.3054408086775461,0.4304293600388371,0.8,0.6004971590909091,0.0442833689848582
blood_transfusion,5,knn,0.4387114942073822,0.0500665408770978,0.2666279563683932,0.4633092603436282,0.8133333333333334,0.640534063676823,0.0350117389361063
blood_transfusion,5,knn+zscore,0.4379547536373138,0.0500665418678097,0.2666279578686528,0.4633092603436282,0.8,0.6148579253680246,0.0482418155670166
blood_transfusion,5,knn+winsor,0.4471857249736786,0.0453177828548267,0.2529499427810959,0.4613164572166419,0.7933333333333333,0.5792235996742376,0.033361530303955
blood_transfusion,5,knn+winsor+zscore,0.4475973546504974,0.0453177828548267,0.2529499427810959,0.4613164572166419,0.7933333333333333,0.5792235996742376,0.0283731301625569
blood_transfusion,5,knn+yeojohnson,0.4379909336566925,0.0387526818299333,0.1484038804984441,0.4400766732229279,0.8,0.6279761904761905,0.0352667852242787
blood_transfusion,5,knn+yeojohnson+zscore,0.4387606680393219,0.0387526811466363,0.14840387625852,0.4400766732229279,0.8,0.6279761904761905,0.038743907213211
blood_transfusion,5,knn+winsor+yeojohnson,0.4458511471748352,0.0397785317004546,0.1596556833295968,0.4420402484372576,0.7866666666666666,0.5738636363636364,0.0411162054538726
blood_transfusion,5,knn+winsor+yeojohnson+zscore,0.4457671642303467,0.0397785317004546,0.1596556833295968,0.4420402484372576,0.7933333333333333,0.5947712418300654,0.0466146846612294
blood_transfusion,5,knn+quantile,0.4463842809200287,0.0361811223669547,0.2360308047927318,0.420569443818847,0.7933333333333333,0.6219204813399464,0.0325169010957082
blood_transfusion,5,knn+quantile+zscore,0.4462885558605194,0.0361811221586828,0.2360308070680722,0.420569443818847,0.7933333333333333,0.6219204813399464,0.0504720584551493
blood_transfusion,5,knn+winsor+quantile,0.4550535678863525,0.039593252448663,0.2960146427443774,0.4264164276884424,0.78,0.5686274509803921,0.0393106869856516
blood_transfusion,5,knn+winsor+quantile+zscore,0.4565633237361908,0.039593252448663,0.2960146427443774,0.4264164276884424,0.7666666666666667,0.542483660130719,0.0462588906288147
blood_transfusion,6,mean,0.4747511744499206,0.0484042438983886,0.2763534813216652,0.5215026350164407,0.78,0.5975282543296203,0.0774508531888326
blood_transfusion,6,mean+zscore,0.4728723168373108,0.0484042447471059,0.2763534831752967,0.5215026350164407,0.78,0.5837187789084182,0.087352796792984
blood_transfusion,6,mean+winsor,0.4758238792419433,0.0338783702961567,0.2345979716488242,0.519089830788403,0.7733333333333333,0.5783730158730159,0.0935093255837758
blood_transfusion,6,mean+winsor+zscore,0.4741149842739105,0.0338783702961567,0.2345979716488242,0.519089830788403,0.7666666666666667,0.542483660130719,0.098331625064214
blood_transfusion,6,mean+yeojohnson,0.469475507736206,0.0262042590875954,0.1657526946229859,0.5154699738250028,0.7933333333333333,0.6089479438230595,0.100977942943573
blood_transfusion,6,mean+yeojohnson+zscore,0.4678075015544891,0.0262042591931681,0.1657526946239457,0.5154699738250028,0.7933333333333333,0.6089479438230595,0.0888319865862528
blood_transfusion,6,mean+winsor+yeojohnson,0.473360151052475,0.0275821313937451,0.182090677356726,0.5159396223393341,0.78,0.5837187789084182,0.0857896800835927
blood_transfusion,6,mean+winsor+yeojohnson+zscore,0.4723517894744873,0.0275821313937451,0.182090677356726,0.5159396223393341,0.7866666666666666,0.5891817870592263,0.0845027045408884
blood_transfusion,6,mean+quantile,0.4667694568634033,0.0313955083388394,0.2489204651191007,0.5235459864170283,0.78,0.5837187789084182,0.0998309636116027
blood_transfusion,6,mean+quantile+zscore,0.4689328968524933,0.0313955067768454,0.2489204663791503,0.5235459864170283,0.7866666666666666,0.5891817870592263,0.0832113663355509
blood_transfusion,6,mean+winsor+quantile,0.4736165404319763,0.0293359150700723,0.32375307844136,0.5160385167835283,0.78,0.5837187789084182,0.0896414605776469
blood_transfusion,6,mean+winsor+quantile+zscore,0.4752312302589416,0.0293359150700723,0.32375307844136,0.5160385167835283,0.7733333333333333,0.563505648750428,0.070066799322764
blood_transfusion,6,median,0.4797944128513336,0.0519183158029291,0.3072675155859213,0.5201277219744856,0.7666666666666667,0.5584896139937768,0.0764028120040893
blood_transfusion,6,median+zscore,0.4778568148612976,0.0519183148253283,0.3072675146532803,0.5201277219744856,0.7666666666666667,0.5584896139937768,0.0801491932074229
blood_transfusion,6,median+winsor,0.4779433310031891,0.0368055270169127,0.2692489965890494,0.5198033121631158,0.76,0.5535714285714286,0.095835458834966
blood_transfusion,6,median+winsor+zscore,0.4771201610565185,0.0368055270169127,0.2692489965890494,0.5198033121631158,0.7666666666666667,0.542483660130719,0.0765213227272033
blood_transfusion,6,median+yeojohnson,0.4746803939342499,0.0270952232068935,0.1621209299974989,0.5148817120349934,0.7866666666666666,0.5891817870592263,0.0828398958841959
blood_transfusion,6,median+yeojohnson+zscore,0.4736285805702209,0.0270952236195071,0.1621209322502203,0.5148817120349934,0.7733333333333333,0.563505648750428,0.083152939081192
blood_transfusion,6,median+winsor+yeojohnson,0.4732333421707153,0.0280525873165509,0.1809756642185352,0.5144829311992952,0.7733333333333333,0.5472301136363636,0.0892611483732859
blood_transfusion,6,median+winsor+yeojohnson+zscore,0.4770768284797668,0.028052587316551,0.1809756642185352,0.5144829311992952,0.7733333333333333,0.563505648750428,0.0950772853692372
blood_transfusion,6,median+quantile,0.4713464379310608,0.0332820841283516,0.2549512798895304,0.5211394882112418,0.7733333333333333,0.5472301136363636,0.0764698151747385
blood_transfusion,6,median+quantile+zscore,0.4719049036502838,0.0332820842333346,0.2549512821808926,0.5211394882112418,0.7733333333333333,0.5472301136363636,0.0549963629245757
blood_transfusion,6,median+winsor+quantile,0.4751741588115692,0.0298262829198828,0.3261348811410595,0.5152757883779009,0.7666666666666667,0.542483660130719,0.051160698334376
blood_transfusion,6,median+winsor+quantile+zscore,0.4757590591907501,0.0298262829198828,0.3261348811410595,0.5152757883779009,0.7666666666666667,0.542483660130719,0.0627152204513549
blood_transfusion,6,knn,0.4605461657047272,0.0548368078176249,0.2728438785770862,0.5192344689178165,0.7866666666666666,0.6031746031746031,0.0461012355486551
blood_transfusion,6,knn+zscore,0.4633913040161133,0.0548368085961967,0.2728438813006887,0.5192344689178165,0.78,0.5837187789084182,0.0557536856333414
blood_transfusion,6,knn+winsor,0.4670575857162475,0.0464740903496178,0.2522829853039904,0.5194617860056353,0.7866666666666666,0.5891817870592263,0.0438666705290476
blood_transfusion,6,knn+winsor+zscore,0.4701941907405853,0.0464740903496178,0.2522829853039904,0.5194617860056353,0.7666666666666667,0.542483660130719,0.0674487336476643
blood_transfusion,6,knn+yeojohnson,0.4638746082782745,0.0407269339537427,0.15552177459185,0.5163920544119635,0.7866666666666666,0.5891817870592263,0.0648791654904683
blood_transfusion,6,knn+yeojohnson+zscore,0.4624986350536346,0.0407269341181087,0.1555217830241562,0.5163920544119635,0.7866666666666666,0.5891817870592263,0.0439769140879313
blood_transfusion,6,knn+winsor+yeojohnson,0.4686444103717804,0.0415617976747465,0.1645845829724121,0.5169339719432058,0.7733333333333333,0.5472301136363636,0.0540105136235554
blood_transfusion,6,knn+winsor+yeojohnson+zscore,0.4683251976966858,0.0415617976747464,0.1645845829724121,0.5169339719432058,0.7733333333333333,0.5472301136363636,0.0576232159137726
blood_transfusion,6,knn+quantile,0.4622656106948852,0.0411388409264369,0.2439647821384783,0.5200693662447636,0.78,0.5686274509803921,0.0997577627499898
blood_transfusion,6,knn+quantile+zscore,0.4595315158367157,0.0411388422627391,0.2439647896750686,0.5200693662447636,0.78,0.5686274509803921,0.0946014134089152
blood_transfusion,6,knn+winsor+quantile,0.4666664600372314,0.0490024088475135,0.3196224277027579,0.5169979330260399,0.7666666666666667,0.542483660130719,0.0783421413103739
blood_transfusion,6,knn+winsor+quantile+zscore,0.4615744650363922,0.0490024088475135,0.3196224277027579,0.5169979330260399,0.78,0.5520767351370917,0.0700419016679128
blood_transfusion,7,mean,0.5192798376083374,0.0343760734460819,0.2628546083501046,0.4684049267050032,0.76,0.5016611295681063,0.0406671567757924
blood_transfusion,7,mean+zscore,0.5193609595298767,0.0343760739320625,0.262854610407948,0.4684049267050032,0.7666666666666667,0.5056031641397495,0.0352741161982218
blood_transfusion,7,mean+winsor,0.5218396186828613,0.0266435947033397,0.2206530498427727,0.4724961338077864,0.76,0.5016611295681063,0.0425797255833943
blood_transfusion,7,mean+winsor+zscore,0.5203962326049805,0.0266435947033397,0.2206530498427727,0.4724961338077864,0.76,0.5016611295681063,0.0377225315570831
blood_transfusion,7,mean+yeojohnson,0.5152410268783569,0.0281473692156839,0.1622733005280404,0.4857888283310562,0.76,0.5016611295681063,0.0373017152150471
blood_transfusion,7,mean+yeojohnson+zscore,0.5128677487373352,0.0281473677791468,0.1622732988151943,0.4857888283310562,0.76,0.5016611295681063,0.0367028931776682
blood_transfusion,7,mean+winsor+yeojohnson,0.5173248648643494,0.0294718921842727,0.1740943769017462,0.4876320886446557,0.76,0.5016611295681063,0.0413044842084248
blood_transfusion,7,mean+winsor+yeojohnson+zscore,0.520880937576294,0.0294718921842725,0.1740943769017462,0.4876320886446557,0.76,0.5016611295681063,0.037268302043279
blood_transfusion,7,mean+quantile,0.5055735111236572,0.0430539959285981,0.2542445846101465,0.4966007537198023,0.7733333333333333,0.5293466223698782,0.0270316052436828
blood_transfusion,7,mean+quantile+zscore,0.504941999912262,0.0430539955899537,0.2542445839487199,0.4966007537198023,0.7666666666666667,0.5056031641397495,0.0248259059588114
blood_transfusion,7,mean+winsor+quantile,0.5039416551589966,0.0398066524445628,0.3128611021242085,0.4959429254938466,0.76,0.4807692307692308,0.0457626541455586
blood_transfusion,7,mean+winsor+quantile+zscore,0.5031814575195312,0.0398066524445628,0.3128611021242085,0.4959429254938466,0.76,0.4807692307692308,0.0329192614555358
blood_transfusion,7,median,0.5161452293395996,0.0374584512377678,0.2868021697529035,0.4649486259377706,0.76,0.5016611295681063,0.060603799422582
blood_transfusion,7,median+zscore,0.5166643261909485,0.0374584526569198,0.2868021667146615,0.4649486259377706,0.76,0.5016611295681063,0.0581847914059956
blood_transfusion,7,median+winsor,0.5174580812454224,0.0292281146622453,0.2475417799484892,0.4686747844191202,0.7666666666666667,0.5249298705999457,0.0504495648543039
blood_transfusion,7,median+winsor+zscore,0.5191782712936401,0.0292281146622455,0.2475417799484892,0.4686747844191202,0.76,0.5016611295681063,0.0433524358272552
blood_transfusion,7,median+yeojohnson,0.5115987062454224,0.0288361824231896,0.1537054349196412,0.4837810108653764,0.76,0.5016611295681063,0.0411103403568267
blood_transfusion,7,median+yeojohnson+zscore,0.5116361379623413,0.0288361820089942,0.1537054337026241,0.4837810108653764,0.76,0.5016611295681063,0.0399537110328674
blood_transfusion,7,median+winsor+yeojohnson,0.513631284236908,0.0300469103470421,0.1700672334444929,0.4857748149482756,0.76,0.5016611295681063,0.0370142451922098
blood_transfusion,7,median+winsor+yeojohnson+zscore,0.5138480067253113,0.0300469103470421,0.1700672334444928,0.4857748149482756,0.76,0.5016611295681063,0.0395327532291412
blood_transfusion,7,median+quantile,0.5047659277915955,0.0448009453922048,0.2570770043048367,0.4904339644360364,0.7666666666666667,0.5056031641397495,0.0311569245656331
blood_transfusion,7,median+quantile+zscore,0.5049116015434265,0.0448009466443745,0.2570770058512435,0.4904339644360364,0.7666666666666667,0.5249298705999457,0.0323624436060587
blood_transfusion,7,median+winsor+quantile,0.5035873651504517,0.040636152521277,0.31341950136969,0.4933193199505528,0.76,0.4807692307692308,0.0492280880610148
blood_transfusion,7,median+winsor+quantile+zscore,0.5042145848274231,0.040636152521277,0.31341950136969,0.4933193199505528,0.76,0.4807692307692308,0.0328648583094279
blood_transfusion,7,knn,0.5089033842086792,0.0390893521272828,0.2616958755607413,0.4749307588747253,0.7733333333333333,0.5293466223698782,0.0294992748896281
blood_transfusion,7,knn+zscore,0.5093255639076233,0.0390893525004213,0.2616958807963331,0.4749307588747253,0.7733333333333333,0.5293466223698782,0.0409685778617858
blood_transfusion,7,knn+winsor,0.5082324147224426,0.0359706338978443,0.2361863303656895,0.4764972548784088,0.7666666666666667,0.5056031641397495,0.0559037323792775
blood_transfusion,7,knn+winsor+zscore,0.5096539258956909,0.0359706338978442,0.2361863303656895,0.4764972548784088,0.7733333333333333,0.5293466223698782,0.0508791597684224
blood_transfusion,7,knn+yeojohnson,0.5006723999977112,0.0412486620796523,0.1516765590118672,0.4954807841488621,0.7733333333333333,0.5293466223698782,0.0368557063738505
blood_transfusion,7,knn+yeojohnson+zscore,0.5012437105178833,0.0412486631281775,0.1516765625567803,0.4954807841488621,0.78,0.5520767351370917,0.0366282856464386
blood_transfusion,7,knn+winsor+yeojohnson,0.5033589005470276,0.0422743135503245,0.1639890292072812,0.4953705789028522,0.7733333333333333,0.5293466223698782,0.0356156957149505
blood_transfusion,7,knn+winsor+yeojohnson+zscore,0.5040716528892517,0.0422743135503245,0.1639890292072812,0.4953705789028522,0.7733333333333333,0.5293466223698782,0.0340671380360921
blood_transfusion,7,knn+quantile,0.503395676612854,0.0527211774788106,0.2481326206102898,0.5013242646727625,0.7733333333333333,0.5293466223698782,0.0447611741224924
blood_transfusion,7,knn+quantile+zscore,0.5007950663566589,0.0527211778385581,0.2481326174960662,0.5013242646727625,0.7733333333333333,0.5293466223698782,0.0495084631443023
blood_transfusion,7,knn+winsor+quantile,0.4974707067012787,0.0566478732396025,0.3087517709661521,0.508254483031295,0.7733333333333333,0.5096153846153846,0.0467612059911092
blood_transfusion,7,knn+winsor+quantile+zscore,0.5004891157150269,0.0566478732396025,0.3087517709661521,0.508254483031295,0.7733333333333333,0.5096153846153846,0.0681443961461385
diabetes,42,mean,0.481503963470459,0.0091831967054483,0.2293498172347857,0.4885775793119122,0.7467532467532467,0.7031875463306152,0.0489581490491891
diabetes,42,mean+zscore,0.4819026291370392,0.0091831963888703,0.2293498167471455,0.4885775793119122,0.7467532467532467,0.7031875463306152,0.0492252688129227
diabetes,42,mean+winsor,0.4791068434715271,0.0052980347332111,0.2128593448174272,0.4755088276810691,0.7467532467532467,0.7065520105535741,0.0472345855328943
diabetes,42,mean+winsor+zscore,0.4799187481403351,0.0052980347332111,0.2128593448174272,0.4755088276810691,0.7467532467532467,0.7065520105535741,0.0479527367399884
diabetes,42,mean+yeojohnson,0.4802653193473816,0.005268720735608,0.1707797995357843,0.4778517863869652,0.7532467532467533,0.7124606918238994,0.041853328803917
diabetes,42,mean+yeojohnson+zscore,0.4814700782299042,0.0052687205943894,0.1707797988442433,0.4778517863869652,0.7467532467532467,0.7065520105535741,0.04636364168935
diabetes,42,mean+winsor+yeojohnson,0.4821749031543731,0.0048851021918808,0.179231727144559,0.4710958655595334,0.7467532467532467,0.7065520105535741,0.0452514925560394
diabetes,42,mean+winsor+yeojohnson+zscore,0.4801617264747619,0.0048851021918808,0.179231727144559,0.4710958655595334,0.7532467532467533,0.7124606918238994,0.0395381667397238
diabetes,42,mean+quantile,0.4846448004245758,0.0057488950348248,0.1272897132755334,0.4774736064624569,0.7597402597402597,0.7184086978008402,0.0554191361774097
diabetes,42,mean+quantile+zscore,0.4855216443538666,0.0057488952443557,0.127289712033459,0.4774736064624569,0.7597402597402597,0.7184086978008402,0.0492105364025413
diabetes,42,mean+winsor+quantile,0.4814613759517669,0.0077099145865699,0.3169428390810832,0.4825212451125562,0.7597402597402597,0.7184086978008402,0.0407754693712507
diabetes,42,mean+winsor+quantile+zscore,0.4834204316139221,0.0077099145865699,0.3169428390810832,0.4825212451125562,0.7597402597402597,0.7184086978008402,0.0428234818693879
diabetes,42,median,0.4764363765716553,0.0103422064938093,0.2507468520642695,0.490704448413022,0.7402597402597403,0.6937760986279579,0.0521033491407122
diabetes,42,median+zscore,0.4762448370456695,0.0103422064998328,0.2507468510908583,0.490704448413022,0.7402597402597403,0.6937760986279579,0.0529145617763717
diabetes,42,median+winsor,0.4817501902580261,0.0110833151865327,0.279510017362589,0.4793041267474178,0.7467532467532467,0.7065520105535741,0.0506446373153042
diabetes,42,median+winsor+zscore,0.4848568439483642,0.0110833151865327,0.279510017362589,0.4793041267474178,0.7467532467532467,0.7031875463306152,0.0507281070405786
diabetes,42,median+yeojohnson,0.4787313342094421,0.005448136397314,0.172399723181125,0.4787332507440158,0.7467532467532467,0.7031875463306152,0.0449969048623914
diabetes,42,median+yeojohnson+zscore,0.4774565398693084,0.0054481364585696,0.1723997226968079,0.4787332507440158,0.7467532467532467,0.7031875463306152,0.0437010782105582
diabetes,42,median+winsor+yeojohnson,0.4820013642311096,0.0096468278728661,0.2320740500697947,0.4729079854031795,0.7402597402597403,0.7006802721088435,0.0534326991477569
diabetes,42,median+winsor+yeojohnson+zscore,0.4844656586647033,0.009646827872866,0.2320740500697951,0.4729079854031795,0.7467532467532467,0.7065520105535741,0.0456736587084733
diabetes,42,median+quantile,0.4750967025756836,0.0059774397210077,0.1335226769680183,0.4737625425822274,0.7662337662337663,0.7275943396226415,0.037215185629857
diabetes,42,median+quantile+zscore,0.4752100110054016,0.00597743999137,0.1335226774644518,0.4737625425822274,0.7597402597402597,0.7216006253969804,0.0464061181266586
diabetes,42,median+winsor+quantile,0.4814883172512054,0.0172836241402116,0.3691870748425102,0.4846566209503541,0.7402597402597403,0.6937760986279579,0.0803401617260722
diabetes,42,median+winsor+quantile+zscore,0.4826239049434662,0.0172836241402116,0.3691870748425102,0.4846566209503541,0.7402597402597403,0.6937760986279579,0.0733317098060211
diabetes,42,knn,0.4981599152088165,0.0119559247415425,0.1780616269553304,0.4882976891819644,0.7337662337662337,0.6802552286423255,0.0655641137779532
diabetes,42,knn+zscore,0.4955544769763946,0.0119559247537044,0.1780616239083779,0.4882976891819644,0.7402597402597403,0.6860346585117227,0.0918223269574054
diabetes,42,knn+winsor,0.4956458806991577,0.0100951900283392,0.1427131216194161,0.481783563098442,0.7402597402597403,0.6900161030595813,0.0552113509023344
diabetes,42,knn+winsor+zscore,0.4954873621463775,0.0100951900283392,0.1427131216194161,0.481783563098442,0.7467532467532467,0.695852534562212,0.0640490918190448
diabetes,42,knn+yeojohnson,0.4992554783821106,0.0087340750446798,0.0926340788587882,0.4796736150061794,0.7337662337662337,0.6842210552638159,0.0803325501355257
diabetes,42,knn+yeojohnson+zscore,0.499425858259201,0.0087340752584494,0.0926340780068183,0.4796736150061794,0.7337662337662337,0.6842210552638159,0.0996892022622096
diabetes,42,knn+winsor+yeojohnson,0.497758150100708,0.0091961076162655,0.080076466908617,0.4758070257878024,0.7467532467532467,0.6996249062265567,0.0861458267484392
diabetes,42,knn+winsor+yeojohnson+zscore,0.4970160126686096,0.0091961076162657,0.080076466908617,0.4758070257878024,0.7337662337662337,0.6842210552638159,0.0832260881925557
diabetes,42,knn+quantile,0.4994496405124664,0.0092373382906523,0.0823125808975603,0.4778569644006015,0.7337662337662337,0.6842210552638159,0.0793684670677433
diabetes,42,knn+quantile+zscore,0.4997825026512146,0.009237338204058,0.0823125818791623,0.4778569644006015,0.7402597402597403,0.6937760986279579,0.0959366521277985
diabetes,42,knn+winsor+quantile,0.4986176490783691,0.0115265624352719,0.2271211692892102,0.4838948981586428,0.7272727272727273,0.6745169082125604,0.0889505457568478
diabetes,42,knn+winsor+quantile+zscore,0.498246818780899,0.0115265624352719,0.2271211692892102,0.4838948981586428,0.7337662337662337,0.6842210552638159,0.0819910149295608
diabetes,1,mean,0.5138994455337524,0.0097329647941584,0.2278529127223326,0.503555908400199,0.7142857142857143,0.6862962962962963,0.0583034002935731
diabetes,1,mean+zscore,0.5154628157615662,0.0097329648443197,0.2278529128681696,0.503555908400199,0.7012987012987013,0.6691574817859145,0.0548536963277049
diabetes,1,mean+winsor,0.5198180675506592,0.0068678275240051,0.2172135749795965,0.5043290967935335,0.6948051948051948,0.6604269293924466,0.0649374893733433
diabetes,1,mean+winsor+zscore,0.5223163962364197,0.0068678275240051,0.2172135749795965,0.5043290967935335,0.7077922077922078,0.6777793276607615,0.0384755455828332
diabetes,1,mean+yeojohnson,0.5191404223442078,0.0061191284847483,0.1668510942534196,0.5025363945010235,0.7142857142857143,0.6862962962962963,0.063090532631069
diabetes,1,mean+yeojohnson+zscore,0.517122745513916,0.0061191285831981,0.1668510928381182,0.5025363945010235,0.7142857142857143,0.6862962962962963,0.0440280077519354
diabetes,1,mean+winsor+yeojohnson,0.5202465057373047,0.0062465349019803,0.1799590693499547,0.5027326042320276,0.7337662337662337,0.7064211652020272,0.0446608136226604
diabetes,1,mean+winsor+yeojohnson+zscore,0.5196067690849304,0.0062465349019802,0.1799590693499547,0.5027326042320276,0.7207792207792207,0.6921002464313943,0.027128700699125
diabetes,1,mean+quantile,0.5201897621154785,0.0064412053030477,0.1305034533613008,0.4999902912244319,0.7077922077922078,0.6777793276607615,0.041541346094825
diabetes,1,mean+quantile+zscore,0.5191380381584167,0.0064412054660099,0.1305034518251725,0.4999902912244319,0.7142857142857143,0.6835419390995703,0.0334560503433277
diabetes,1,mean+winsor+quantile,0.5185354948043823,0.0072115275900438,0.3173370401894212,0.5060783407573104,0.7207792207792207,0.699478103017926,0.0559459762139754
diabetes,1,mean+winsor+quantile+zscore,0.5170280933380127,0.0072115275900438,0.3173370401894212,0.5060783407573104,0.7207792207792207,0.699478103017926,0.0537245780616611
diabetes,1,median,0.5181691646575928,0.0109756233651016,0.2504319183412641,0.5009798466161404,0.6948051948051948,0.6634584088901287,0.0555417886028042
diabetes,1,median+zscore,0.516749918460846,0.0109756233854655,0.2504319184575014,0.5009798466161404,0.6948051948051948,0.6634584088901287,0.0640125824259473
diabetes,1,median+winsor,0.5270222425460815,0.0126671973565248,0.2834142794232893,0.4985091019308627,0.6883116883116883,0.6577777777777778,0.070364414871513
diabetes,1,median+winsor+zscore,0.5211150646209717,0.0126671973565247,0.2834142794232893,0.4985091019308627,0.6883116883116883,0.6577777777777778,0.0613273734396154
diabetes,1,median+yeojohnson,0.5233439803123474,0.0060523121429453,0.1676365221711948,0.4989327744037471,0.7077922077922078,0.6777793276607615,0.0549253550442782
diabetes,1,median+yeojohnson+zscore,0.522307813167572,0.0060523122772594,0.167636522450886,0.4989327744037471,0.7142857142857143,0.6862962962962963,0.0378468377249581
diabetes,1,median+winsor+yeojohnson,0.5204793214797974,0.0108407791898407,0.2315316284394006,0.497821258297998,0.6883116883116883,0.6606060606060606,0.068095452212668
diabetes,1,median+winsor+yeojohnson+zscore,0.5222814083099365,0.0108407791898408,0.2315316284394007,0.497821258297998,0.6753246753246753,0.6464646464646464,0.0848310469806968
diabetes,1,median+quantile,0.5219310522079468,0.0065265518442,0.1344411858931408,0.4987263011099996,0.7077922077922078,0.6777793276607615,0.0413069980485098
diabetes,1,median+quantile+zscore,0.518884003162384,0.0065265519955641,0.1344411886911339,0.4987263011099996,0.7012987012987013,0.6747474747474747,0.0477584732043278
diabetes,1,median+winsor+quantile,0.5185904502868652,0.0167813588914933,0.3687656660348492,0.503494419488268,0.6948051948051948,0.6738905158819555,0.0533616535075299
diabetes,1,median+winsor+quantile+zscore,0.5163837671279907,0.0167813588914934,0.3687656660348491,0.503494419488268,0.7012987012987013,0.6819324712643677,0.0486945517651446
diabetes,1,knn,0.5435935258865356,0.0126608375486984,0.1663461304275075,0.5005524755620873,0.6948051948051948,0.6604269293924466,0.0607807009251086
diabetes,1,knn+zscore,0.5399919152259827,0.0126608376766552,0.1663461357983197,0.5005524755620873,0.6948051948051948,0.6663132174634641,0.0615090998736295
diabetes,1,knn+winsor,0.5443828105926514,0.0114951897499879,0.1493597739989648,0.4981522813126043,0.6818181818181818,0.6459770114942529,0.0769687031770681
diabetes,1,knn+winsor+zscore,0.5397856831550598,0.0114951897499882,0.149359773998965,0.4981522813126043,0.6883116883116883,0.6577777777777778,0.0760184901875335
diabetes,1,knn+yeojohnson,0.5447283983230591,0.0100739237810627,0.0737766920784974,0.5010913588383792,0.6818181818181818,0.652113779908718,0.0799137334544937
diabetes,1,knn+yeojohnson+zscore,0.5461921691894531,0.0100739239417786,0.073776693786436,0.5010913588383792,0.6883116883116883,0.6606060606060606,0.0738368967136779
diabetes,1,knn+winsor+yeojohnson,0.544913113117218,0.0103516556659123,0.0756135854750953,0.4996596380679425,0.6688311688311688,0.6379143423539717,0.0904994603101309
diabetes,1,knn+winsor+yeojohnson+zscore,0.5425065755844116,0.0103516556659124,0.0756135854750955,0.4996596380679425,0.6753246753246753,0.6464646464646464,0.0839029155768357
diabetes,1,knn+quantile,0.5400313138961792,0.0101118606909832,0.0853120775904281,0.5006065673116807,0.6883116883116883,0.6606060606060606,0.0655445990624365
diabetes,1,knn+quantile+zscore,0.5406225323677063,0.0101118607576375,0.0853120766689248,0.5006065673116807,0.6948051948051948,0.6663132174634641,0.0615506230236648
diabetes,1,knn+winsor+quantile,0.5380030274391174,0.0112966280766295,0.2135728286296572,0.5070939711462588,0.6753246753246753,0.6464646464646464,0.0857682646094978
diabetes,1,knn+winsor+quantile+zscore,0.5397182106971741,0.0112966280766294,0.2135728286296572,0.5070939711462588,0.6623376623376623,0.6352040816326531,0.098744035154194
diabetes,2,mean,0.4974181056022644,0.013606098686113,0.2340134397683041,0.4839764518734146,0.7337662337662337,0.703776683087028,0.0589641173938652
diabetes,2,mean+zscore,0.495198130607605,0.0136060982303587,0.2340134390110468,0.4839764518734146,0.7337662337662337,0.703776683087028,0.0527343010747587
diabetes,2,mean+winsor,0.4969851076602936,0.0082688856333151,0.2109852173987246,0.4917834170044858,0.7402597402597403,0.7096530920060332,0.0631116636387713
diabetes,2,mean+winsor+zscore,0.4953718185424804,0.0082688856333152,0.2109852173987246,0.4917834170044858,0.7402597402597403,0.7096530920060332,0.078680142179712
diabetes,2,mean+yeojohnson,0.4985274374485016,0.0079352884210025,0.1650808419045971,0.4825292895265982,0.7272727272727273,0.6979263964132263,0.0607310007144878
diabetes,2,mean+yeojohnson+zscore,0.4967254400253296,0.0079352882107142,0.1650808418213049,0.4825292895265982,0.7272727272727273,0.6979263964132263,0.0595015175156779
diabetes,2,mean+winsor+yeojohnson,0.5000331997871399,0.0078503395933512,0.1765940227254194,0.4858166809339436,0.7337662337662337,0.703776683087028,0.0558364205546193
diabetes,2,mean+winsor+yeojohnson+zscore,0.4974636733531952,0.0078503395933513,0.1765940227254195,0.4858166809339436,0.7272727272727273,0.6979263964132263,0.0595174304076603
diabetes,2,mean+quantile,0.4985646307468414,0.0085962003138099,0.1275578897784342,0.4793552596320762,0.7207792207792207,0.6921002464313943,0.0760827528965937
diabetes,2,mean+quantile+zscore,0.4981423914432525,0.0085962002649958,0.1275578891368949,0.4793552596320762,0.7272727272727273,0.6979263964132263,0.0579142787239768
diabetes,2,mean+winsor+quantile,0.5014374256134033,0.01174160858994,0.3220495698467415,0.4760170127336602,0.7077922077922078,0.6777793276607615,0.0872549879086482
diabetes,2,mean+winsor+quantile+zscore,0.502103865146637,0.0117416085899397,0.3220495698467415,0.4760170127336602,0.7207792207792207,0.6921002464313943,0.0712236998143134
diabetes,2,median,0.4998378455638885,0.014996733766222,0.2585864822215118,0.4844046551082306,0.7337662337662337,0.7064211652020272,0.0590473568284666
diabetes,2,median+zscore,0.4957989752292633,0.0149967335465764,0.2585864798659227,0.4844046551082306,0.7402597402597403,0.7123108537268821,0.0491678319968186
diabetes,2,median+winsor,0.5029460787773132,0.0146870090746926,0.2819149260245752,0.4921279398403582,0.7467532467532467,0.7155576604309732,0.0809843695008909
diabetes,2,median+winsor+zscore,0.4978959858417511,0.0146870090746926,0.2819149260245751,0.4921279398403582,0.7402597402597403,0.7096530920060332,0.0702748736003776
diabetes,2,median+yeojohnson,0.501861572265625,0.008142041769612,0.1687806939011942,0.4826190725844705,0.7337662337662337,0.7064211652020272,0.0552163174400081
diabetes,2,median+yeojohnson+zscore,0.5009894371032715,0.0081420417651026,0.168780694552793,0.4826190725844705,0.7337662337662337,0.7064211652020272,0.0558332088705781
diabetes,2,median+winsor+yeojohnson,0.5012537837028503,0.0131413123167342,0.2334442521415602,0.4864580149086108,0.7467532467532467,0.7155576604309732,0.0729413914990115
diabetes,2,median+winsor+yeojohnson+zscore,0.5015829801559448,0.0131413123167342,0.2334442521415603,0.4864580149086108,0.7467532467532467,0.7155576604309732,0.0683579979004797
diabetes,2,median+quantile,0.4990392923355102,0.0089637476278882,0.1312835737484355,0.4771571003789381,0.7337662337662337,0.7064211652020272,0.0696015988851522
diabetes,2,median+quantile+zscore,0.4970864653587341,0.0089637474267494,0.1312835735655469,0.4771571003789381,0.7467532467532467,0.72074208397266,0.0570071180919547
diabetes,2,median+winsor+quantile,0.5113975405693054,0.0227636231588823,0.3712221460791457,0.477755345882989,0.7337662337662337,0.7009708737864078,0.0715327104190727
diabetes,2,median+winsor+quantile+zscore,0.5102555155754089,0.0227636231588823,0.3712221460791457,0.477755345882989,0.7337662337662337,0.703776683087028,0.0737844496578365
diabetes,2,knn,0.5040757060050964,0.0148951093248642,0.1807815877386797,0.4901852600814538,0.7207792207792207,0.6893267651888342,0.0686375045931184
diabetes,2,knn+zscore,0.5016875267028809,0.0148951090501149,0.1807815934683516,0.4901852600814538,0.7272727272727273,0.6951357466063348,0.0621860615618817
diabetes,2,knn+winsor,0.5051652789115906,0.0116551219994633,0.1487924410409456,0.4946218931224699,0.7272727272727273,0.6951357466063348,0.0608935793498893
diabetes,2,knn+winsor+zscore,0.5044509768486023,0.0116551219994632,0.1487924410409457,0.4946218931224699,0.7142857142857143,0.6806184012066365,0.0896085686497873
diabetes,2,knn+yeojohnson,0.5060295462608337,0.0106551579092056,0.0850172088520174,0.4896522020705027,0.7142857142857143,0.6806184012066365,0.0799846862043653
diabetes,2,knn+yeojohnson+zscore,0.5043004751205444,0.0106551577988255,0.0850172094395077,0.4896522020705027,0.7207792207792207,0.6863840871418423,0.0725753195100016
diabetes,2,knn+winsor+yeojohnson,0.5087003707885742,0.0109512288966951,0.0798451681686618,0.4906009806048252,0.7207792207792207,0.6863840871418423,0.0820634786958818
diabetes,2,knn+winsor+yeojohnson+zscore,0.5022932887077332,0.0109512288966955,0.0798451681686621,0.4906009806048252,0.7207792207792207,0.6863840871418423,0.0724299259774096
diabetes,2,knn+quantile,0.5017834305763245,0.0114201589304691,0.0854046726593742,0.4816622496361059,0.7142857142857143,0.6806184012066365,0.0767660783482836
diabetes,2,knn+quantile+zscore,0.5038625597953796,0.0114201593520302,0.0854046734526612,0.4816622496361059,0.7142857142857143,0.6806184012066365,0.0775635470817615
diabetes,2,knn+winsor+quantile,0.5048409104347229,0.0157652706143307,0.231117086006326,0.4821984514410505,0.7077922077922078,0.6748768472906403,0.0838339874496707
diabetes,2,knn+winsor+quantile+zscore,0.5048797130584717,0.0157652706143307,0.231117086006326,0.4821984514410505,0.7077922077922078,0.6748768472906403,0.0833299229671428
diabetes,3,mean,0.4903492629528045,0.0109839285971654,0.2350106308179762,0.4831574935381164,0.7142857142857143,0.6398809523809523,0.0808278879561981
diabetes,3,mean+zscore,0.4886833429336548,0.0109839283016455,0.2350106330137981,0.4831574935381164,0.7142857142857143,0.6450869474125288,0.0829202950774849
diabetes,3,mean+winsor,0.4836121201515198,0.0070133574166874,0.2200084362882745,0.4799136529240335,0.7207792207792207,0.6555884953450877,0.0693199305565326
diabetes,3,mean+winsor+zscore,0.4839284420013428,0.0070132233981647,0.2200083986100279,0.4799278924615334,0.7337662337662337,0.6668952782906885,0.0503040826939917
diabetes,3,mean+yeojohnson,0.4846141338348388,0.0065263356884397,0.1801358734365957,0.4887712925006273,0.7142857142857143,0.65,0.0784879400358571
diabetes,3,mean+yeojohnson+zscore,0.4886894226074219,0.0065263356926402,0.1801358727724707,0.4887712925006273,0.7142857142857143,0.6450869474125288,0.0686207487211598
diabetes,3,mean+winsor+yeojohnson,0.4795644283294678,0.006061253611363,0.1852735633059094,0.4863529752034173,0.7272727272727273,0.6612193588937776,0.0656143492692476
diabetes,3,mean+winsor+yeojohnson+zscore,0.4850214123725891,0.006061266450838,0.1852735686864601,0.4863388281304467,0.7337662337662337,0.6716076350964789,0.0574343599282301
diabetes,3,mean+quantile,0.4881789982318878,0.0070956627764546,0.1349839738483006,0.5048436618986408,0.7142857142857143,0.65,0.0692888358970741
diabetes,3,mean+quantile+zscore,0.484569787979126,0.007095662900288,0.134983974629068,0.5048436618986408,0.7142857142857143,0.65,0.071573257446289
diabetes,3,mean+winsor+quantile,0.4859803915023803,0.0193938127667064,0.3575473949791494,0.5162562813466313,0.7272727272727273,0.6612193588937776,0.0647553623496711
diabetes,3,mean+winsor+quantile+zscore,0.4855273365974426,0.0193938127667064,0.3575473949791494,0.5162562813466313,0.7272727272727273,0.6612193588937776,0.0695080973885275
diabetes,3,median,0.4834713637828827,0.0122621362684939,0.256356632195204,0.4824717765894236,0.7272727272727273,0.6659090909090909,0.0695487914921401
diabetes,3,median+zscore,0.4840966761112213,0.0122621364448807,0.2563566300165713,0.4824717765894236,0.7207792207792207,0.6555884953450877,0.0744434788629606
diabetes,3,median+winsor,0.4890924990177154,0.0136762860046244,0.2834428516862785,0.4920528586426318,0.7337662337662337,0.6668952782906885,0.1033699195106308
diabetes,3,median+winsor+zscore,0.490048348903656,0.0136762860046244,0.2834428516862785,0.4920528586426318,0.7402597402597403,0.6726190476190477,0.0798804860610466
diabetes,3,median+yeojohnson,0.4818771183490753,0.0066930804444108,0.182074334958871,0.4887960729944582,0.7337662337662337,0.6760556154122415,0.0762621756497915
diabetes,3,median+yeojohnson+zscore,0.4816074669361114,0.0066930803994835,0.1820743339787685,0.4887960729944582,0.7337662337662337,0.6760556154122415,0.0768292054727479
diabetes,3,median+winsor+yeojohnson,0.4854990839958191,0.0116633871226426,0.2352183155319668,0.4963274013639258,0.7337662337662337,0.6668952782906885,0.0910061028870669
diabetes,3,median+winsor+yeojohnson+zscore,0.4901301264762878,0.0116633871226426,0.2352183155319669,0.4963274013639258,0.7337662337662337,0.6668952782906885,0.0844567243929033
diabetes,3,median+quantile,0.4793819487094879,0.0072600594881589,0.1407739391890118,0.5054754720267984,0.7337662337662337,0.6716076350964789,0.0428734727494128
diabetes,3,median+quantile+zscore,0.4784013330936432,0.0072600593509495,0.1407739397279778,0.5054754720267984,0.7207792207792207,0.6555884953450877,0.0572192204463017
diabetes,3,median+winsor+quantile,0.4839789271354675,0.0194181612005881,0.3620019910957719,0.5189013216694877,0.7337662337662337,0.6716076350964789,0.0563061248946499
diabetes,3,median+winsor+quantile+zscore,0.4822721481323242,0.0194181612005883,0.3620019910957719,0.5189013216694877,0.7402597402597403,0.6773517703750261,0.070171403807479
diabetes,3,knn,0.4936977326869964,0.0130926577480103,0.156668345563054,0.478759880528431,0.7142857142857143,0.6450869474125288,0.0846954560899115
diabetes,3,knn+zscore,0.4934446513652801,0.0130926573634441,0.1566683516695057,0.478759880528431,0.7142857142857143,0.6450869474125288,0.0787766660962785
diabetes,3,knn+winsor,0.4929811656475067,0.0114746552306418,0.1339609435087051,0.4728333665280993,0.7077922077922078,0.6343972566605117,0.0894556304851135
diabetes,3,knn+winsor+zscore,0.4951204657554626,0.011474655230642,0.1339609435087052,0.4728333665280993,0.7142857142857143,0.6450869474125288,0.0840216244195962
diabetes,3,knn+yeojohnson,0.4921016991138458,0.0096166211935702,0.0844385038536589,0.4853401187503456,0.7142857142857143,0.65,0.0921032262312901
diabetes,3,knn+yeojohnson+zscore,0.4935140609741211,0.0096166213604405,0.0844385018289594,0.4853401187503456,0.7077922077922078,0.6444512852085578,0.0974904941273974
diabetes,3,knn+winsor+yeojohnson,0.4923938810825348,0.0098466999296769,0.0796818317597572,0.4808640033553528,0.6948051948051948,0.6235502158423051,0.1198621372897903
diabetes,3,knn+winsor+yeojohnson+zscore,0.4921438992023468,0.0098466999296769,0.0796818317597572,0.4808640033553528,0.7077922077922078,0.6444512852085578,0.0820842888448145
diabetes,3,knn+quantile,0.490322470664978,0.0102579481540019,0.081994186274633,0.5063414948074695,0.7077922077922078,0.6444512852085578,0.0790515522678177
diabetes,3,knn+quantile+zscore,0.4889934957027435,0.0102579481808109,0.0819941886370508,0.5063414948074695,0.7077922077922078,0.6444512852085578,0.0925340331220007
diabetes,3,knn+winsor+quantile,0.4875536262989044,0.0140138591685811,0.2199675101659636,0.5128618160144496,0.7207792207792207,0.6602534503103996,0.0597146525011434
diabetes,3,knn+winsor+quantile+zscore,0.4867515563964844,0.0140138591685812,0.2199675101659636,0.5128618160144496,0.7207792207792207,0.6602534503103996,0.0675915007467393
diabetes,4,mean,0.4951421618461609,0.0096460965629031,0.2259472055762562,0.4585797744198359,0.7402597402597403,0.7006802721088435,0.0749322330796873
diabetes,4,mean+zscore,0.4939590990543365,0.009646096451737,0.2259472032179388,0.4585797744198359,0.7467532467532467,0.7065520105535741,0.0662725118847636
diabetes,4,mean+winsor,0.4929239451885223,0.0066438441874446,0.2129442830800676,0.4515999045026342,0.7597402597402597,0.7184086978008402,0.0536804892025984
diabetes,4,mean+winsor+zscore,0.4928131997585296,0.0066438441874446,0.2129442830800676,0.4515999045026342,0.7597402597402597,0.7216006253969804,0.0576523983633363
diabetes,4,mean+yeojohnson,0.5011695623397827,0.0061262057995413,0.1659478882002525,0.4622478422939784,0.7337662337662337,0.6915033957101675,0.0450737178325652
diabetes,4,mean+yeojohnson+zscore,0.5023643374443054,0.0061262056300966,0.1659478893059937,0.4622478422939784,0.7467532467532467,0.7065520105535741,0.0513776149842646
diabetes,4,mean+winsor+yeojohnson,0.4975130558013916,0.0063704648276896,0.1770486460604709,0.4561731076533076,0.7402597402597403,0.7006802721088435,0.0377144070414753
diabetes,4,mean+winsor+yeojohnson+zscore,0.4979647397994995,0.0063704648276894,0.177048646060471,0.4561731076533076,0.7532467532467533,0.7156462585034014,0.0564158818164428
diabetes,4,mean+quantile,0.4950595796108246,0.0063013817596524,0.130457366525919,0.4683479122156553,0.7467532467532467,0.7065520105535741,0.042712503052377
diabetes,4,mean+quantile+zscore,0.4979566037654876,0.0063013819006769,0.1304573672877425,0.4683479122156553,0.7467532467532467,0.7065520105535741,0.0357910054070608
diabetes,4,mean+winsor+quantile,0.4879772067070007,0.0078115605754199,0.3274202762292998,0.4717038198391524,0.7532467532467533,0.70908729369656,0.0516657318387712
diabetes,4,mean+winsor+quantile+zscore,0.4870157539844513,0.0078115605754199,0.3274202762292998,0.4717038198391524,0.7532467532467533,0.70908729369656,0.0472716495588228
diabetes,4,median,0.5100237727165222,0.0111596200012572,0.2508312475547398,0.4605206048881558,0.7402597402597403,0.7068341899866742,0.0644011543942736
diabetes,4,median+zscore,0.5054451823234558,0.0111596199414089,0.2508312460774802,0.4605206048881558,0.7337662337662337,0.694843168527379,0.0769370929761366
diabetes,4,median+winsor,0.5094622373580933,0.0073072172856644,0.2282049596468331,0.4574621556551583,0.7402597402597403,0.7068341899866742,0.040943054022727
diabetes,4,median+winsor+zscore,0.5072739124298096,0.0073072172856643,0.2282049596468331,0.4574621556551583,0.7597402597402597,0.7246145667198298,0.0668101403620336
diabetes,4,median+yeojohnson,0.5131669044494629,0.006311511788403,0.1680470451409318,0.4634525626451808,0.7467532467532467,0.7127277945185824,0.0642140306435622
diabetes,4,median+yeojohnson+zscore,0.5117723345756531,0.0063115117764074,0.1680470463320753,0.4634525626451808,0.7402597402597403,0.7038461538461538,0.0584295891322098
diabetes,4,median+winsor+yeojohnson,0.5136758089065552,0.0067003337727395,0.1785369868509559,0.4606176001793072,0.7597402597402597,0.7246145667198298,0.0756826350441226
diabetes,4,median+winsor+yeojohnson+zscore,0.5101627707481384,0.0067003705150359,0.178536986850956,0.4606176001793072,0.7597402597402597,0.7274597024919883,0.0603987946138753
diabetes,4,median+quantile,0.5103656649589539,0.0066119412317113,0.1338724887262346,0.4701037211610068,0.7207792207792207,0.6832639785717702,0.0933813700428256
diabetes,4,median+quantile+zscore,0.5109375715255737,0.0066119413105345,0.1338724851250612,0.4701037211610068,0.7207792207792207,0.6832639785717702,0.0941803350851133
diabetes,4,median+winsor+quantile,0.4844546616077423,0.0159644109475455,0.379696575357935,0.4677739848827891,0.7662337662337663,0.7275943396226415,0.0647320929285767
diabetes,4,median+winsor+quantile+zscore,0.4852228462696075,0.0159644109475455,0.379696575357935,0.4677739848827891,0.7727272727272727,0.7336298492710649,0.0596409188462542
diabetes,4,knn,0.5052509307861328,0.0122255017232268,0.1718446212477102,0.4566882275455901,0.7142857142857143,0.6742307692307692,0.0796575356613505
diabetes,4,knn+zscore,0.5015125274658203,0.0122255011593594,0.1718446200958203,0.4566882275455901,0.7272727272727273,0.6890384615384615,0.0660834033767898
diabetes,4,knn+winsor,0.5023478865623474,0.0111810779412684,0.1482512412611329,0.4553884536583498,0.7337662337662337,0.694843168527379,0.0483718599591936
diabetes,4,knn+winsor+zscore,0.5008552074432373,0.0111810779412685,0.148251241261133,0.4553884536583498,0.7272727272727273,0.6890384615384615,0.0503744378492429
diabetes,4,knn+yeojohnson,0.5121078491210938,0.0095030705457074,0.0910232576226531,0.4610696592626619,0.7207792207792207,0.6832639785717702,0.0554594796199303
diabetes,4,knn+yeojohnson+zscore,0.5102894902229309,0.0095030707810362,0.0910232589238296,0.4610696592626619,0.7142857142857143,0.6775176089853416,0.0615315681154077
diabetes,4,knn+winsor+yeojohnson,0.5095610022544861,0.0099841819462384,0.0841246585907264,0.4596010451450666,0.7142857142857143,0.6775176089853416,0.0602399896491657
diabetes,4,knn+winsor+yeojohnson+zscore,0.5078957080841064,0.0099841819462381,0.0841246585907267,0.4596010451450666,0.7142857142857143,0.6775176089853416,0.0587107515954352
diabetes,4,knn+quantile,0.5093802809715271,0.0093844069644549,0.0862928213325413,0.4666198426290699,0.7077922077922078,0.6685320705983642,0.0739377752527014
diabetes,4,knn+quantile+zscore,0.5093418955802917,0.0093844068573701,0.0862928227934258,0.4666198426290699,0.7077922077922078,0.6685320705983642,0.0729603686115958
diabetes,4,knn+winsor+quantile,0.500041127204895,0.0113745432312886,0.2333405617812983,0.4715735373174819,0.7272727272727273,0.6857142857142857,0.0657381868207609
diabetes,4,knn+winsor+quantile+zscore,0.5016316175460815,0.0113745432312886,0.2333405617812983,0.4715735373174819,0.7207792207792207,0.6764547808667611,0.0651931998791632
diabetes,5,mean,0.4748238027095794,0.0150776185938196,0.2380871806533361,0.4199382004072508,0.7662337662337663,0.7210144927536233,0.0425115618612859
diabetes,5,mean+zscore,0.4734997451305389,0.0150776185186288,0.2380871780611817,0.4199382004072508,0.7662337662337663,0.7210144927536233,0.0407824109901081
diabetes,5,mean+winsor,0.476990133523941,0.0075582649960449,0.2173591191987655,0.4184918702411974,0.7597402597402597,0.7150287571892973,0.0550482485975537
diabetes,5,mean+winsor+zscore,0.4760333001613617,0.007558264996045,0.2173591191987655,0.4184918702411974,0.7597402597402597,0.7114498404820986,0.0498673335298315
diabetes,5,mean+yeojohnson,0.4732862114906311,0.0074657890049762,0.1723598715122212,0.41887901922504,0.7727272727272727,0.730432608152038,0.0513290817087346
diabetes,5,mean+yeojohnson+zscore,0.4733189642429352,0.0074657890888139,0.17235987235306,0.41887901922504,0.7662337662337663,0.7210144927536233,0.0498411465774882
diabetes,5,mean+winsor+yeojohnson,0.4749919474124908,0.0071001740869043,0.1803489842690974,0.4192193811570974,0.7532467532467533,0.7055152979066023,0.0492077717533359
diabetes,5,mean+winsor+yeojohnson+zscore,0.4733694493770599,0.0071001740869044,0.1803489842690975,0.4192193811570974,0.7597402597402597,0.7114498404820986,0.0502868341161059
diabetes,5,mean+quantile,0.4751537442207336,0.0078928745449187,0.1338126732900732,0.4199688061664224,0.7727272727272727,0.7366492402403869,0.072873257584386
diabetes,5,mean+quantile+zscore,0.475058376789093,0.0078928743936717,0.1338126734932894,0.4199688061664224,0.7792207792207793,0.745578231292517,0.0673647766763513
diabetes,5,mean+winsor+quantile,0.4732570946216583,0.0095901036374946,0.3316118458849146,0.4261573646425627,0.7792207792207793,0.745578231292517,0.0400744548865727
diabetes,5,mean+winsor+quantile+zscore,0.4745296537876129,0.0095901036374946,0.3316118458849146,0.4261573646425627,0.7857142857142857,0.7516978550837934,0.0558075401690099
diabetes,5,median,0.473282903432846,0.0170341139403024,0.2600734196071128,0.4232846766487674,0.7727272727272727,0.730432608152038,0.0781905438218798
diabetes,5,median+zscore,0.4750658571720123,0.0170341137546566,0.2600734153930478,0.4232846766487674,0.7727272727272727,0.730432608152038,0.0649344038653683
diabetes,5,median+winsor,0.473785251379013,0.0153170307588199,0.2805970469833237,0.4216015448233826,0.7662337662337663,0.724398488765162,0.03235472022713
diabetes,5,median+winsor+zscore,0.4755223393440246,0.0153170307588199,0.2805970469833238,0.4216015448233826,0.7792207792207793,0.7365136876006442,0.037192681393066
diabetes,5,median+yeojohnson,0.4764072000980377,0.0076145465180922,0.1707892896277743,0.4218431546382334,0.7597402597402597,0.7150287571892973,0.0370189114050431
diabetes,5,median+yeojohnson+zscore,0.4737931191921234,0.0076145464612289,0.1707892900126842,0.4218431546382334,0.7727272727272727,0.730432608152038,0.0434741671983297
diabetes,5,median+winsor+yeojohnson,0.4744780957698822,0.0132690814789253,0.2309289093090767,0.4218529558783307,0.7662337662337663,0.724398488765162,0.0391788331719188
diabetes,5,median+winsor+yeojohnson+zscore,0.4752056002616882,0.0132690814789253,0.2309289093090767,0.4218529558783307,0.7727272727272727,0.730432608152038,0.0383023596429205
diabetes,5,median+quantile,0.4777506589889526,0.0080198518705602,0.1394550782882148,0.4190022744424898,0.7662337662337663,0.7275943396226415,0.0215755403041839
diabetes,5,median+quantile+zscore,0.4784323871135711,0.0080198518994141,0.1394550796368184,0.4190022744424898,0.7597402597402597,0.7184086978008402,0.0412743366383886
diabetes,5,median+winsor+quantile,0.4744774103164673,0.0207120432646013,0.3835353172631955,0.4269784496620328,0.7727272727272727,0.7336298492710649,0.0606406567158637
diabetes,5,median+winsor+quantile+zscore,0.474585086107254,0.020712043264601,0.3835353172631956,0.4269784496620328,0.7727272727272727,0.7336298492710649,0.0436227565461939
diabetes,5,knn,0.4725739657878876,0.0159445624513465,0.1769483047203137,0.4221310891822233,0.7597402597402597,0.7216006253969804,0.0458972868207213
diabetes,5,knn+zscore,0.4705982506275177,0.0159445625318597,0.1769483060902074,0.4221310891822233,0.7727272727272727,0.730432608152038,0.0615583263434372
diabetes,5,knn+winsor,0.475736141204834,0.013285199761727,0.1528273513982745,0.4252371576477689,0.7597402597402597,0.7184086978008402,0.0621929548003456
diabetes,5,knn+winsor+zscore,0.4732319116592407,0.013285199761727,0.1528273513982745,0.4252371576477689,0.7727272727272727,0.730432608152038,0.0587131369423556
diabetes,5,knn+yeojohnson,0.4721960127353668,0.0105969242442238,0.0826959762458979,0.422869418448042,0.7792207792207793,0.745578231292517,0.0753750197299115
diabetes,5,knn+yeojohnson+zscore,0.4725260138511657,0.0105969241739537,0.0826959735163862,0.422869418448042,0.7662337662337663,0.7275943396226415,0.0579772847039359
diabetes,5,knn+winsor+yeojohnson,0.4745602309703827,0.0108552941955043,0.0828548436140002,0.4238779290682404,0.7727272727272727,0.7366492402403869,0.0728295832485347
diabetes,5,knn+winsor+yeojohnson+zscore,0.4740442931652069,0.0108552941955045,0.0828548436140003,0.4238779290682404,0.7597402597402597,0.7184086978008402,0.0526945865773535
diabetes,5,knn+quantile,0.4729731678962707,0.010545702676849,0.0876532937946608,0.4183193314296735,0.7727272727272727,0.7366492402403869,0.0292393236191241
diabetes,5,knn+quantile+zscore,0.4749077260494232,0.010545702620714,0.087653296811055,0.4183193314296735,0.7727272727272727,0.7366492402403869,0.0735377998321087
diabetes,5,knn+winsor+quantile,0.4780211150646209,0.0155043492363298,0.2579858024308758,0.4285875173995128,0.7532467532467533,0.70908729369656,0.052531060847369
diabetes,5,knn+winsor+quantile+zscore,0.4799861311912536,0.0155043492363298,0.2579858024308758,0.4285875173995128,0.7532467532467533,0.70908729369656,0.060108454196484
diabetes,6,mean,0.5050744414329529,0.0117647716074508,0.2343377501760848,0.5073591594160606,0.7402597402597403,0.7068341899866742,0.0755608623678034
diabetes,6,mean+zscore,0.5056157112121582,0.0117647715631404,0.2343377498756827,0.5073591594160606,0.7402597402597403,0.7068341899866742,0.0742089183299572
diabetes,6,mean+winsor,0.5032703280448914,0.0079913215915971,0.2192744460835413,0.4967391459125408,0.7467532467532467,0.7155576604309732,0.0760468314220378
diabetes,6,mean+winsor+zscore,0.5064945816993713,0.0079913215915971,0.2192744460835413,0.4967391459125408,0.7402597402597403,0.7068341899866742,0.0827442829485063
diabetes,6,mean+yeojohnson,0.5188086628913879,0.0075134426272372,0.1728288663067494,0.4962683165297545,0.7467532467532467,0.7127277945185824,0.0556982089946796
diabetes,6,mean+yeojohnson+zscore,0.5154221057891846,0.0075134429145538,0.1728288672711755,0.4962683165297545,0.7402597402597403,0.7068341899866742,0.0662867926157914
diabetes,6,mean+winsor+yeojohnson,0.5139987468719482,0.0071006248186671,0.1814727225059538,0.4944261457141118,0.7402597402597403,0.7068341899866742,0.0749666516656999
diabetes,6,mean+winsor+yeojohnson+zscore,0.5131235718727112,0.0071006248186672,0.1814727225059537,0.4944261457141118,0.7532467532467533,0.7214924804873406,0.0565330080397717
diabetes,6,mean+quantile,0.5241280794143677,0.0068142110309192,0.1345678234221242,0.4983141867032678,0.7402597402597403,0.7068341899866742,0.0780933561263146
diabetes,6,mean+quantile+zscore,0.5238158702850342,0.0068142107997593,0.1345678251784486,0.4983141867032678,0.7402597402597403,0.7068341899866742,0.0873261783030126
diabetes,6,mean+winsor+quantile,0.5078075528144836,0.0072865269130344,0.3203668920280129,0.5057833789090997,0.7467532467532467,0.7182266009852216,0.074537623625297
diabetes,6,mean+winsor+quantile+zscore,0.5060110688209534,0.0072865269130346,0.3203668920280129,0.5057833789090997,0.7467532467532467,0.72074208397266,0.0617719517125711
diabetes,6,median,0.5036306977272034,0.0131384794604967,0.2576768978763836,0.5105247750384236,0.7467532467532467,0.7127277945185824,0.0529617883942343
diabetes,6,median+zscore,0.5029127597808838,0.0131384792127507,0.2576768944869064,0.5105247750384236,0.7467532467532467,0.7127277945185824,0.0565972188850502
diabetes,6,median+winsor,0.5038314461708069,0.0151218459454927,0.281935556145514,0.5047711697077325,0.7597402597402597,0.7326765188834155,0.0485662949549687
diabetes,6,median+winsor+zscore,0.5053113698959351,0.0151218459454928,0.281935556145514,0.5047711697077325,0.7597402597402597,0.7326765188834155,0.0564722821309968
diabetes,6,median+yeojohnson,0.5158564448356628,0.0077148164248461,0.1737534329559448,0.497458797343457,0.7337662337662337,0.7009708737864078,0.0718485449815725
diabetes,6,median+yeojohnson+zscore,0.514054536819458,0.0077148165950104,0.1737534344256705,0.497458797343457,0.7337662337662337,0.7009708737864078,0.0589339702160327
diabetes,6,median+winsor+yeojohnson,0.514357328414917,0.0130383202779725,0.2285477016854207,0.4996488197180238,0.7597402597402597,0.7326765188834155,0.0648183822631835
diabetes,6,median+winsor+yeojohnson+zscore,0.5166386961936951,0.0130383202779724,0.2285477016854206,0.4996488197180238,0.7467532467532467,0.7182266009852216,0.0546374204870942
diabetes,6,median+quantile,0.5142479538917542,0.0072148552027914,0.138078969887954,0.5031478624327529,0.7467532467532467,0.7155576604309732,0.0629815401194931
diabetes,6,median+quantile+zscore,0.5138251781463623,0.0072148552770634,0.1380789703246273,0.5031478624327529,0.7402597402597403,0.7096530920060332,0.073772111496368
diabetes,6,median+winsor+quantile,0.5029154419898987,0.0176020732434527,0.3699684028515264,0.5055418615587781,0.7727272727272727,0.7493839215139257,0.0624229311943054
diabetes,6,median+winsor+quantile+zscore,0.5030164122581482,0.0176020732434526,0.3699684028515264,0.5055418615587781,0.7727272727272727,0.7493839215139257,0.0671457841798856
diabetes,6,knn,0.5101212859153748,0.0150359611975862,0.1643428374990814,0.5076427481271772,0.7467532467532467,0.7155576604309732,0.0546472513830507
diabetes,6,knn+zscore,0.509276270866394,0.0150359611220082,0.1643428349774696,0.5076427481271772,0.7467532467532467,0.7155576604309732,0.0698870165007455
diabetes,6,knn+winsor,0.5082167387008667,0.0138978571848299,0.1422299515932115,0.5040170290074173,0.7402597402597403,0.7096530920060332,0.06130727854642
diabetes,6,knn+winsor+zscore,0.5078374743461609,0.0138978571848299,0.1422299515932115,0.5040170290074173,0.7467532467532467,0.7155576604309732,0.0633856031027707
diabetes,6,knn+yeojohnson,0.5183150768280029,0.0123716498971668,0.0805308987623407,0.4969182497056391,0.7467532467532467,0.7182266009852216,0.0491119859280524
diabetes,6,knn+yeojohnson+zscore,0.5166118741035461,0.0123716496190755,0.0805309002549582,0.4969182497056391,0.7467532467532467,0.7182266009852216,0.0620002541449162
diabetes,6,knn+winsor+yeojohnson,0.5159896016120911,0.0126111358159718,0.0805568477329505,0.4971618937401329,0.7402597402597403,0.7096530920060332,0.0665006273752683
diabetes,6,knn+winsor+yeojohnson+zscore,0.517706036567688,0.0126111358159719,0.0805568477329504,0.4971618937401329,0.7467532467532467,0.7155576604309732,0.0525563541170838
diabetes,6,knn+quantile,0.5228286981582642,0.0114021387551795,0.0842521976937757,0.4994075797612898,0.7402597402597403,0.7096530920060332,0.0540803601215412
diabetes,6,knn+quantile+zscore,0.5233941078186035,0.011402138912488,0.0842521980828362,0.4994075797612898,0.7402597402597403,0.7096530920060332,0.0510892690002144
diabetes,6,knn+winsor+quantile,0.5183497667312622,0.0123092924119704,0.2162809101910647,0.5140017187306691,0.7467532467532467,0.7155576604309732,0.0322074286349407
diabetes,6,knn+winsor+quantile+zscore,0.5192467570304871,0.0123092924119706,0.2162809101910647,0.5140017187306691,0.7337662337662337,0.703776683087028,0.0472357443400791
diabetes,7,mean,0.5490046143531799,0.0095479027554088,0.237471982301723,0.4607902314553602,0.7142857142857143,0.6707482993197278,0.0796679103529298
diabetes,7,mean+zscore,0.551101565361023,0.0095479032647602,0.2374719857099186,0.4607902314553602,0.7012987012987013,0.6519261006289309,0.0839114560709371
diabetes,7,mean+winsor,0.5592866539955139,0.0068155031630606,0.2179413579365886,0.4572963667542675,0.7272727272727273,0.6857142857142857,0.0809430104571503
diabetes,7,mean+winsor+zscore,0.5576847791671753,0.0068155031630606,0.2179413579365886,0.4572963667542675,0.7077922077922078,0.6614061660233547,0.1125420289380209
diabetes,7,mean+yeojohnson,0.5543414950370789,0.0068138563311692,0.1727618401604922,0.4573417668381144,0.7077922077922078,0.6614061660233547,0.0771078606704613
diabetes,7,mean+yeojohnson+zscore,0.5563660860061646,0.0068138563626682,0.1727618400670647,0.4573417668381144,0.7077922077922078,0.6614061660233547,0.0772490482051651
diabetes,7,mean+winsor+yeojohnson,0.5576488971710205,0.006559927388563,0.1810040818254054,0.4535551594375124,0.7142857142857143,0.667059748427673,0.0856816381603092
diabetes,7,mean+winsor+yeojohnson+zscore,0.5600520372390747,0.0065599273885629,0.1810040818254054,0.4535551594375124,0.7142857142857143,0.6742307692307692,0.0911034287570358
diabetes,7,mean+quantile,0.5673132538795471,0.0063778117176795,0.132556271305718,0.4543345429543046,0.7077922077922078,0.6575240919199407,0.1014994816346602
diabetes,7,mean+quantile+zscore,0.5643942952156067,0.0063778116791705,0.132556270725819,0.4543345429543046,0.7207792207792207,0.6764547808667611,0.1010515213786781
diabetes,7,mean+winsor+quantile,0.5615668296813965,0.0078273308399448,0.3259338004202975,0.4583998384459746,0.7207792207792207,0.6799574694311536,0.0846685380130619
diabetes,7,mean+winsor+quantile+zscore,0.5584849119186401,0.0078273308399448,0.3259338004202975,0.4583998384459746,0.7272727272727273,0.6890384615384615,0.0836274558073514
diabetes,7,median,0.5561025142669678,0.010637262811096,0.2603835292956932,0.46074168757752,0.7337662337662337,0.7009708737864078,0.0713360158654002
diabetes,7,median+zscore,0.558292806148529,0.0106372623352813,0.2603835290902391,0.46074168757752,0.7207792207792207,0.6863840871418423,0.0668506978394149
diabetes,7,median+winsor,0.545379638671875,0.0120713340930107,0.2832320184370376,0.4589025680913416,0.7207792207792207,0.6799574694311536,0.0609932011598116
diabetes,7,median+winsor+zscore,0.5478904843330383,0.0120713340930107,0.2832320184370376,0.4589025680913416,0.7207792207792207,0.6799574694311536,0.0607988122221711
diabetes,7,median+yeojohnson,0.5635308623313904,0.0068266772044651,0.1750573345353908,0.4567152271881222,0.7142857142857143,0.6742307692307692,0.0727083083097037
diabetes,7,median+yeojohnson+zscore,0.5623683333396912,0.0068266772712074,0.1750573340453031,0.4567152271881222,0.7142857142857143,0.6742307692307692,0.0863364079555908
diabetes,7,median+winsor+yeojohnson,0.5495920181274414,0.0111266380392359,0.2338517929919305,0.4565747735682375,0.7207792207792207,0.6799574694311536,0.0821993416780001
diabetes,7,median+winsor+yeojohnson+zscore,0.5490369200706482,0.0111266380392355,0.2338517929919307,0.4565747735682375,0.7207792207792207,0.6799574694311536,0.0726224954252119
diabetes,7,median+quantile,0.5749911069869995,0.0066431065262995,0.136285854878541,0.4512859874259335,0.7077922077922078,0.6650717703349283,0.0942965490477425
diabetes,7,median+quantile+zscore,0.5742343068122864,0.0066431065387891,0.1362858524479437,0.4512859874259335,0.7207792207792207,0.6799574694311536,0.1018688446515566
diabetes,7,median+winsor+quantile,0.5507292151451111,0.0174328965639263,0.3753275144818289,0.4628924125271683,0.6883116883116883,0.6367924528301887,0.0958090989620654
diabetes,7,median+winsor+quantile+zscore,0.5504474639892578,0.0174328965639263,0.3753275144818289,0.4628924125271683,0.7012987012987013,0.6557823129251701,0.0825139481525916
diabetes,7,knn,0.5544267892837524,0.0110838602786778,0.1860554680783956,0.4598757572613781,0.7012987012987013,0.6557823129251701,0.0795480473475022
diabetes,7,knn+zscore,0.5541812777519226,0.0110838604081643,0.1860554690833082,0.4598757572613781,0.7012987012987013,0.6594230769230769,0.0838232388744106
diabetes,7,knn+winsor,0.5586352944374084,0.0094338245980689,0.1526664780703636,0.4552923830124906,0.7012987012987013,0.6557823129251701,0.0822635397508547
diabetes,7,knn+winsor+zscore,0.5566919445991516,0.0094338245980689,0.1526664780703637,0.4552923830124906,0.6883116883116883,0.6446153846153846,0.1081770070187457
diabetes,7,knn+yeojohnson,0.5582177042961121,0.008905791314275,0.0877066365999597,0.4528621377910113,0.6883116883116883,0.6408163265306123,0.093831382788621
diabetes,7,knn+yeojohnson+zscore,0.5561625361442566,0.0089057914562746,0.0877066364789278,0.4528621377910113,0.6818181818181818,0.6353003721424775,0.0992686349850196
diabetes,7,knn+winsor+yeojohnson,0.5620822310447693,0.0090632227553777,0.0840836230165356,0.4492906028853742,0.6883116883116883,0.6446153846153846,0.0964919529952012
diabetes,7,knn+winsor+yeojohnson+zscore,0.5586550831794739,0.0090632227553775,0.0840836230165356,0.4492906028853742,0.6883116883116883,0.6446153846153846,0.0926146236332979
diabetes,7,knn+quantile,0.5616317987442017,0.0084516357563669,0.08700523355388,0.4491398857027461,0.6753246753246753,0.6258503401360545,0.1073588020615763
diabetes,7,knn+quantile+zscore,0.5625752210617065,0.0084516356757337,0.0870052325197563,0.4491398857027461,0.6818181818181818,0.6313089363365418,0.101578527069711
diabetes,7,knn+winsor+quantile,0.5606595277786255,0.0108595143720295,0.2498693294844458,0.4589176398096044,0.6948051948051948,0.6538001626249581,0.0919755217316862
diabetes,7,knn+winsor+quantile+zscore,0.5605173707008362,0.0108595143720295,0.2498693294844458,0.4589176398096044,0.6818181818181818,0.6353003721424775,0.1061945855617523
