{"final/reward":1,"final/selected_action_id":370,"gradients/q_net.q_net.2.weight":{"values":[4096],"bins":[0,0],"_type":"histogram"},"gradients/q_net.q_net.4.bias":{"bins":[-0.26621127128601074,-0.2620517313480377,-0.2578921616077423,-0.2537326216697693,-0.24957306683063507,-0.24541351199150085,-0.24125397205352783,-0.23709441721439362,-0.2329348623752594,-0.22877530753612518,-0.22461575269699097,-0.22045621275901794,-0.21629665791988373,-0.2121371030807495,-0.2079775631427765,-0.20381800830364227,-0.19965845346450806,-0.19549889862537384,-0.19133934378623962,-0.1871798038482666,-0.18302024900913239,-0.17886069416999817,-0.17470115423202515,-0.17054159939289093,-0.1663820445537567,-0.1622224897146225,-0.15806293487548828,-0.15390339493751526,-0.14974384009838104,-0.14558428525924683,-0.1414247453212738,-0.1372651904821396,-0.13310563564300537,-0.12894608080387115,-0.12478653341531754,-0.12062698602676392,-0.1164674311876297,-0.11230787634849548,-0.10814832895994186,-0.10398878157138824,-0.09982922673225403,-0.09566967189311981,-0.09151012450456619,-0.08735057711601257,-0.08319102227687836,-0.07903146743774414,-0.07487192004919052,-0.0707123726606369,-0.06655281782150269,-0.06239326670765877,-0.05823371559381485,-0.05407416447997093,-0.049914613366127014,-0.045755062252283096,-0.04159551113843918,-0.03743596002459526,-0.03327640891075134,-0.029116857796907425,-0.024957306683063507,-0.02079775556921959,-0.01663820445537567,-0.012478653341531754,-0.008319102227687836,-0.004159551113843918,0],"_type":"histogram","values":[1,0,0,0,0,0,0,0,0,0,0,0,0,0,0,0,0,0,0,0,0,0,0,0,0,0,0,0,0,0,0,0,0,0,0,0,0,0,0,0,0,0,0,0,0,0,0,0,0,0,0,0,0,0,0,0,4,3,2,0,0,0,0,1946]},"_step":2948,"_wandb":{"runtime":97},"rollout/ep_len_mean":1,"global_step":2000,"_timestamp":1.770306725091948e+09,"train/learning_rate":0.001,"rollout/ep_rew_mean":0.99955004,"gradients/q_net.q_net.0.weight":{"_type":"histogram","values":[704],"bins":[0,0]},"final/pipeline_str":"MinMaxScaler(name='MinMaxScaler', path='preparation.scaling', columns=None, exclude=None, params={}) -> MFImputer(name='MFImputer', path='cleaning.imputation', columns=None, exclude=None, params={'missing_values': nan, 'strategy': 'most_frequent', 'fill_value': None, 'keep_empty_features': False, 'rank': 10, 'max_iter': 200, 'random_state': None}) -> IQROutlierCleaner(name='IQROutlierCleaner', path='cleaning.outlier_detection', columns=None, exclude=None, params={'factor': 1.5, 'method': 'mask', 'numeric_only': True}) -> MeanImputer(name='MeanImputer', path='cleaning.imputation', columns=None, exclude=None, params={'missing_values': nan, 'strategy': 'mean', 'fill_value': None, 'keep_empty_features': False})","train/loss":0.18243006,"gradients/q_net.q_net.0.bias":{"values":[64],"bins":[0,0],"_type":"histogram"},"gradients/q_net.q_net.4.weight":{"_type":"histogram","values":[125184],"bins":[0,0]},"_runtime":97,"rollout/exploration_rate":0.05,"gradients/q_net.q_net.2.bias":{"_type":"histogram","values":[64],"bins":[0,0]},"time/fps":20}